id,date,titulaire-soutien,target_label,split,LOF_Score,is_statistical_outlier
EL193_L_1993_03_062_02_1_PF_08,1993-03-21,Nouveaux écologistes du rassemblement nature et animaux,ECO,train,5.3617964e+07,True
EL195_L_1993_03_075_12_1_PF_13,1993-03-21,Nouveaux écologistes du rassemblement nature et animaux,ECO,train,4.343927e+07,True
EL193_L_1993_03_059_24_1_PF_08,1993-03-21,Nouveaux écologistes du rassemblement nature et animaux,ECO,train,2.9489852e+07,True
EL191_L_1993_03_031_03_1_PF_11,1993-03-21,Nouveaux écologistes du rassemblement nature et animaux,ECO,train,2.8848056e+07,True
EL196_L_1993_03_076_09_1_PF_06,1993-03-21,Nouveaux écologistes du rassemblement nature et animaux,ECO,train,2.5881602e+07,True
EL197_L_1993_03_084_02_1_PF_08,1993-03-21,Nouveaux écologistes du rassemblement nature et animaux,ECO,train,2.429903e+07,True
EL195_L_1993_03_075_13_1_PF_08,1993-03-21,Nouveaux écologistes du rassemblement nature et animaux,ECO,train,2.299845e+07,True
EL197_L_1993_03_085_05_1_PF_07,1993-03-21,Nouveaux écologistes du rassemblement nature et animaux,ECO,test,2.2188942e+07,True
EL190_L_1993_03_024_02_1_PF_11,1993-03-21,Nouveaux écologistes du rassemblement nature et animaux,ECO,train,2.178639e+07,True
EL192_L_1993_03_051_06_1_PF_09,1993-03-21,Nouveaux écologistes du rassemblement nature et animaux;Union nationale écologiste;Parti pour la défense des animaux;Mouvement universaliste,ECO,train,2.0177674e+07,True
EL193_L_1993_03_060_02_1_PF_08,1993-03-21,Nouveaux écologistes du rassemblement nature et animaux,ECO,test,1.9648704e+07,True
EL192_L_1993_03_057_05_1_PF_09,1993-03-21,Nouveaux écologistes du rassemblement nature et animaux;Union nationale écologiste;Parti pour la défense des animaux;Mouvement universaliste,ECO,train,1.859963e+07,True
EL193_L_1993_03_062_13_1_PF_08,1993-03-21,Nouveaux écologistes du rassemblement nature et animaux,ECO,train,1.784794e+07,True
EL195_L_1993_03_075_06_1_PF_13,1993-03-21,Nouveaux écologistes du rassemblement nature et animaux,ECO,train,1.6774382e+07,True
EL191_L_1993_03_040_03_1_PF_06,1993-03-21,Nouveaux écologistes du rassemblement nature et animaux,ECO,train,1.6408235e+07,True
EL192_L_1993_03_056_05_1_PF_12,1993-03-21,Nouveaux écologistes du rassemblement nature et animaux;Union nationale écologiste;Parti pour la défense des animaux;Mouvement universaliste,ECO,train,1.5535168e+07,True
EL191_L_1993_03_042_01_1_PF_07,1993-03-21,Nouveaux écologistes du rassemblement nature et animaux,ECO,train,1.5432278e+07,True
EL190_L_1993_03_022_01_1_PF_03,1993-03-21,Lutte ouvrière,FAR_LEFT,train,1.5292911e+07,True
EL192_L_1993_03_054_05_1_PF_10,1993-03-21,Nouveaux écologistes du rassemblement nature et animaux;Union nationale écologiste;Parti pour la défense des animaux;Mouvement universaliste,ECO,train,1.5112108e+07,True
EL193_L_1993_03_060_03_1_PF_12,1993-03-21,Nouveaux écologistes du rassemblement nature et animaux,ECO,test,1.4967325e+07,True
EL191_L_1993_03_035_05_1_PF_09,1993-03-21,Nouveaux écologistes du rassemblement nature et animaux,ECO,train,1.4232994e+07,True
EL193_L_1993_03_063_06_1_PF_07,1993-03-21,Nouveaux écologistes du rassemblement nature et animaux,ECO,train,1.4032483e+07,True
EL191_L_1993_03_034_03_1_PF_08,1993-03-21,Nouveaux écologistes du rassemblement nature et animaux;Union nationale écologiste;Parti pour la défense des animaux;Mouvement universaliste,ECO,train,1.3945698e+07,True
EL189_L_1993_03_005_01_1_PF_08,1993-03-21,Nouveaux écologistes du rassemblement nature et animaux,ECO,train,1.3934007e+07,True
EL194_L_1993_03_070_03_1_PF_08,1993-03-21,Nouveaux écologistes du rassemblement nature et animaux,ECO,train,1.3404492e+07,True
EL197_L_1993_03_091_07_1_PF_06,1993-03-21,Lutte ouvrière,FAR_LEFT,train,1.3151691e+07,True
EL197_L_1993_03_084_01_1_PF_12,1993-03-21,Nouveaux écologistes du rassemblement nature et animaux,ECO,train,1.3054019e+07,True
EL192_L_1993_03_046_01_1_PF_09,1993-03-21,Nouveaux écologistes du rassemblement nature et animaux;Union nationale écologiste;Parti pour la défense des animaux;Mouvement universaliste,ECO,train,1.2277764e+07,True
EL196_L_1993_03_078_04_1_PF_07,1993-03-21,Nouveaux écologistes du rassemblement nature et animaux,ECO,train,1.2080076e+07,True
EL197_L_1993_03_089_02_1_PF_08,1993-03-21,Nouveaux écologistes du rassemblement nature et animaux,ECO,train,1.1777679e+07,True
EL192_L_1993_03_044_10_1_PF_08,1993-03-21,Nouveaux écologistes du rassemblement nature et animaux;Union nationale écologiste;Parti pour la défense des animaux;Mouvement universaliste,ECO,train,1.0391077e+07,True
EL191_L_1993_03_040_02_1_PF_06,1993-03-21,Nouveaux écologistes du rassemblement nature et animaux,ECO,train,1.0308468e+07,True
EL191_L_1993_03_033_01_1_PF_01,1993-03-21,Lutte ouvrière,FAR_LEFT,train,1.0273137e+07,True
EL193_L_1993_03_060_04_1_PF_09,1993-03-21,Nouveaux écologistes du rassemblement nature et animaux,ECO,train,1.0088686e+07,True
EL191_L_1993_03_042_04_1_PF_09,1993-03-21,Nouveaux écologistes du rassemblement nature et animaux;Union nationale écologiste;Parti pour la défense des animaux;Mouvement universaliste,ECO,train,9.930134e+06,True
EL189_L_1993_03_008_03_1_PF_08,1993-03-21,Nouveaux écologistes du rassemblement nature et animaux,ECO,test,9.624363e+06,True
EL192_L_1993_03_057_03_1_PF_13,1993-03-21,Nouveaux écologistes du rassemblement nature et animaux;Union nationale écologiste;Parti pour la défense des animaux;Mouvement universaliste,ECO,train,9.000303e+06,True
EL195_L_1993_03_073_03_1_PF_09,1993-03-21,Nouveaux écologistes du rassemblement nature et animaux,ECO,train,8.632265e+06,True
EL189_L_1993_03_011_02_1_PF_08,1993-03-21,Nouveaux écologistes du rassemblement nature et animaux,ECO,test,8.632265e+06,True
EL193_L_1993_03_059_14_1_PF_10,1993-03-21,Nouveaux écologistes du rassemblement nature et animaux,ECO,test,8.392859e+06,True
EL191_L_1993_03_037_01_1_PF_09,1993-03-21,Nouveaux écologistes du rassemblement nature et animaux,ECO,test,8.392859e+06,True
EL194_L_1993_03_070_01_1_PF_07,1993-03-21,Nouveaux écologistes du rassemblement nature et animaux,ECO,test,8.392859e+06,True
EL193_L_1993_03_059_19_1_PF_06,1993-03-21,Nouveaux écologistes du rassemblement nature et animaux,ECO,train,8.392859e+06,True
EL190_L_1993_03_021_02_1_PF_07,1993-03-21,Nouveaux écologistes du rassemblement nature et animaux,ECO,train,7.8177455e+06,True
EL191_L_1993_03_038_03_1_PF_01,1993-03-21,Lutte ouvrière,FAR_LEFT,test,7.726449e+06,True
EL191_L_1993_03_038_04_1_PF_04,1993-03-21,Lutte ouvrière,FAR_LEFT,test,7.726449e+06,True
EL191_L_1993_03_035_05_1_PF_01,1993-03-21,Lutte ouvrière,FAR_LEFT,test,7.726449e+06,True
EL196_L_1993_03_076_03_1_PF_02,1993-03-21,Lutte ouvrière,FAR_LEFT,train,7.577134e+06,True
EL198_L_1993_03_093_09_1_PF_11,1993-03-21,Nouveaux écologistes du rassemblement nature et animaux,ECO,train,6.340146e+06,True
EL191_L_1993_03_038_03_1_PF_11,1993-03-21,Nouveaux écologistes du rassemblement nature et animaux,ECO,train,6.1824595e+06,True
EL189_L_1993_03_007_01_1_PF_08,1993-03-21,Nouveaux écologistes du rassemblement nature et animaux,ECO,train,6.1807895e+06,True
EL197_L_1993_03_090_01_1_PF_07,1993-03-21,Nouveaux écologistes du rassemblement nature et animaux,ECO,train,6.1807895e+06,True
EL192_L_1993_03_054_04_1_PF_09,1993-03-21,Nouveaux écologistes du rassemblement nature et animaux;Union nationale écologiste;Parti pour la défense des animaux;Mouvement universaliste,ECO,train,6.1807895e+06,True
EL191_L_1993_03_041_03_1_PF_07,1993-03-21,Nouveaux écologistes du rassemblement nature et animaux,ECO,train,6.026509e+06,True
EL192_L_1993_03_053_03_1_PF_08,1993-03-21,Nouveaux écologistes du rassemblement nature et animaux;Union nationale écologiste;Parti pour la défense des animaux;Mouvement universaliste,ECO,test,5.6543355e+06,True
EL195_L_1993_03_072_02_1_PF_10,1993-03-21,Nouveaux écologistes du rassemblement nature et animaux,ECO,train,5.6543355e+06,True
EL198_L_1993_03_092_11_1_PF_14,1993-03-21,Nouveaux écologistes du rassemblement nature et animaux,ECO,train,5.6543355e+06,True
EL191_L_1993_03_037_02_1_PF_07,1993-03-21,Nouveaux écologistes du rassemblement nature et animaux,ECO,test,5.6543355e+06,True
EL198_L_1993_03_094_03_1_PF_11,1993-03-21,Nouveaux écologistes du rassemblement nature et animaux,ECO,train,5.586045e+06,True
EL196_L_1993_03_078_02_1_PF_06,1993-03-21,Nouveaux écologistes du rassemblement nature et animaux,ECO,test,5.2714645e+06,True
EL193_L_1993_03_059_16_1_PF_08,1993-03-21,Nouveaux écologistes du rassemblement nature et animaux,ECO,train,5.2714645e+06,True
EL189_L_1993_03_012_02_1_PF_07,1993-03-21,Nouveaux écologistes du rassemblement nature et animaux,ECO,train,5.2714645e+06,True
EL191_L_1993_03_037_04_1_PF_09,1993-03-21,Nouveaux écologistes du rassemblement nature et animaux,ECO,test,5.2059285e+06,True
EL191_L_1993_03_033_06_1_PF_05,1993-03-21,Lutte ouvrière,FAR_LEFT,test,5.1047765e+06,True
EL197_L_1993_03_091_04_1_PF_08,1993-03-21,Nouveaux écologistes du rassemblement nature et animaux,ECO,train,4.6749685e+06,True
EL195_L_1993_03_071_03_1_PF_08,1993-03-21,Nouveaux écologistes du rassemblement nature et animaux,ECO,train,4.6749685e+06,True
EL196_L_1993_03_078_12_1_PF_05,1993-03-21,Lutte ouvrière,FAR_LEFT,train,4.6595055e+06,True
EL194_L_1993_03_066_01_1_PF_01,1993-03-21,Lutte ouvrière,FAR_LEFT,train,4.382537e+06,True
EL191_L_1993_03_032_02_1_PF_07,1993-03-21,Nouveaux écologistes du rassemblement nature et animaux,ECO,test,4.344899e+06,False
EL196_L_1993_03_076_04_1_PF_08,1993-03-21,Lutte ouvrière,FAR_LEFT,test,4.191241e+06,False
EL193_L_1993_03_059_05_1_PF_08,1993-03-21,Nouveaux écologistes du rassemblement nature et animaux,ECO,train,4.080469e+06,False
EL190_L_1993_03_030_05_1_PF_01,1993-03-21,Lutte ouvrière,FAR_LEFT,test,3.8884982e+06,False
EL190_L_1993_03_018_01_1_PF_01,1993-03-21,Lutte ouvrière,FAR_LEFT,train,3.15706e+06,False
EL198_L_1993_03_093_10_1_PF_13,1993-03-21,Nouveaux écologistes du rassemblement nature et animaux,ECO,train,2.4001138e+06,False
EL195_L_1993_03_075_19_1_PF_13,1993-03-21,Nouveaux écologistes du rassemblement nature et animaux,ECO,test,2.2741285e+06,False
EL192_L_1993_03_044_09_1_PF_10,1993-03-21,Nouveaux écologistes du rassemblement nature et animaux;Union nationale écologiste;Parti pour la défense des animaux;Mouvement universaliste,ECO,test,1.681448e+06,False
EL194_L_1993_03_069_01_1_PF_10,1993-03-21,Nouveaux écologistes du rassemblement nature et animaux,ECO,train,1.681448e+06,False
EL194_L_1993_03_064_04_1_PF_08,1993-03-21,Nouveaux écologistes du rassemblement nature et animaux,ECO,train,1.681448e+06,False
EL193_L_1993_03_059_22_1_PF_09,1993-03-21,Nouveaux écologistes du rassemblement nature et animaux,ECO,train,1.6405462e+06,False
EL192_L_1993_03_057_04_1_PF_08,1993-03-21,Nouveaux écologistes du rassemblement nature et animaux;Union nationale écologiste;Parti pour la défense des animaux;Mouvement universaliste,ECO,train,1.5709012e+06,False
EL192_L_1993_03_057_07_1_PF_08,1993-03-21,Nouveaux écologistes du rassemblement nature et animaux;Union nationale écologiste;Parti pour la défense des animaux;Mouvement universaliste,ECO,train,1.5709012e+06,False
EL192_L_1993_03_044_03_1_PF_10,1993-03-21,Nouveaux écologistes du rassemblement nature et animaux;Union nationale écologiste;Parti pour la défense des animaux;Mouvement universaliste,ECO,test,1.5709012e+06,False
EL189_L_1993_03_006_07_1_PF_10,1993-03-21,Nouveaux écologistes du rassemblement nature et animaux,ECO,train,1.5082028e+06,False
EL196_L_1993_03_078_01_1_PF_09,1993-03-21,Nouveaux écologistes du rassemblement nature et animaux,ECO,train,1.2807354e+06,False
EL193_L_1993_03_059_07_1_PF_10,1993-03-21,Nouveaux écologistes du rassemblement nature et animaux,ECO,test,1.2807354e+06,False
EL189_L_1993_03_013_07_1_PF_09,1993-03-21,Nouveaux écologistes du rassemblement nature et animaux,ECO,test,1.0664474e+06,False
EL194_L_1993_03_067_02_1_PF_09,1993-03-21,Nouveaux écologistes du rassemblement nature et animaux,ECO,train,1.0664474e+06,False
EL194_L_1993_03_066_03_1_PF_09,1993-03-21,Nouveaux écologistes du rassemblement nature et animaux,ECO,train,1.0664474e+06,False
EL194_L_1993_03_066_01_1_PF_11,1993-03-21,Nouveaux écologistes du rassemblement nature et animaux,ECO,train,1.0664474e+06,False
EL196_L_1993_03_076_10_1_PF_06,1993-03-21,Nouveaux écologistes du rassemblement nature et animaux,ECO,train,1.0664474e+06,False
EL195_L_1993_03_075_18_1_PF_12,1993-03-21,Nouveaux écologistes du rassemblement nature et animaux,ECO,train,1.0664474e+06,False
EL190_L_1993_03_029_01_1_PF_08,1993-03-21,Nouveaux écologistes du rassemblement nature et animaux,ECO,test,1.0664474e+06,False
EL193_L_1993_03_059_03_1_PF_08,1993-03-21,Nouveaux écologistes du rassemblement nature et animaux,ECO,test,1.0664474e+06,False
EL197_L_1993_03_091_09_1_PF_10,1993-03-21,Nouveaux écologistes du rassemblement nature et animaux,ECO,test,972229.7,False
EL193_L_1993_03_062_04_1_PF_07,1993-03-21,Nouveaux écologistes du rassemblement nature et animaux,ECO,train,972229.7,False
EL191_L_1993_03_033_01_1_PF_08,1993-03-21,Nouveaux écologistes du rassemblement nature et animaux;Union nationale écologiste;Parti pour la défense des animaux;Mouvement universaliste,ECO,train,884851.8,False
EL190_L_1993_03_017_03_1_PF_06,1993-03-21,Nouveaux écologistes du rassemblement nature et animaux,ECO,train,884851.8,False
EL190_L_1993_03_018_01_1_PF_07,1993-03-21,Nouveaux écologistes du rassemblement nature et animaux,ECO,train,884851.8,False
EL196_L_1993_03_081_03_1_PF_07,1993-03-21,Nouveaux écologistes du rassemblement nature et animaux,ECO,test,884851.8,False
EL192_L_1993_03_055_02_1_PF_11,1993-03-21,Nouveaux écologistes du rassemblement nature et animaux,ECO,train,884851.8,False
EL198_L_1993_03_095_03_1_PF_09,1993-03-21,Nouveaux écologistes du rassemblement nature et animaux,ECO,train,884851.8,False
EL197_L_1993_03_082_02_1_PF_08,1993-03-21,Nouveaux écologistes du rassemblement nature et animaux,ECO,train,884851.8,False
EL191_L_1993_03_031_05_1_PF_07,1993-03-21,Nouveaux écologistes du rassemblement nature et animaux,ECO,train,884851.8,False
EL192_L_1993_03_050_01_1_PF_08,1993-03-21,Nouveaux écologistes du rassemblement nature et animaux;Union nationale écologiste;Parti pour la défense des animaux;Mouvement universaliste,ECO,train,884851.8,False
EL191_L_1993_03_042_03_1_PF_12,1993-03-21,Nouveaux écologistes du rassemblement nature et animaux;Union nationale écologiste;Parti pour la défense des animaux;Mouvement universaliste,ECO,train,884851.8,False
EL189_L_1993_03_013_05_1_PF_11,1993-03-21,Nouveaux écologistes du rassemblement nature et animaux,ECO,train,884851.8,False
EL198_L_1993_03_093_01_1_PF_10,1993-03-21,Nouveaux écologistes du rassemblement nature et animaux,ECO,train,884851.8,False
EL198_L_1993_03_094_07_1_PF_09,1993-03-21,Nouveaux écologistes du rassemblement nature et animaux,ECO,test,884851.8,False
EL198_L_1993_03_095_05_1_PF_12,1993-03-21,Nouveaux écologistes du rassemblement nature et animaux,ECO,train,884851.8,False
EL190_L_1993_03_026_01_1_PF_01,1993-03-21,Lutte ouvrière,FAR_LEFT,train,407100.62,False
EL192_L_1993_03_054_03_1_PF_03,1993-03-21,Lutte ouvrière,FAR_LEFT,train,265241.72,False
EL197_L_1993_03_083_07_1_PF_07,1993-03-21,Nouveaux écologistes du rassemblement nature et animaux,ECO,train,8369.945,False
EL191_L_1993_03_031_04_1_PF_09,1993-03-21,Nouveaux écologistes du rassemblement nature et animaux,ECO,train,3027.3206,False
EL190_L_1993_03_028_02_1_PF_10,1993-03-21,Nouveaux écologistes du rassemblement nature et animaux,ECO,train,1058.8755,False
EL137_L_1981_06_093_06_1_PF_02,1981-06-14,Lutte ouvrière,FAR_LEFT,train,27.648336,False
EL196_L_1993_03_076_08_1_PF_11,1993-03-21,Nouveaux écologistes du rassemblement nature et animaux,ECO,train,18.58484,False
EL135_L_1981_06_057_03_2_PF_02,1981-06-21,Rassemblement pour la République,RIGHT_RPR,train,12.169238,False
EL198_L_1993_03_093_12_1_PF_01,1993-03-21,Front national,FAR_RIGHT_FN,train,11.78452,False
EL136_L_1981_06_071_01_1_PF_01,1981-06-14,Parti socialiste,LEFT_PS,train,8.441261,False
EL135_L_1981_06_062_07_1_PF_05,1981-06-14,Association nationale Pétain-Verdun;Mouvement populiste français;Front national,FAR_RIGHT_FN,train,8.423995,False
EL134_L_1981_06_02A_01_1_PF_03,1981-06-14,Mouvement des radicaux de gauche,LEFT_PS,train,8.417175,False
EL193_L_1993_03_063_01_1_PF_10,1993-03-21,Nouveaux écologistes du rassemblement nature et animaux,ECO,train,8.321755,False
EL196_L_1993_03_080_01_2_PF_02,1993-03-28,Union pour la démocratie française;Rassemblement pour la République,RIGHT_UPF,train,8.089618,False
EL174_L_1988_06_026_04_1_PF_01,1988-06-05,Parti communiste français,LEFT_PCF,train,8.021424,False
EL192_L_1993_03_044_01_1_PF_08,1993-03-21,Nouveaux écologistes du rassemblement nature et animaux;Union nationale écologiste;Parti pour la défense des animaux;Mouvement universaliste,ECO,train,7.8507066,False
EL191_L_1993_03_033_11_2_PF_01,1993-03-28,Union pour la démocratie française;Rassemblement pour la République;Centre national des indépendants,RIGHT_UPF,test,7.794458,False
EL137_L_1981_06_080_03_1_PF_04,1981-06-14,Mouvement des radicaux de gauche;gaullistes de gauche;Mouvement des démocrates,LEFT_PS,test,7.724691,False
EL174_L_1988_06_026_01_1_PF_01,1988-06-05,Parti communiste français,LEFT_PCF,train,7.679698,False
EL177_L_1988_06_094_02_1_PF_03,1988-06-05,Rassemblement pour la République;Union pour la démocratie française,RIGHT_URC,train,7.5633984,False
EL198_L_1993_03_093_10_2_PF_02,1993-03-28,Front national,FAR_RIGHT_FN,train,7.4521885,False
EL190_L_1993_03_018_02_1_PF_10,1993-03-21,Nouveaux écologistes du rassemblement nature et animaux,ECO,train,7.4212627,False
EL174_L_1988_06_013_08_1_PF_04,1988-06-05,Rassemblement pour la République;Union pour la démocratie française,RIGHT_URC,train,7.346366,False
EL191_L_1993_03_042_05_1_PF_07,1993-03-21,Nouveaux écologistes du rassemblement nature et animaux;Union nationale écologiste;Parti pour la défense des animaux;Mouvement universaliste,ECO,train,7.0834994,False
EL176_L_1988_06_059_21_1_PF_02,1988-06-05,Parti communiste français,LEFT_PCF,train,7.0365524,False
EL198_L_1993_03_093_08_2_PF_02,1993-03-28,Front national,FAR_RIGHT_FN,train,7.007672,False
EL134_L_1981_06_034_01_1_PF_01,1981-06-14,Front national,FAR_RIGHT_FN,train,6.977327,False
EL192_L_1993_03_049_07_1_PF_06,1993-03-21,Nouveaux écologistes du rassemblement nature et animaux;Union nationale écologiste;Parti pour la défense des animaux;Mouvement universaliste,ECO,train,6.9384027,False
EL136_L_1981_06_069_02_1_PF_01,1981-06-14,Parti socialiste,LEFT_PS,train,6.924899,False
EL193_L_1993_03_059_07_1_PF_01,1993-03-21,Front national,FAR_RIGHT_FN,train,6.8860974,False
EL176_L_1988_06_068_03_1_PF_01,1988-06-05,Front national,FAR_RIGHT_FN,test,6.772834,False
EL137_L_1981_06_078_01_2_PF_02,1981-06-21,Rassemblement pour la République;Union pour la démocratie française,RIGHT_UNM,train,6.745261,False
EL134_L_1981_06_024_02_2_PF_02,1981-06-21,Rassemblement pour la République;Union pour la démocratie française;Mouvement pour le socialisme par la participation;Radicaux-socialistes;Centre national des indépendants,LEFT_PS,train,6.6965337,False
EL174_L_1988_06_006_03_1_PF_05,1988-06-05,Front national,FAR_RIGHT_FN,train,6.6790543,False
EL177_L_1988_06_093_05_1_PF_05,1988-06-05,Rassemblement pour la République;Union pour la démocratie française,RIGHT_URC,train,6.5448985,False
EL136_L_1981_06_075_26_1_PF_05,1981-06-14,Union pour la démocratie française,RIGHT_UDF,train,6.5382977,False
EL196_L_1993_03_077_05_1_PF_07,1993-03-21,Front national,FAR_RIGHT_FN,train,6.505882,False
EL194_L_1993_03_066_01_1_PF_08,1993-03-21,Front national,FAR_RIGHT_FN,train,6.445123,False
EL197_L_1993_03_083_04_1_PF_07,1993-03-21,Nouveaux écologistes du rassemblement nature et animaux,ECO,train,6.4251328,False
EL177_L_1988_06_075_06_2_PF_02,1988-06-12,Rassemblement pour la République;Union pour la démocratie française,RIGHT_URC,train,6.34458,False
EL197_L_1993_03_090_02_1_PF_08,1993-03-21,Union pour la démocratie française;Rassemblement pour la République,RIGHT_UPF,train,6.24136,False
EL196_L_1993_03_080_02_1_PF_03,1993-03-21,Parti socialiste,LEFT_PS,test,6.197817,False
EL198_L_1993_03_092_01_1_PF_02,1993-03-21,Front national,FAR_RIGHT_FN,test,6.1709166,False
EL192_L_1993_03_049_02_2_PF_01,1993-03-28,Parti socialiste,LEFT_PS,train,5.999878,False
EL196_L_1993_03_081_04_1_PF_07,1993-03-21,Nouveaux écologistes du rassemblement nature et animaux,ECO,train,5.9762063,False
EL175_L_1988_06_043_02_1_PF_02,1988-06-05,Parti communiste français,LEFT_PCF,train,5.8761473,False
EL197_L_1993_03_083_01_1_PF_08,1993-03-21,Nouveaux écologistes du rassemblement nature et animaux,ECO,train,5.8355203,False
EL176_L_1988_06_062_08_1_PF_02,1988-06-05,Front national,FAR_RIGHT_FN,train,5.77928,False
EL198_L_1993_03_094_10_2_PF_02,1993-03-28,Rassemblement pour la République;Union pour la démocratie française,RIGHT_UPF,train,5.7654133,False
EL134_L_1981_06_013_03_2_PF_02,1981-06-21,Rassemblement pour la République;Parti républicain;Centre des démocrates sociaux,RIGHT_RPR,train,5.616662,False
EL190_L_1993_03_017_03_1_PF_04,1993-03-21,Rassemblement pour la République;Union pour la démocratie française,RIGHT_UPF,train,5.488912,False
EL197_L_1993_03_083_02_1_PF_10,1993-03-21,Nouveaux écologistes du rassemblement nature et animaux,ECO,train,5.452058,False
EL191_L_1993_03_031_05_2_PF_01,1993-03-28,Parti socialiste;Mouvement des radicaux de gauche,LEFT_PS,test,5.4400887,False
EL137_L_1981_06_093_07_1_PF_07,1981-06-14,Union pour la démocratie française,RIGHT_UDF,train,5.4351826,False
EL135_L_1981_06_057_01_1_PF_02,1981-06-14,Union pour la démocratie française;Rassemblement pour la République,RIGHT_UNM,train,5.397319,False
EL174_L_1988_06_015_02_1_PF_04,1988-06-05,Parti communiste français,LEFT_PCF,test,5.3897805,False
EL134_L_1981_06_035_05_1_PF_02,1981-06-14,Parti socialiste,LEFT_PS,train,5.3830533,False
EL192_L_1993_03_049_06_1_PF_07,1993-03-21,Nouveaux écologistes du rassemblement nature et animaux;Union nationale écologiste;Parti pour la défense des animaux;Mouvement universaliste,ECO,test,5.3320346,False
EL176_L_1988_06_064_05_1_PF_02,1988-06-05,Union pour la démocratie française,RIGHT_UDF,train,5.3216705,False
EL191_L_1993_03_034_03_2_PF_02,1993-03-28,Union pour la démocratie française;Rassemblement pour la République;Centre national des indépendants;Union du centre;divers droite,RIGHT_UPF,test,5.307269,False
EL134_L_1981_06_008_02_1_PF_01,1981-06-14,Rassemblement pour la République;Union pour la démocratie française,RIGHT_UNM,train,5.2425613,False
EL135_L_1981_06_051_02_2_PF_02,1981-06-21,Rassemblement pour la République;Union pour la démocratie française;Centre national des indépendants et paysans,RIGHT_UNM,train,5.233723,False
EL191_L_1993_03_033_11_1_PF_04,1993-03-21,Union pour la démocratie française;Rassemblement pour la République;Centre national des indépendants,RIGHT_UPF,train,5.166659,False
EL194_L_1993_03_067_03_1_PF_10,1993-03-21,Parti communiste français,LEFT_PCF,train,5.164515,False
EL174_L_1988_06_013_07_1_PF_04,1988-06-05,Front national,FAR_RIGHT_FN,train,5.1287737,False
EL197_L_1993_03_089_01_1_PF_07,1993-03-21,Front national,FAR_RIGHT_FN,train,5.116346,False
EL192_L_1993_03_050_03_1_PF_01,1993-03-21,Parti communiste français,LEFT_PCF,train,5.110209,False
EL197_L_1993_03_083_05_1_PF_07,1993-03-21,Nouveaux écologistes du rassemblement nature et animaux,ECO,train,5.108577,False
EL198_L_1993_03_093_04_1_PF_05,1993-03-21,Front national,FAR_RIGHT_FN,train,5.0778074,False
EL177_L_1988_06_083_03_1_PF_04,1988-06-05,Rassemblement pour la République;Union pour la démocratie française,RIGHT_URC,train,5.074171,False
EL174_L_1988_06_013_07_2_PF_02,1988-06-12,Front national,FAR_RIGHT_FN,test,5.0721674,False
EL135_L_1981_06_059_06_1_PF_03,1981-06-14,Rassemblement pour la République,RIGHT_RPR,test,5.0404363,False
EL191_L_1993_03_040_03_2_PF_01,1993-03-28,Parti socialiste,LEFT_PS,train,5.0379443,False
EL189_L_1993_03_013_07_2_PF_01,1993-03-28,Front national,FAR_RIGHT_FN,test,5.021186,False
EL137_L_1981_06_089_01_2_PF_01,1981-06-21,Parti socialiste,LEFT_PS,train,5.0186086,False
EL198_L_1993_03_092_03_1_PF_03,1993-03-21,Front national,FAR_RIGHT_FN,train,5.002774,False
EL197_L_1993_03_083_03_2_PF_01,1993-03-28,Front national,FAR_RIGHT_FN,train,5.0013785,False
EL190_L_1993_03_017_01_1_PF_04,1993-03-21,Mouvement des radicaux de gauche;Parti socialiste,LEFT_PS,train,4.971089,False
EL135_L_1981_06_050_03_1_PF_02,1981-06-14,Socialistes,LEFT_PS,test,4.91496,False
EL135_L_1981_06_042_01_2_PF_02,1981-06-21,Parti radical-socialiste;Mouvement des démocrates sociaux;Parti républicain;Centre national des indépendants;Centre des démocrates sociaux;Union pour la démocratie française,LEFT_PS,train,4.898126,False
EL174_L_1988_06_006_06_1_PF_03,1988-06-05,Rassemblement pour la République,RIGHT_RPR,train,4.861136,False
EL175_L_1988_06_038_08_2_PF_01,1988-06-12,Rassemblement pour la République;Union pour la démocratie française,RIGHT_URC,train,4.850171,False
EL176_L_1988_06_059_24_1_PF_04,1988-06-05,Rassemblement pour la République;Union pour la démocratie française,RIGHT_URC,train,4.833044,False
EL194_L_1993_03_069_12_1_PF_06,1993-03-21,Parti socialiste,LEFT_PS,train,4.777362,False
EL197_L_1993_03_089_03_1_PF_06,1993-03-21,Front national,FAR_RIGHT_FN,test,4.774796,False
EL190_L_1993_03_024_01_1_PF_08,1993-03-21,Nouveaux écologistes du rassemblement nature et animaux,ECO,train,4.7576647,False
EL137_L_1981_06_076_09_1_PF_01,1981-06-14,Lutte ouvrière,FAR_LEFT,test,4.7496433,False
EL177_L_1988_06_093_09_1_PF_02,1988-06-05,Parti socialiste;Mouvement des radicaux de gauche;Mouvement des gaullistes populaires,LEFT_PS,train,4.749315,False
EL196_L_1993_03_078_05_2_PF_01,1993-03-28,Rassemblement pour la République;Centre national des indépendants,RIGHT_RPR,test,4.739165,False
EL193_L_1993_03_059_09_1_PF_06,1993-03-21,Nouveaux écologistes du rassemblement nature et animaux,ECO,train,4.7381754,False
EL197_L_1993_03_086_04_1_PF_08,1993-03-21,Nouveaux écologistes du rassemblement nature et animaux,ECO,train,4.7159934,False
EL196_L_1993_03_077_04_1_PF_05,1993-03-21,Union pour la démocratie française;Rassemblement pour la République,RIGHT_UPF,train,4.6866164,False
EL189_L_1993_03_013_04_1_PF_05,1993-03-21,Front national,FAR_RIGHT_FN,train,4.683694,False
EL135_L_1981_06_059_07_1_PF_01,1981-06-14,Parti socialiste,LEFT_PS,train,4.650988,False
EL177_L_1988_06_092_07_1_PF_03,1988-06-05,Centre national des indépendants et paysans;Rassemblement pour la République;Union pour la démocratie française,RIGHT_URC,train,4.636332,False
EL177_L_1988_06_075_03_1_PF_04,1988-06-05,Union pour la démocratie française;Rassemblement pour la République;Centre national des indépendants et paysans,RIGHT_URC,train,4.5580387,False
EL134_L_1981_06_030_01_1_PF_03,1981-06-14,Mouvement des radicaux de gauche,LEFT_PS,train,4.5564213,False
EL192_L_1993_03_054_02_1_PF_04,1993-03-21,Parti socialiste,LEFT_PS,train,4.547884,False
EL135_L_1981_06_042_04_1_PF_02,1981-06-14,Parti socialiste,LEFT_PS,train,4.5427237,False
EL135_L_1981_06_059_04_1_PF_05,1981-06-14,Rassemblement pour la République,RIGHT_RPR,test,4.5418186,False
EL174_L_1988_06_014_02_1_PF_05,1988-06-05,Front national,FAR_RIGHT_FN,train,4.5372863,False
EL177_L_1988_06_075_06_1_PF_04,1988-06-05,Rassemblement pour la République;Union pour la démocratie française,RIGHT_URC,train,4.53159,False
EL191_L_1993_03_039_01_1_PF_05,1993-03-21,Parti communiste français,LEFT_PCF,train,4.487386,False
EL134_L_1981_06_030_01_1_PF_05,1981-06-14,Rassemblement pour la République,RIGHT_RPR,train,4.4752474,False
EL136_L_1981_06_073_01_1_PF_01,1981-06-14,Parti socialiste,LEFT_PS,train,4.4574513,False
EL189_L_1993_03_013_02_1_PF_02,1993-03-21,Parti communiste français,LEFT_PCF,train,4.4505706,False
EL134_L_1981_06_007_01_2_PF_01,1981-06-21,Parti socialiste,LEFT_PS,train,4.4502473,False
EL175_L_1988_06_040_01_2_PF_01,1988-06-12,Rassemblement pour la République;Union pour la démocratie française;Centre national des indépendants et paysans,RIGHT_URC,train,4.4333477,False
EL194_L_1993_03_067_04_2_PF_02,1993-03-28,Front national;Cercle national des femmes d'Europe;Fraternité française;Association pour le développement de la démocratie directe;Comité pour l'Europe des Patries,FAR_RIGHT_FN,test,4.427209,False
EL134_L_1981_06_031_06_1_PF_04,1981-06-14,Lutte ouvrière,FAR_LEFT,train,4.4172444,False
EL177_L_1988_06_095_07_1_PF_01,1988-06-05,Parti communiste français,LEFT_PCF,train,4.383652,False
EL134_L_1981_06_031_04_1_PF_03,1981-06-14,Parti communiste français,LEFT_PCF,train,4.3806567,False
EL195_L_1993_03_071_02_1_PF_01,1993-03-21,Parti communiste français,LEFT_PCF,train,4.3794384,False
EL137_L_1981_06_078_04_1_PF_06,1981-06-14,Rassemblement pour la République;Union pour la démocratie française,RIGHT_UNM,train,4.3790207,False
EL189_L_1993_03_004_01_1_PF_05,1993-03-21,Front national,FAR_RIGHT_FN,test,4.3690815,False
EL177_L_1988_06_094_01_1_PF_01,1988-06-05,Centre national des indépendants et paysans;Rassemblement pour la République;Union pour la démocratie française,RIGHT_URC,train,4.365006,False
EL196_L_1993_03_077_03_1_PF_01,1993-03-21,Front national,FAR_RIGHT_FN,train,4.3575435,False
EL136_L_1981_06_075_28_2_PF_01,1981-06-21,Rassemblement pour la République;Union pour la démocratie française,RIGHT_UNM,train,4.3565207,False
EL175_L_1988_06_042_07_1_PF_03,1988-06-05,Parti communiste français,LEFT_PCF,train,4.33457,False
EL191_L_1993_03_037_03_2_PF_02,1993-03-28,Rassemblement pour la République,RIGHT_RPR,train,4.3325524,False
EL176_L_1988_06_072_04_1_PF_03,1988-06-05,Parti communiste français,LEFT_PCF,train,4.3027215,False
EL197_L_1993_03_089_02_1_PF_05,1993-03-21,Front national,FAR_RIGHT_FN,train,4.3014703,False
EL189_L_1993_03_013_01_2_PF_01,1993-03-28,Union pour la démocratie française;Rassemblement pour la République,RIGHT_UPF,test,4.2728305,False
EL198_L_1993_03_093_02_2_PF_02,1993-03-28,Front national,FAR_RIGHT_FN,train,4.259644,False
EL198_L_1993_03_093_05_2_PF_02,1993-03-28,Front national,FAR_RIGHT_FN,train,4.2266784,False
EL137_L_1981_06_085_03_1_PF_02,1981-06-14,Parti socialiste,LEFT_PS,train,4.1459923,False
EL191_L_1993_03_034_02_1_PF_08,1993-03-21,Union pour la démocratie française,RIGHT_UDF,train,4.140813,False
EL198_L_1993_03_094_09_1_PF_06,1993-03-21,Rassemblement pour la République;Union pour la démocratie française,RIGHT_UPF,train,4.1339564,False
EL198_L_1993_03_093_06_1_PF_02,1993-03-21,Front national,FAR_RIGHT_FN,train,4.127936,False
EL194_L_1993_03_065_03_1_PF_05,1993-03-21,Parti communiste français,LEFT_PCF,test,4.115525,False
EL189_L_1993_03_013_07_1_PF_05,1993-03-21,Parti socialiste,LEFT_PS,train,4.115295,False
EL197_L_1993_03_083_03_1_PF_08,1993-03-21,Nouveaux écologistes du rassemblement nature et animaux,ECO,train,4.1018686,False
EL197_L_1993_03_085_03_1_PF_07,1993-03-21,Nouveaux écologistes du rassemblement nature et animaux,ECO,train,4.0876594,False
EL174_L_1988_06_010_03_1_PF_04,1988-06-05,Union pour la démocratie française,RIGHT_UDF,train,4.0231333,False
EL174_L_1988_06_006_04_1_PF_03,1988-06-05,Rassemblement pour la République;Union pour la démocratie française;Centre national des indépendants et paysans,RIGHT_URC,train,4.0193663,False
EL135_L_1981_06_064_04_2_PF_02,1981-06-21,Union pour la démocratie française;Rassemblement pour la République,RIGHT_UNM,train,4.010951,False
EL177_L_1988_06_088_03_1_PF_03,1988-06-05,Parti communiste français,LEFT_PCF,test,3.9942033,False
EL137_L_1981_06_091_02_1_PF_02,1981-06-14,Parti communiste français,LEFT_PCF,train,3.9929404,False
EL175_L_1988_06_031_04_1_PF_02,1988-06-05,Parti communiste français,LEFT_PCF,test,3.9793239,False
EL190_L_1993_03_021_02_2_PF_01,1993-03-28,Parti socialiste;Mouvement des radicaux de gauche;écologistes;Parti communiste français,LEFT_PCF,train,3.975351,False
EL189_L_1993_03_013_05_1_PF_04,1993-03-21,Parti communiste français,LEFT_PCF,train,3.9506102,False
EL193_L_1993_03_059_20_1_PF_06,1993-03-21,Nouveaux écologistes du rassemblement nature et animaux,ECO,train,3.9409204,False
EL190_L_1993_03_028_02_2_PF_01,1993-03-28,Front national,FAR_RIGHT_FN,train,3.9345899,False
EL189_L_1993_03_013_15_1_PF_03,1993-03-21,Parti communiste français,LEFT_PCF,test,3.930145,False
EL193_L_1993_03_059_10_1_PF_01,1993-03-21,Front national,FAR_RIGHT_FN,train,3.9236827,False
EL198_L_1993_03_095_03_1_PF_06,1993-03-21,Union pour la démocratie française;Centre des démocrates sociaux;Parti radical;Parti républicain;Parti social démocrate;Clubs perspectives et réalités,RIGHT_UDF,train,3.912089,False
EL195_L_1993_03_075_04_1_PF_03,1993-03-21,Parti communiste français,LEFT_PCF,test,3.8980355,False
EL135_L_1981_06_057_03_1_PF_04,1981-06-14,Lutte ouvrière,FAR_LEFT,train,3.8975322,False
EL174_L_1988_06_013_04_1_PF_01,1988-06-05,Parti communiste français,LEFT_PCF,test,3.8959436,False
EL174_L_1988_06_013_12_2_PF_02,1988-06-12,Front national,FAR_RIGHT_FN,train,3.884109,False
EL190_L_1993_03_030_02_2_PF_02,1993-03-28,Front national,FAR_RIGHT_FN,train,3.8392656,False
EL198_L_1993_03_092_11_1_PF_03,1993-03-21,Rassemblement pour la République;Union pour la démocratie française,RIGHT_UPF,train,3.836328,False
EL196_L_1993_03_077_06_1_PF_07,1993-03-21,Parti radical;Union pour la démocratie française,RIGHT_UDF,train,3.8348937,False
EL194_L_1993_03_070_01_1_PF_01,1993-03-21,Parti communiste français,LEFT_PCF,train,3.8329167,False
EL193_L_1993_03_059_08_1_PF_01,1993-03-21,Front national,FAR_RIGHT_FN,test,3.8299644,False
EL176_L_1988_06_059_02_2_PF_02,1988-06-12,Rassemblement pour la République;Union pour la démocratie française,RIGHT_URC,test,3.8254116,False
EL135_L_1981_06_062_07_1_PF_01,1981-06-14,Parti communiste français,LEFT_PCF,train,3.81047,False
EL136_L_1981_06_075_19_2_PF_01,1981-06-21,Rassemblement pour la République;Union pour la démocratie française,RIGHT_UNM,train,3.804869,False
EL193_L_1993_03_059_17_1_PF_06,1993-03-21,Parti communiste français,LEFT_PCF,test,3.7839246,False
EL177_L_1988_06_093_01_1_PF_02,1988-06-05,Union pour la démocratie française,RIGHT_UDF,train,3.779506,False
EL189_L_1993_03_011_01_1_PF_08,1993-03-21,Nouveaux écologistes du rassemblement nature et animaux,ECO,train,3.7669013,False
EL134_L_1981_06_02B_01_1_PF_02,1981-06-14,Parti socialiste,LEFT_PS,train,3.7643144,False
EL135_L_1981_06_054_07_1_PF_04,1981-06-14,Radical-socialiste;gauche libérale et écologiste,LEFT_PS,train,3.7629445,False
EL198_L_1993_03_093_02_1_PF_01,1993-03-21,Front national,FAR_RIGHT_FN,train,3.7614427,False
EL135_L_1981_06_060_02_1_PF_05,1981-06-14,Rassemblement pour la République,RIGHT_RPR,train,3.7581506,False
EL192_L_1993_03_054_07_2_PF_02,1993-03-28,Union pour la démocratie française;Rassemblement pour la République,RIGHT_UPF,train,3.7527237,False
EL189_L_1993_03_013_02_1_PF_01,1993-03-21,Front national,FAR_RIGHT_FN,train,3.7498004,False
EL197_L_1993_03_089_03_2_PF_02,1993-03-28,Front national,FAR_RIGHT_FN,test,3.74976,False
EL194_L_1993_03_069_14_2_PF_01,1993-03-28,Parti communiste français,LEFT_PCF,train,3.742357,False
EL197_L_1993_03_086_03_1_PF_07,1993-03-21,Nouveaux écologistes du rassemblement nature et animaux,ECO,test,3.7416375,False
EL197_L_1993_03_083_06_1_PF_06,1993-03-21,Nouveaux écologistes du rassemblement nature et animaux,ECO,train,3.7082415,False
EL191_L_1993_03_034_06_1_PF_05,1993-03-21,Union pour la démocratie française;Centre national des indépendants,RIGHT_UDF,test,3.6941068,False
EL190_L_1993_03_028_02_1_PF_01,1993-03-21,Front national,FAR_RIGHT_FN,test,3.6932766,False
EL177_L_1988_06_078_07_1_PF_02,1988-06-05,Rassemblement pour la République;Union pour la démocratie française,RIGHT_URC,train,3.680792,False
EL198_L_1993_03_092_05_1_PF_05,1993-03-21,Rassemblement pour la République;Union pour la démocratie française,RIGHT_UPF,train,3.6737,False
EL177_L_1988_06_075_01_1_PF_04,1988-06-05,Rassemblement pour la République;Union pour la démocratie française,RIGHT_URC,train,3.6339848,False
EL196_L_1993_03_077_09_1_PF_05,1993-03-21,Union pour la démocratie française,RIGHT_UDF,train,3.6320562,False
EL134_L_1981_06_002_02_1_PF_02,1981-06-14,Union pour la démocratie française,RIGHT_UDF,test,3.6318724,False
EL174_L_1988_06_001_03_1_PF_02,1988-06-05,Union pour la démocratie française;Rassemblement pour la République,RIGHT_URC,test,3.6292179,False
EL175_L_1988_06_050_05_1_PF_04,1988-06-05,Parti communiste français,LEFT_PCF,train,3.61631,False
EL198_L_1993_03_092_02_1_PF_01,1993-03-21,Parti communiste français,LEFT_PCF,train,3.6035159,False
EL177_L_1988_06_087_04_1_PF_04,1988-06-05,Centre national des indépendants et paysans;Rassemblement pour la République;Union pour la démocratie française;Mouvement solidarité participation,RIGHT_URC,train,3.6006863,False
EL191_L_1993_03_034_02_1_PF_01,1993-03-21,Solidarité écologie gauche alternative;Refondations,ECO,train,3.5983312,False
EL134_L_1981_06_006_01_1_PF_04,1981-06-14,Mouvement des radicaux de gauche,LEFT_PS,train,3.5962558,False
EL193_L_1993_03_060_04_2_PF_01,1993-03-28,Rassemblement pour la République;Union pour la démocratie française,RIGHT_UPF,train,3.5767322,False
EL195_L_1993_03_071_03_2_PF_01,1993-03-28,Rassemblement pour la République;Union pour la démocratie française,RIGHT_UPF,train,3.5764656,False
EL195_L_1993_03_075_18_1_PF_03,1993-03-21,Parti socialiste,LEFT_PS,test,3.5761158,False
EL177_L_1988_06_094_11_2_PF_02,1988-06-12,Centre national des indépendants et paysans;Rassemblement pour la République;Union pour la démocratie française,RIGHT_URC,test,3.5751567,False
EL190_L_1993_03_024_01_1_PF_07,1993-03-21,Front national,FAR_RIGHT_FN,test,3.5608575,False
EL177_L_1988_06_093_13_2_PF_02,1988-06-12,Centre national des indépendants et paysans;Rassemblement pour la République;Union pour la démocratie française,RIGHT_URC,test,3.5521686,False
EL134_L_1981_06_008_01_1_PF_01,1981-06-14,Union pour la démocratie française,RIGHT_UDF,train,3.5471349,False
EL189_L_1993_03_013_14_1_PF_10,1993-03-21,Nouveaux écologistes du rassemblement nature et animaux,ECO,test,3.5469217,False
EL190_L_1993_03_017_01_1_PF_10,1993-03-21,Front national,FAR_RIGHT_FN,test,3.5464208,False
EL197_L_1993_03_083_03_1_PF_02,1993-03-21,Front national,FAR_RIGHT_FN,test,3.5335755,False
EL174_L_1988_06_013_04_2_PF_02,1988-06-12,Front national,FAR_RIGHT_FN,test,3.530374,False
EL176_L_1988_06_057_10_2_PF_01,1988-06-12,Rassemblement pour la République;Union pour la démocratie française,RIGHT_URC,train,3.5287924,False
EL175_L_1988_06_054_01_1_PF_04,1988-06-05,Parti communiste français,LEFT_PCF,train,3.526626,False
EL175_L_1988_06_050_02_1_PF_03,1988-06-05,Parti communiste français,LEFT_PCF,train,3.520728,False
EL174_L_1988_06_022_04_1_PF_01,1988-06-05,Parti communiste français,LEFT_PCF,train,3.512067,False
EL134_L_1981_06_013_09_1_PF_02,1981-06-14,Union pour la démocratie française,RIGHT_UDF,train,3.493233,False
EL176_L_1988_06_060_03_1_PF_03,1988-06-05,Rassemblement pour la République;Union pour la démocratie française,RIGHT_URC,train,3.487242,False
EL176_L_1988_06_069_07_1_PF_01,1988-06-05,Parti communiste français,LEFT_PCF,train,3.4852946,False
EL190_L_1993_03_025_04_2_PF_02,1993-03-28,Rassemblement pour la République;Union pour la démocratie française,RIGHT_UPF,train,3.4827685,False
EL136_L_1981_06_075_14_1_PF_02,1981-06-14,Rassemblement pour la République,RIGHT_RPR,train,3.476292,False
EL177_L_1988_06_092_04_1_PF_01,1988-06-05,Parti communiste français,LEFT_PCF,train,3.4561148,False
EL137_L_1981_06_082_01_1_PF_04,1981-06-14,Lutte ouvrière,FAR_LEFT,train,3.44621,False
EL137_L_1981_06_076_02_1_PF_05,1981-06-14,écologistes,ECO,train,3.4352965,False
EL137_L_1981_06_081_01_1_PF_02,1981-06-14,Parti communiste français,LEFT_PCF,test,3.4318857,False
EL134_L_1981_06_006_02_1_PF_02,1981-06-14,Parti communiste français,LEFT_PCF,train,3.4253008,False
EL192_L_1993_03_056_01_2_PF_02,1993-03-28,Parti socialiste,LEFT_PS,train,3.4243004,False
EL190_L_1993_03_030_02_1_PF_09,1993-03-21,Front national,FAR_RIGHT_FN,train,3.424229,False
EL137_L_1981_06_085_04_1_PF_02,1981-06-14,Parti communiste français,LEFT_PCF,train,3.4224408,False
EL134_L_1981_06_031_04_1_PF_01,1981-06-14,Lutte ouvrière,FAR_LEFT,train,3.4197047,False
EL189_L_1993_03_013_01_1_PF_02,1993-03-21,Front national,FAR_RIGHT_FN,train,3.4074376,False
EL174_L_1988_06_021_01_1_PF_02,1988-06-05,Rassemblement pour la République;Union pour la démocratie française,RIGHT_URC,train,3.4005837,False
EL174_L_1988_06_013_10_2_PF_02,1988-06-12,Front national;Rassemblement pour la République;Union pour la démocratie française,FAR_RIGHT_FN,train,3.398009,False
EL175_L_1988_06_051_05_1_PF_01,1988-06-05,Parti communiste français,LEFT_PCF,train,3.39438,False
EL198_L_1993_03_093_10_1_PF_04,1993-03-21,Parti communiste français,LEFT_PCF,train,3.3905303,False
EL137_L_1981_06_078_07_2_PF_02,1981-06-21,Rassemblement pour la République;Union pour la démocratie française,RIGHT_UNM,train,3.3694444,False
EL191_L_1993_03_031_01_1_PF_07,1993-03-21,Nouveaux écologistes du rassemblement nature et animaux,ECO,train,3.3602738,False
EL176_L_1988_06_062_09_1_PF_03,1988-06-05,Rassemblement pour la République;Union pour la démocratie française,RIGHT_URC,test,3.3452122,False
EL174_L_1988_06_006_01_2_PF_01,1988-06-12,Union pour la démocratie française;Rassemblement pour la République;Centre national des indépendants et paysans,RIGHT_URC,train,3.327319,False
EL174_L_1988_06_011_01_1_PF_03,1988-06-05,Parti communiste français,LEFT_PCF,test,3.3182256,False
EL193_L_1993_03_059_08_2_PF_01,1993-03-28,Front national,FAR_RIGHT_FN,train,3.3156934,False
EL137_L_1981_06_092_01_1_PF_02,1981-06-14,Centre national des indépendants;Rassemblement pour la République,RIGHT_RPR,train,3.3126986,False
EL177_L_1988_06_088_01_1_PF_03,1988-06-05,Parti communiste français,LEFT_PCF,test,3.3111048,False
EL193_L_1993_03_061_03_1_PF_08,1993-03-21,Nouveaux écologistes du rassemblement nature et animaux,ECO,train,3.3071742,False
EL175_L_1988_06_033_08_1_PF_04,1988-06-05,Front national,FAR_RIGHT_FN,train,3.306887,False
EL190_L_1993_03_028_04_2_PF_02,1993-03-28,Front national,FAR_RIGHT_FN,train,3.3046951,False
EL134_L_1981_06_031_01_1_PF_01,1981-06-14,Lutte ouvrière,FAR_LEFT,train,3.3000138,False
EL192_L_1993_03_057_10_1_PF_03,1993-03-21,Parti communiste français,LEFT_PCF,train,3.29544,False
EL189_L_1993_03_013_16_1_PF_05,1993-03-21,Parti communiste français,LEFT_PCF,train,3.2891977,False
EL194_L_1993_03_069_06_1_PF_12,1993-03-21,Nouveaux écologistes du rassemblement nature et animaux,ECO,train,3.2877696,False
EL137_L_1981_06_091_03_1_PF_10,1981-06-14,Parti communiste français,LEFT_PCF,train,3.2870505,False
EL196_L_1993_03_076_07_1_PF_07,1993-03-21,Nouveaux écologistes du rassemblement nature et animaux,ECO,train,3.280343,False
EL189_L_1993_03_006_02_1_PF_05,1993-03-21,Rassemblement pour la République;Union pour la démocratie française,RIGHT_UPF,train,3.2679675,False
EL135_L_1981_06_057_06_1_PF_04,1981-06-14,Lutte ouvrière,FAR_LEFT,train,3.2666316,False
EL192_L_1993_03_045_05_1_PF_03,1993-03-21,Rassemblement pour la République;Union pour la démocratie française;Centre national des indépendants et paysans,RIGHT_UPF,test,3.2607548,False
EL193_L_1993_03_059_13_1_PF_03,1993-03-21,Front national,FAR_RIGHT_FN,test,3.2549827,False
EL136_L_1981_06_075_31_1_PF_02,1981-06-14,Rassemblement pour la République,RIGHT_RPR,train,3.2528572,False
EL189_L_1993_03_006_09_1_PF_08,1993-03-21,Nouveaux écologistes du rassemblement nature et animaux,ECO,train,3.244374,False
EL135_L_1981_06_061_03_1_PF_02,1981-06-14,Union pour la démocratie française;Rassemblement pour la République,RIGHT_UNM,train,3.2401195,False
EL175_L_1988_06_050_01_1_PF_03,1988-06-05,Parti communiste français,LEFT_PCF,train,3.2360146,False
EL137_L_1981_06_095_04_2_PF_01,1981-06-21,Rassemblement pour la République;Union pour la démocratie française,RIGHT_UNM,train,3.2162964,False
EL175_L_1988_06_037_02_1_PF_04,1988-06-05,Front national,FAR_RIGHT_FN,test,3.211589,False
EL134_L_1981_06_011_01_1_PF_01,1981-06-14,Lutte ouvrière,FAR_LEFT,train,3.20599,False
EL198_L_1993_03_094_11_1_PF_01,1993-03-21,Parti communiste français,LEFT_PCF,train,3.2046878,False
EL189_L_1993_03_013_01_1_PF_04,1993-03-21,Parti communiste français,LEFT_PCF,train,3.1988919,False
EL175_L_1988_06_050_04_1_PF_03,1988-06-05,Parti communiste français,LEFT_PCF,train,3.1988018,False
EL192_L_1993_03_048_02_1_PF_02,1993-03-21,Parti socialiste,LEFT_PS,train,3.1952212,False
EL192_L_1993_03_058_03_1_PF_08,1993-03-21,Nouveaux écologistes du rassemblement nature et animaux;Union nationale écologiste;Parti pour la défense des animaux;Mouvement universaliste,ECO,train,3.1937973,False
EL134_L_1981_06_031_03_1_PF_01,1981-06-14,Lutte ouvrière,FAR_LEFT,train,3.193347,False
EL177_L_1988_06_078_08_1_PF_02,1988-06-05,Rassemblement pour la République;Union pour la démocratie française,RIGHT_URC,train,3.1898081,False
EL198_L_1993_03_093_12_1_PF_16,1993-03-21,Nouveaux écologistes du rassemblement nature et animaux,ECO,train,3.1786993,False
EL175_L_1988_06_050_03_1_PF_02,1988-06-05,Parti communiste français,LEFT_PCF,train,3.1694577,False
EL198_L_1993_03_094_02_1_PF_03,1993-03-21,Rassemblement pour la République;Union pour la démocratie française,RIGHT_UPF,train,3.1596696,False
EL192_L_1993_03_049_03_1_PF_05,1993-03-21,Parti socialiste,LEFT_PS,train,3.1564512,False
EL189_L_1993_03_013_07_1_PF_01,1993-03-21,Front national,FAR_RIGHT_FN,train,3.1563985,False
EL198_L_1993_03_092_10_2_PF_02,1993-03-28,Parti socialiste;Mouvement des radicaux de gauche,LEFT_PS,train,3.155598,False
EL134_L_1981_06_019_02_1_PF_02,1981-06-14,Parti socialiste,LEFT_PS,train,3.1535296,False
EL193_L_1993_03_059_12_1_PF_08,1993-03-21,Front national,FAR_RIGHT_FN,train,3.144783,False
EL191_L_1993_03_037_04_1_PF_04,1993-03-21,socialistes,LEFT_PS,test,3.1437962,False
EL194_L_1993_03_068_04_2_PF_02,1993-03-28,Front national,FAR_RIGHT_FN,test,3.1254516,False
EL196_L_1993_03_079_02_1_PF_01,1993-03-21,Parti communiste français,LEFT_PCF,test,3.103242,False
EL194_L_1993_03_068_07_1_PF_03,1993-03-21,Front national,FAR_RIGHT_FN,test,3.1016867,False
EL195_L_1993_03_075_13_1_PF_04,1993-03-21,Parti communiste français,LEFT_PCF,train,3.0903766,False
EL197_L_1993_03_083_01_2_PF_01,1993-03-28,Front national,FAR_RIGHT_FN,train,3.0760763,False
EL198_L_1993_03_095_09_1_PF_11,1993-03-21,Union pour la démocratie française;Union des indépendants,RIGHT_UDF,test,3.0736048,False
EL195_L_1993_03_075_04_1_PF_02,1993-03-21,Rassemblement pour la République;Union pour la démocratie française,RIGHT_UPF,test,3.0722895,False
EL177_L_1988_06_081_04_1_PF_04,1988-06-05,Front national,FAR_RIGHT_FN,train,3.0707464,False
EL177_L_1988_06_988_01_1_PF_02,1988-06-05,Front national,FAR_RIGHT_FN,test,3.0700166,False
EL177_L_1988_06_093_12_2_PF_02,1988-06-12,Centre national des indépendants et paysans;Rassemblement pour la République;Union pour la démocratie française,RIGHT_URC,train,3.060586,False
EL176_L_1988_06_069_12_2_PF_01,1988-06-12,Rassemblement pour la République;Union pour la démocratie française,RIGHT_URC,train,3.0604084,False
EL134_L_1981_06_013_08_1_PF_01,1981-06-14,Front national,FAR_RIGHT_FN,test,3.055978,False
EL190_L_1993_03_017_04_1_PF_06,1993-03-21,Nouveaux écologistes du rassemblement nature et animaux,ECO,train,3.0542142,False
EL197_L_1993_03_086_02_1_PF_05,1993-03-21,Nouveaux écologistes du rassemblement nature et animaux,ECO,train,3.0377057,False
EL135_L_1981_06_051_01_1_PF_03,1981-06-14,Socialistes,LEFT_PS,train,3.031176,False
EL135_L_1981_06_066_02_2_PF_02,1981-06-21,Union pour la démocratie française;Rassemblement pour la République,RIGHT_UNM,test,3.0276945,False
EL137_L_1981_06_078_04_1_PF_02,1981-06-14,Parti communiste français,LEFT_PCF,test,3.0212655,False
EL177_L_1988_06_084_04_1_PF_04,1988-06-05,Parti communiste français,LEFT_PCF,test,3.0135744,False
EL198_L_1993_03_094_03_1_PF_08,1993-03-21,Rassemblement pour la République;Centre national des indépendants,RIGHT_RPR,train,2.9991078,False
EL134_L_1981_06_029_05_1_PF_02,1981-06-14,Parti communiste français,LEFT_PCF,train,2.9922016,False
EL198_L_1993_03_092_10_1_PF_04,1993-03-21,Front national,FAR_RIGHT_FN,train,2.9908278,False
EL176_L_1988_06_057_01_2_PF_01,1988-06-12,Union pour la démocratie française;Rassemblement pour la République,RIGHT_URC,train,2.9752305,False
EL192_L_1993_03_044_02_2_PF_02,1993-03-28,Rassemblement pour la République;Union pour la démocratie française;Centre national des indépendants et paysans,RIGHT_UPF,test,2.9574013,False
EL189_L_1993_03_013_08_2_PF_03,1993-03-28,Front national,FAR_RIGHT_FN,test,2.9563224,False
EL137_L_1981_06_081_02_1_PF_02,1981-06-14,Parti communiste français,LEFT_PCF,train,2.9491847,False
EL189_L_1993_03_013_02_1_PF_03,1993-03-21,Parti socialiste,LEFT_PS,train,2.9396548,False
EL198_L_1993_03_093_09_1_PF_05,1993-03-21,Front national,FAR_RIGHT_FN,train,2.9276145,False
EL176_L_1988_06_057_04_1_PF_02,1988-06-05,Rassemblement pour la République;Union pour la démocratie française,RIGHT_URC,train,2.9256206,False
EL190_L_1993_03_019_03_1_PF_06,1993-03-21,Nouveaux écologistes du rassemblement nature et animaux,ECO,test,2.9195836,False
EL193_L_1993_03_059_23_1_PF_08,1993-03-21,Nouveaux écologistes du rassemblement nature et animaux,ECO,train,2.9195836,False
EL134_L_1981_06_026_01_2_PF_02,1981-06-21,Union pour la démocratie française;Centre des démocrates sociaux;Parti radical-socialiste;Parti républicain,LEFT_PS,test,2.8940842,False
EL192_L_1993_03_056_03_1_PF_06,1993-03-21,Nouveaux écologistes du rassemblement nature et animaux;Union nationale écologiste;Parti pour la défense des animaux;Mouvement universaliste,ECO,train,2.89269,False
EL176_L_1988_06_072_02_2_PF_01,1988-06-12,Rassemblement pour la République;Union pour la démocratie française,RIGHT_URC,test,2.876322,False
EL189_L_1993_03_013_14_1_PF_01,1993-03-21,Parti communiste français,LEFT_PCF,train,2.8668528,False
EL193_L_1993_03_059_07_2_PF_03,1993-03-28,Front national,FAR_RIGHT_FN,train,2.8613772,False
EL134_L_1981_06_013_02_1_PF_01,1981-06-14,Front national,FAR_RIGHT_FN,train,2.852021,False
EL197_L_1993_03_091_06_1_PF_04,1993-03-21,Rassemblement pour la République;Centre national des indépendants,RIGHT_RPR,test,2.845884,False
EL195_L_1993_03_071_01_1_PF_05,1993-03-21,Front national,FAR_RIGHT_FN,train,2.8429167,False
EL189_L_1993_03_013_05_1_PF_09,1993-03-21,Front national,FAR_RIGHT_FN,train,2.838099,False
EL194_L_1993_03_066_01_1_PF_03,1993-03-21,Parti socialiste,LEFT_PS,train,2.834379,False
EL177_L_1988_06_077_09_1_PF_02,1988-06-05,Front national,FAR_RIGHT_FN,train,2.828543,False
EL136_L_1981_06_068_03_2_PF_01,1981-06-21,Rassemblement pour la République;Union pour la démocratie française,RIGHT_UNM,train,2.8270948,False
EL189_L_1993_03_013_14_1_PF_07,1993-03-21,Union pour la démocratie française,RIGHT_UDF,train,2.8169787,False
EL198_L_1993_03_093_07_1_PF_13,1993-03-21,Nouveaux écologistes du rassemblement nature et animaux,ECO,train,2.8149025,False
EL193_L_1993_03_059_23_2_PF_02,1993-03-28,Front national,FAR_RIGHT_FN,train,2.806361,False
EL137_L_1981_06_079_02_1_PF_03,1981-06-14,Parti communiste français,LEFT_PCF,train,2.8057349,False
EL137_L_1981_06_076_03_1_PF_04,1981-06-14,Parti communiste français,LEFT_PCF,train,2.8027532,False
EL189_L_1993_03_013_03_1_PF_02,1993-03-21,Front national,FAR_RIGHT_FN,train,2.8013988,False
EL176_L_1988_06_060_06_1_PF_03,1988-06-05,Rassemblement pour la République;Union pour la démocratie française,RIGHT_URC,train,2.7990515,False
EL196_L_1993_03_077_06_2_PF_02,1993-03-28,Front national;Génération verte;Rassemblement des républicains et des démocrates de progrès,FAR_RIGHT_FN,test,2.795896,False
EL197_L_1993_03_084_03_2_PF_02,1993-03-28,Front national,FAR_RIGHT_FN,train,2.7868872,False
EL189_L_1993_03_012_01_1_PF_07,1993-03-21,Nouveaux écologistes du rassemblement nature et animaux,ECO,test,2.7739072,False
EL134_L_1981_06_027_01_1_PF_06,1981-06-14,écologiste indépendant,ECO,train,2.7715697,False
EL194_L_1993_03_067_03_1_PF_05,1993-03-21,Front national,FAR_RIGHT_FN,train,2.7709196,False
EL191_L_1993_03_033_03_2_PF_01,1993-03-28,Rassemblement pour la République;Union pour la démocratie française,RIGHT_UPF,train,2.7694898,False
EL191_L_1993_03_035_02_1_PF_07,1993-03-21,Centre des démocrates sociaux;Union pour la démocratie française;Rassemblement pour la République,RIGHT_UPF,test,2.764723,False
EL198_L_1993_03_093_12_2_PF_02,1993-03-28,Front national,FAR_RIGHT_FN,train,2.7601564,False
EL134_L_1981_06_025_02_1_PF_04,1981-06-14,Parti communiste français,LEFT_PCF,train,2.7529168,False
EL176_L_1988_06_068_06_2_PF_01,1988-06-12,Union pour la démocratie française;Rassemblement pour la République,RIGHT_URC,train,2.752328,False
EL175_L_1988_06_046_01_1_PF_04,1988-06-05,Union pour la démocratie française;Centre des démocrates sociaux,RIGHT_UDF,test,2.7513533,False
EL190_L_1993_03_030_02_1_PF_07,1993-03-21,Union pour la démocratie française,RIGHT_UDF,train,2.7411153,False
EL177_L_1988_06_081_02_1_PF_04,1988-06-05,Front national,FAR_RIGHT_FN,train,2.732441,False
EL189_L_1993_03_013_08_1_PF_01,1993-03-21,Front national,FAR_RIGHT_FN,train,2.7280104,False
EL193_L_1993_03_059_04_1_PF_02,1993-03-21,Front national,FAR_RIGHT_FN,train,2.7167535,False
EL135_L_1981_06_042_01_1_PF_01,1981-06-14,Parti socialiste unifié,LEFT_PS,train,2.7160277,False
EL197_L_1993_03_084_04_1_PF_01,1993-03-21,Front national,FAR_RIGHT_FN,train,2.709913,False
EL135_L_1981_06_059_18_1_PF_03,1981-06-14,Rassemblement pour la République,RIGHT_RPR,train,2.7022226,False
EL198_L_1993_03_093_08_1_PF_02,1993-03-21,Front national,FAR_RIGHT_FN,train,2.6994321,False
EL198_L_1993_03_095_06_1_PF_02,1993-03-21,Front national,FAR_RIGHT_FN,test,2.698301,False
EL135_L_1981_06_060_02_2_PF_01,1981-06-21,Parti socialiste;Parti communiste français;Parti socialiste unifié,LEFT_PCF,train,2.6814263,False
EL175_L_1988_06_033_08_1_PF_05,1988-06-05,Rassemblement pour la République;Union pour la démocratie française,RIGHT_URC,test,2.6813202,False
EL193_L_1993_03_059_10_2_PF_03,1993-03-28,Front national,FAR_RIGHT_FN,test,2.6724746,False
EL174_L_1988_06_013_06_1_PF_05,1988-06-05,Front national,FAR_RIGHT_FN,train,2.6677983,False
EL191_L_1993_03_031_01_1_PF_03,1993-03-21,Parti socialiste,LEFT_PS,train,2.6663828,False
EL134_L_1981_06_013_10_1_PF_05,1981-06-14,Lutte ouvrière,FAR_LEFT,test,2.6660223,False
EL177_L_1988_06_083_04_1_PF_01,1988-06-05,Rassemblement pour la République;Union pour la démocratie française,RIGHT_URC,train,2.6551025,False
EL135_L_1981_06_059_01_1_PF_02,1981-06-14,Parti communiste français,LEFT_PCF,train,2.6306963,False
EL198_L_1993_03_092_02_1_PF_02,1993-03-21,Front national,FAR_RIGHT_FN,train,2.6295426,False
EL189_L_1993_03_006_04_1_PF_02,1993-03-21,Rassemblement pour la République;Union pour la démocratie française,RIGHT_UPF,train,2.6291304,False
EL176_L_1988_06_064_04_1_PF_03,1988-06-05,Parti communiste français,LEFT_PCF,train,2.62886,False
EL189_L_1993_03_013_10_1_PF_01,1993-03-21,Front national,FAR_RIGHT_FN,test,2.628314,False
EL134_L_1981_06_013_04_1_PF_01,1981-06-14,Lutte ouvrière,FAR_LEFT,train,2.6236537,False
EL194_L_1993_03_069_14_1_PF_11,1993-03-21,Parti communiste français,LEFT_PCF,train,2.623212,False
EL135_L_1981_06_040_02_2_PF_01,1981-06-21,Union pour la démocratie française;Rassemblement pour la République,RIGHT_UNM,train,2.6113887,False
EL193_L_1993_03_059_01_1_PF_04,1993-03-21,Front national,FAR_RIGHT_FN,test,2.6109083,False
EL196_L_1993_03_076_03_2_PF_01,1993-03-28,Union pour la démocratie française;Parti social démocrate,RIGHT_UDF,train,2.6041274,False
EL198_L_1993_03_092_05_2_PF_01,1993-03-28,Rassemblement pour la République;Union pour la démocratie française,RIGHT_UPF,test,2.5885057,False
EL191_L_1993_03_034_04_1_PF_13,1993-03-21,Nouveaux écologistes du rassemblement nature et animaux,ECO,train,2.5844786,False
EL196_L_1993_03_081_02_1_PF_06,1993-03-21,Nouveaux écologistes du rassemblement nature et animaux,ECO,train,2.5844786,False
EL175_L_1988_06_054_01_1_PF_01,1988-06-05,Front national,FAR_RIGHT_FN,train,2.5745225,False
EL136_L_1981_06_069_11_1_PF_07,1981-06-14,Parti socialiste,LEFT_PS,test,2.573562,False
EL192_L_1993_03_049_02_1_PF_07,1993-03-21,Parti socialiste,LEFT_PS,train,2.5690582,False
EL189_L_1993_03_002_02_2_PF_02,1993-03-28,Parti socialiste,LEFT_PS,test,2.561532,False
EL189_L_1993_03_013_09_1_PF_01,1993-03-21,Union pour la démocratie française;Rassemblement pour la République,RIGHT_UPF,train,2.5550957,False
EL137_L_1981_06_083_04_1_PF_02,1981-06-14,Lutte ouvrière,FAR_LEFT,test,2.552732,False
EL134_L_1981_06_013_05_1_PF_01,1981-06-14,Lutte ouvrière,FAR_LEFT,test,2.5521505,False
EL174_L_1988_06_014_03_1_PF_04,1988-06-05,Parti communiste français,LEFT_PCF,train,2.5489411,False
EL195_L_1993_03_072_01_1_PF_08,1993-03-21,Parti communiste français,LEFT_PCF,train,2.5378468,False
EL135_L_1981_06_060_05_1_PF_01,1981-06-14,Lutte ouvrière,FAR_LEFT,test,2.5353706,False
EL135_L_1981_06_042_07_1_PF_03,1981-06-14,Parti communiste français,LEFT_PCF,train,2.5342822,False
EL176_L_1988_06_062_12_1_PF_04,1988-06-05,Union pour la démocratie française;Rassemblement pour la République,RIGHT_URC,train,2.5319674,False
EL197_L_1993_03_084_01_1_PF_09,1993-03-21,Front national,FAR_RIGHT_FN,train,2.5289247,False
EL189_L_1993_03_006_03_1_PF_06,1993-03-21,Parti communiste français,LEFT_PCF,train,2.5278597,False
EL137_L_1981_06_093_09_1_PF_13,1981-06-14,Front national,FAR_RIGHT_FN,train,2.5269322,False
EL190_L_1993_03_02B_01_1_PF_07,1993-03-21,Front national,FAR_RIGHT_FN,train,2.520185,False
EL175_L_1988_06_051_01_1_PF_01,1988-06-05,Parti communiste français,LEFT_PCF,train,2.5161936,False
EL192_L_1993_03_057_03_2_PF_01,1993-03-28,Rassemblement pour la République;Union pour la démocratie française,RIGHT_UPF,train,2.514881,False
EL190_L_1993_03_024_03_1_PF_07,1993-03-21,Front national,FAR_RIGHT_FN,test,2.5095015,False
EL196_L_1993_03_076_03_1_PF_09,1993-03-21,Front national,FAR_RIGHT_FN,train,2.500241,False
EL198_L_1993_03_092_07_1_PF_02,1993-03-21,Front national,FAR_RIGHT_FN,train,2.498218,False
EL134_L_1981_06_025_01_1_PF_05,1981-06-14,Parti socialiste,LEFT_PS,train,2.4975348,False
EL177_L_1988_06_088_02_1_PF_02,1988-06-05,Parti communiste français,LEFT_PCF,test,2.4935722,False
EL190_L_1993_03_025_02_1_PF_10,1993-03-21,Nouveaux écologistes du rassemblement nature et animaux,ECO,train,2.4900076,False
EL134_L_1981_06_031_05_1_PF_01,1981-06-14,Lutte ouvrière,FAR_LEFT,train,2.4886405,False
EL175_L_1988_06_054_04_1_PF_04,1988-06-05,Parti communiste français,LEFT_PCF,train,2.4871795,False
EL194_L_1993_03_069_11_1_PF_07,1993-03-21,Nouveaux écologistes du rassemblement nature et animaux,ECO,train,2.4837115,False
EL137_L_1981_06_081_02_1_PF_01,1981-06-14,Lutte ouvrière,FAR_LEFT,train,2.481703,False
EL191_L_1993_03_034_02_1_PF_12,1993-03-21,Nouveaux écologistes du rassemblement nature et animaux;Union nationale écologiste;Parti pour la défense des animaux;Mouvement universaliste,ECO,train,2.4777412,False
EL196_L_1993_03_078_11_1_PF_01,1993-03-21,Rassemblement pour la République;Union pour la démocratie française,RIGHT_UPF,train,2.475595,False
EL190_L_1993_03_030_04_1_PF_03,1993-03-21,Parti communiste français,LEFT_PCF,train,2.4477353,False
EL137_L_1981_06_083_04_1_PF_07,1981-06-14,Front national,FAR_RIGHT_FN,train,2.445023,False
EL198_L_1993_03_093_13_1_PF_01,1993-03-21,Front national,FAR_RIGHT_FN,train,2.443437,False
EL197_L_1993_03_083_02_1_PF_05,1993-03-21,Verts,ECO,train,2.436669,False
EL136_L_1981_06_075_22_1_PF_02,1981-06-14,Front national,FAR_RIGHT_FN,train,2.43456,False
EL193_L_1993_03_059_21_1_PF_07,1993-03-21,Front national,FAR_RIGHT_FN,train,2.4316795,False
EL198_L_1993_03_093_11_1_PF_07,1993-03-21,Rassemblement pour la République;Union pour la démocratie française,RIGHT_UPF,train,2.430046,False
EL134_L_1981_06_024_01_1_PF_02,1981-06-14,Parti socialiste;Mouvement des radicaux de gauche,LEFT_PS,train,2.4242835,False
EL198_L_1993_03_093_05_1_PF_02,1993-03-21,Lutte ouvrière,FAR_LEFT,train,2.422625,False
EL195_L_1993_03_071_05_1_PF_03,1993-03-21,Front national,FAR_RIGHT_FN,test,2.4179657,False
EL193_L_1993_03_059_10_1_PF_03,1993-03-21,Parti communiste français,LEFT_PCF,train,2.4166849,False
EL192_L_1993_03_057_04_1_PF_04,1993-03-21,socialiste,LEFT_PS,test,2.4149776,False
EL176_L_1988_06_069_12_1_PF_03,1988-06-05,Rassemblement pour la République;Union pour la démocratie française,RIGHT_URC,train,2.409195,False
EL196_L_1993_03_078_11_2_PF_01,1993-03-28,Rassemblement pour la République;Union pour la démocratie française,RIGHT_UPF,test,2.40894,False
EL195_L_1993_03_071_03_1_PF_05,1993-03-21,Front national,FAR_RIGHT_FN,train,2.4083495,False
EL198_L_1993_03_092_11_2_PF_02,1993-03-28,Rassemblement pour la République;Union pour la démocratie française,RIGHT_UPF,train,2.407407,False
EL189_L_1993_03_014_04_1_PF_05,1993-03-21,Parti socialiste,LEFT_PS,train,2.4066136,False
EL134_L_1981_06_034_02_1_PF_06,1981-06-14,Lutte ouvrière,FAR_LEFT,train,2.4023848,False
EL177_L_1988_06_094_12_1_PF_02,1988-06-05,Parti communiste français,LEFT_PCF,train,2.3997228,False
EL193_L_1993_03_059_11_1_PF_04,1993-03-21,Parti communiste français,LEFT_PCF,train,2.398687,False
EL190_L_1993_03_025_05_1_PF_05,1993-03-21,Parti socialiste,LEFT_PS,train,2.3959832,False
EL193_L_1993_03_059_23_1_PF_02,1993-03-21,Parti communiste français,LEFT_PCF,train,2.3951771,False
EL189_L_1993_03_013_08_1_PF_03,1993-03-21,Rassemblement pour la République;Union pour la démocratie française,RIGHT_UPF,train,2.3940752,False
EL197_L_1993_03_086_01_1_PF_07,1993-03-21,Nouveaux écologistes du rassemblement nature et animaux,ECO,train,2.3879433,False
EL194_L_1993_03_067_09_1_PF_03,1993-03-21,Union pour la démocratie française;Rassemblement pour la République,RIGHT_UPF,train,2.3875198,False
EL177_L_1988_06_075_09_1_PF_04,1988-06-05,Parti communiste français,LEFT_PCF,train,2.3852997,False
EL189_L_1993_03_012_03_1_PF_06,1993-03-21,Nouveaux écologistes du rassemblement nature et animaux,ECO,train,2.3836029,False
EL174_L_1988_06_013_01_1_PF_05,1988-06-05,Front national,FAR_RIGHT_FN,test,2.37499,False
EL134_L_1981_06_013_05_1_PF_05,1981-06-14,Front national,FAR_RIGHT_FN,train,2.374509,False
EL177_L_1988_06_076_11_1_PF_02,1988-06-05,Parti socialiste;Mouvement des radicaux de gauche,LEFT_PS,train,2.3733678,False
EL134_L_1981_06_002_05_1_PF_03,1981-06-14,Front national,FAR_RIGHT_FN,test,2.3722034,False
EL137_L_1981_06_081_01_1_PF_06,1981-06-14,Lutte ouvrière,FAR_LEFT,train,2.3694804,False
EL198_L_1993_03_093_10_1_PF_02,1993-03-21,Front national,FAR_RIGHT_FN,test,2.369371,False
EL137_L_1981_06_077_03_1_PF_03,1981-06-14,Parti communiste français,LEFT_PCF,train,2.359239,False
EL177_L_1988_06_076_01_1_PF_01,1988-06-05,Parti communiste français,LEFT_PCF,test,2.3503752,False
EL195_L_1993_03_075_12_1_PF_03,1993-03-21,Parti communiste français,LEFT_PCF,train,2.348023,False
EL176_L_1988_06_072_02_1_PF_03,1988-06-05,Rassemblement pour la République;Union pour la démocratie française,RIGHT_URC,train,2.3465433,False
EL190_L_1993_03_030_04_2_PF_01,1993-03-28,Rassemblement pour la République;Union pour la démocratie française,RIGHT_UPF,train,2.3456192,False
EL191_L_1993_03_035_04_1_PF_06,1993-03-21,Nouveaux écologistes du rassemblement nature et animaux,ECO,train,2.3420842,False
EL136_L_1981_06_075_13_1_PF_03,1981-06-14,Parti communiste français,LEFT_PCF,train,2.3360605,False
EL134_L_1981_06_013_02_1_PF_04,1981-06-14,Parti communiste français,LEFT_PCF,train,2.3342373,False
EL193_L_1993_03_059_21_1_PF_08,1993-03-21,Nouveaux écologistes du rassemblement nature et animaux,ECO,train,2.333822,False
EL192_L_1993_03_057_03_1_PF_04,1993-03-21,Parti communiste français,LEFT_PCF,test,2.3295026,False
EL190_L_1993_03_02A_02_1_PF_09,1993-03-21,Front national,FAR_RIGHT_FN,test,2.3269002,False
EL137_L_1981_06_084_01_1_PF_03,1981-06-14,Rassemblement pour la République;Union pour la démocratie française,RIGHT_UNM,train,2.3266795,False
EL197_L_1993_03_091_10_1_PF_12,1993-03-21,Front national,FAR_RIGHT_FN,test,2.3263822,False
EL192_L_1993_03_049_05_1_PF_06,1993-03-21,Nouveaux écologistes du rassemblement nature et animaux;Union nationale écologiste;Parti pour la défense des animaux;Mouvement universaliste,ECO,train,2.3262,False
EL198_L_1993_03_093_07_1_PF_02,1993-03-21,Front national,FAR_RIGHT_FN,train,2.3252528,False
EL176_L_1988_06_067_07_1_PF_02,1988-06-05,Front national,FAR_RIGHT_FN,test,2.3189313,False
EL174_L_1988_06_010_03_2_PF_02,1988-06-12,Union pour la démocratie française,RIGHT_UDF,train,2.3131635,False
EL135_L_1981_06_059_15_1_PF_01,1981-06-14,Parti communiste français,LEFT_PCF,train,2.308641,False
EL176_L_1988_06_062_11_1_PF_02,1988-06-05,Rassemblement pour la République,RIGHT_RPR,test,2.308174,False
EL196_L_1993_03_076_03_1_PF_03,1993-03-21,Ligue communiste révolutionnaire;Jeunesses communistes révolutionnaires,FAR_LEFT,train,2.3035302,False
EL192_L_1993_03_044_04_2_PF_01,1993-03-28,Parti socialiste,LEFT_PS,train,2.3026288,False
EL134_L_1981_06_013_06_1_PF_02,1981-06-14,Parti communiste français,LEFT_PCF,train,2.2995374,False
EL194_L_1993_03_068_05_2_PF_01,1993-03-28,Front national,FAR_RIGHT_FN,train,2.2987862,False
EL193_L_1993_03_059_04_2_PF_02,1993-03-28,Front national,FAR_RIGHT_FN,train,2.2893565,False
EL174_L_1988_06_026_01_1_PF_04,1988-06-05,Front national,FAR_RIGHT_FN,train,2.2892983,False
EL134_L_1981_06_013_06_1_PF_05,1981-06-14,Lutte ouvrière,FAR_LEFT,train,2.2850816,False
EL134_L_1981_06_030_02_1_PF_01,1981-06-14,Lutte ouvrière,FAR_LEFT,train,2.2850814,False
EL177_L_1988_06_093_06_1_PF_02,1988-06-05,Rassemblement pour la République;Union pour la démocratie française,RIGHT_URC,train,2.2794962,False
EL174_L_1988_06_013_09_1_PF_04,1988-06-05,Front national,FAR_RIGHT_FN,train,2.2774937,False
EL197_L_1993_03_091_10_2_PF_02,1993-03-28,Union pour la démocratie française;Rassemblement pour la République,RIGHT_UPF,train,2.2761726,False
EL194_L_1993_03_068_05_1_PF_01,1993-03-21,Front national,FAR_RIGHT_FN,train,2.2660115,False
EL195_L_1993_03_071_02_1_PF_04,1993-03-21,Front national,FAR_RIGHT_FN,train,2.2639427,False
EL137_L_1981_06_086_01_1_PF_02,1981-06-14,Mouvement des radicaux de gauche,LEFT_PS,test,2.259599,False
EL174_L_1988_06_019_01_1_PF_03,1988-06-05,Parti communiste français,LEFT_PCF,train,2.2593207,False
EL198_L_1993_03_094_05_2_PF_02,1993-03-28,Parti communiste français,LEFT_PCF,test,2.2582293,False
EL175_L_1988_06_029_05_1_PF_04,1988-06-05,Parti communiste français,LEFT_PCF,train,2.2562804,False
EL135_L_1981_06_059_14_1_PF_01,1981-06-14,Parti communiste français,LEFT_PCF,train,2.2553263,False
EL174_L_1988_06_013_16_1_PF_04,1988-06-05,Front national,FAR_RIGHT_FN,train,2.25295,False
EL189_L_1993_03_013_04_2_PF_01,1993-03-28,Front national,FAR_RIGHT_FN,train,2.2463772,False
EL196_L_1993_03_076_04_1_PF_05,1993-03-21,Front national,FAR_RIGHT_FN,train,2.2398913,False
EL190_L_1993_03_02A_01_1_PF_08,1993-03-21,Front national,FAR_RIGHT_FN,train,2.2392645,False
EL174_L_1988_06_013_15_1_PF_05,1988-06-05,Front national,FAR_RIGHT_FN,test,2.2376342,False
EL176_L_1988_06_057_07_1_PF_05,1988-06-05,Rassemblement pour la République;Union pour la démocratie française,RIGHT_URC,train,2.2360737,False
EL198_L_1993_03_092_13_1_PF_02,1993-03-21,Front national,FAR_RIGHT_FN,train,2.2308812,False
EL135_L_1981_06_058_02_1_PF_02,1981-06-14,Parti socialiste,LEFT_PS,train,2.2304525,False
EL134_L_1981_06_013_02_2_PF_01,1981-06-21,Union pour la démocratie française;Rassemblement pour la République,RIGHT_UNM,train,2.2280083,False
EL174_L_1988_06_003_03_1_PF_05,1988-06-05,Parti socialiste,LEFT_PS,test,2.2229338,False
EL174_L_1988_06_023_01_2_PF_02,1988-06-12,Parti socialiste,LEFT_PS,train,2.220187,False
EL134_L_1981_06_029_05_2_PF_02,1981-06-21,Parti socialiste,LEFT_PS,train,2.2182271,False
EL175_L_1988_06_040_01_1_PF_04,1988-06-05,Front national,FAR_RIGHT_FN,test,2.2171328,False
EL189_L_1993_03_013_10_2_PF_01,1993-03-28,Front national,FAR_RIGHT_FN,train,2.213859,False
EL197_L_1993_03_083_02_2_PF_02,1993-03-28,Front national,FAR_RIGHT_FN,train,2.2122386,False
EL194_L_1993_03_068_01_1_PF_05,1993-03-21,Parti communiste français,LEFT_PCF,train,2.209082,False
EL194_L_1993_03_065_03_1_PF_04,1993-03-21,Union pour la démocratie française;Rassemblement pour la République,RIGHT_UPF,train,2.2056365,False
EL193_L_1993_03_062_02_1_PF_04,1993-03-21,Rassemblement pour la République;Union pour la démocratie française,RIGHT_UPF,train,2.2014527,False
EL176_L_1988_06_059_08_1_PF_02,1988-06-05,Front national,FAR_RIGHT_FN,train,2.200514,False
EL196_L_1993_03_076_04_1_PF_03,1993-03-21,Ligue communiste révolutionnaire;Jeunesses communistes révolutionnaires,FAR_LEFT,test,2.2002814,False
EL193_L_1993_03_062_11_2_PF_01,1993-03-28,Parti communiste français,LEFT_PCF,test,2.1975725,False
EL134_L_1981_06_013_07_1_PF_06,1981-06-14,Front national,FAR_RIGHT_FN,test,2.196452,False
EL177_L_1988_06_091_10_1_PF_06,1988-06-05,Front national,FAR_RIGHT_FN,train,2.1920118,False
EL134_L_1981_06_033_03_1_PF_05,1981-06-14,Parti communiste français,LEFT_PCF,train,2.190503,False
EL175_L_1988_06_042_03_1_PF_03,1988-06-05,Parti communiste français,LEFT_PCF,train,2.1800845,False
EL195_L_1993_03_075_02_1_PF_17,1993-03-21,Nouveaux écologistes du rassemblement nature et animaux,ECO,test,2.17967,False
EL193_L_1993_03_059_07_1_PF_02,1993-03-21,Parti socialiste,LEFT_PS,train,2.1764588,False
EL194_L_1993_03_064_06_1_PF_01,1993-03-21,Parti communiste français,LEFT_PCF,train,2.1746798,False
EL134_L_1981_06_027_02_2_PF_02,1981-06-21,Rassemblement pour la République;Union pour la démocratie française,RIGHT_UNM,train,2.1742468,False
EL177_L_1988_06_092_01_1_PF_02,1988-06-05,Front national,FAR_RIGHT_FN,train,2.1726444,False
EL175_L_1988_06_034_01_1_PF_04,1988-06-05,Front national,FAR_RIGHT_FN,train,2.16775,False
EL134_L_1981_06_027_04_2_PF_01,1981-06-21,Parti socialiste;Mouvement des radicaux de gauche,LEFT_PS,train,2.1667318,False
EL174_L_1988_06_002_02_2_PF_01,1988-06-12,Union pour la démocratie française;Rassemblement pour la République;Centre national des indépendants et paysans,RIGHT_URC,train,2.1648684,False
EL198_L_1993_03_093_11_1_PF_05,1993-03-21,Front national,FAR_RIGHT_FN,test,2.1631112,False
EL191_L_1993_03_036_02_2_PF_02,1993-03-28,Union pour la démocratie française;Rassemblement pour la République,RIGHT_UPF,train,2.1616483,False
EL134_L_1981_06_011_03_1_PF_03,1981-06-14,Parti socialiste,LEFT_PS,train,2.1586998,False
EL177_L_1988_06_083_02_2_PF_01,1988-06-12,Rassemblement pour la République;Union pour la démocratie française,RIGHT_URC,train,2.1549444,False
EL174_L_1988_06_006_02_1_PF_06,1988-06-05,Front national,FAR_RIGHT_FN,train,2.1548765,False
EL134_L_1981_06_013_01_1_PF_04,1981-06-14,Parti communiste français,LEFT_PCF,train,2.1490855,False
EL177_L_1988_06_089_03_1_PF_02,1988-06-05,Union pour la démocratie française;Parti républicain,RIGHT_UDF,train,2.1433213,False
EL192_L_1993_03_056_01_1_PF_07,1993-03-21,Nouveaux écologistes du rassemblement nature et animaux;Union nationale écologiste;Parti pour la défense des animaux;Mouvement universaliste,ECO,test,2.141083,False
EL177_L_1988_06_076_01_1_PF_02,1988-06-05,Mouvement des radicaux de gauche;Parti socialiste;Républicains de progrès,LEFT_PS,train,2.1409767,False
EL195_L_1993_03_071_06_1_PF_04,1993-03-21,Front national,FAR_RIGHT_FN,test,2.1383176,False
EL189_L_1993_03_013_12_1_PF_01,1993-03-21,Front national,FAR_RIGHT_FN,test,2.1379488,False
EL196_L_1993_03_080_06_1_PF_06,1993-03-21,Parti communiste français,LEFT_PCF,test,2.1324477,False
EL198_L_1993_03_094_10_1_PF_03,1993-03-21,Front national,FAR_RIGHT_FN,train,2.128417,False
EL135_L_1981_06_057_06_1_PF_02,1981-06-14,Union pour la démocratie française;Rassemblement pour la République,RIGHT_UNM,test,2.127551,False
EL134_L_1981_06_019_02_1_PF_01,1981-06-14,Parti communiste français,LEFT_PCF,train,2.125285,False
EL136_L_1981_06_075_01_1_PF_05,1981-06-14,Parti socialiste unifié,LEFT_PS,train,2.1252737,False
EL195_L_1993_03_071_04_1_PF_05,1993-03-21,Front national,FAR_RIGHT_FN,train,2.1243713,False
EL177_L_1988_06_076_11_1_PF_01,1988-06-05,Parti communiste français,LEFT_PCF,train,2.1153245,False
EL193_L_1993_03_062_02_1_PF_03,1993-03-21,Front national,FAR_RIGHT_FN,train,2.1146963,False
EL134_L_1981_06_035_02_1_PF_06,1981-06-14,Union démocratique bretonne;Parti socialiste unifié,LEFT_PS,test,2.112479,False
EL191_L_1993_03_040_03_1_PF_05,1993-03-21,Front national,FAR_RIGHT_FN,train,2.1118863,False
EL198_L_1993_03_094_12_1_PF_09,1993-03-21,Front national,FAR_RIGHT_FN,train,2.1097522,False
EL191_L_1993_03_039_03_1_PF_05,1993-03-21,Parti socialiste;Mouvement des radicaux de gauche,LEFT_PS,test,2.1064467,False
EL198_L_1993_03_093_01_2_PF_01,1993-03-28,Rassemblement pour la République;Union pour la démocratie française,RIGHT_UPF,train,2.105749,False
EL175_L_1988_06_045_05_1_PF_04,1988-06-05,Front national,FAR_RIGHT_FN,train,2.1045637,False
EL134_L_1981_06_032_02_1_PF_03,1981-06-14,Parti communiste français,LEFT_PCF,train,2.1043692,False
EL174_L_1988_06_022_05_1_PF_01,1988-06-05,Parti communiste français,LEFT_PCF,train,2.103039,False
EL135_L_1981_06_059_02_1_PF_04,1981-06-14,Rassemblement pour la République,RIGHT_RPR,train,2.10134,False
EL198_L_1993_03_094_08_1_PF_02,1993-03-21,Front national,FAR_RIGHT_FN,test,2.0856621,False
EL192_L_1993_03_057_06_1_PF_10,1993-03-21,Parti communiste français,LEFT_PCF,train,2.0854738,False
EL194_L_1993_03_068_06_2_PF_02,1993-03-28,Front national,FAR_RIGHT_FN,train,2.0842624,False
EL196_L_1993_03_077_06_1_PF_09,1993-03-21,Front national,FAR_RIGHT_FN,train,2.0744236,False
EL197_L_1993_03_087_02_1_PF_03,1993-03-21,Rassemblement pour la République;Union pour la démocratie française,RIGHT_UPF,train,2.0649283,False
EL134_L_1981_06_008_02_1_PF_03,1981-06-14,Union pour la démocratie française,RIGHT_UDF,train,2.064021,False
EL194_L_1993_03_066_02_2_PF_02,1993-03-28,Union pour la démocratie française;Rassemblement pour la République,RIGHT_UPF,train,2.0637734,False
EL190_L_1993_03_028_03_2_PF_01,1993-03-28,Rassemblement pour la République;Union pour la démocratie française,RIGHT_UPF,train,2.0623822,False
EL177_L_1988_06_093_04_1_PF_01,1988-06-05,Parti communiste français,LEFT_PCF,train,2.061024,False
EL135_L_1981_06_051_02_1_PF_05,1981-06-14,Rassemblement pour la République,RIGHT_RPR,train,2.060447,False
EL175_L_1988_06_040_03_1_PF_04,1988-06-05,Front national,FAR_RIGHT_FN,train,2.0582705,False
EL135_L_1981_06_054_01_2_PF_01,1981-06-21,Socialiste,LEFT_PS,test,2.0580564,False
EL175_L_1988_06_031_05_1_PF_01,1988-06-05,Parti communiste français,LEFT_PCF,train,2.05415,False
EL136_L_1981_06_067_01_1_PF_04,1981-06-14,Union pour la démocratie française;Rassemblement pour la République,RIGHT_UNM,train,2.051338,False
EL135_L_1981_06_063_02_1_PF_02,1981-06-14,Parti communiste français,LEFT_PCF,test,2.0443296,False
EL192_L_1993_03_044_03_1_PF_07,1993-03-21,Verts;Génération écologie,ECO,train,2.043115,False
EL134_L_1981_06_02B_02_1_PF_01,1981-06-14,Parti communiste français,LEFT_PCF,train,2.0425344,False
EL190_L_1993_03_028_01_1_PF_07,1993-03-21,Front national,FAR_RIGHT_FN,train,2.0398405,False
EL175_L_1988_06_037_05_1_PF_04,1988-06-05,Front national,FAR_RIGHT_FN,train,2.0376384,False
EL176_L_1988_06_059_15_1_PF_04,1988-06-05,Front national,FAR_RIGHT_FN,test,2.037379,False
EL198_L_1993_03_092_11_2_PF_01,1993-03-28,Parti socialiste,LEFT_PS,train,2.0370622,False
EL137_L_1981_06_082_01_1_PF_02,1981-06-14,Parti socialiste,LEFT_PS,train,2.0369725,False
EL137_L_1981_06_082_01_2_PF_01,1981-06-21,Parti socialiste,LEFT_PS,test,2.0369725,False
EL198_L_1993_03_094_02_1_PF_01,1993-03-21,Front national,FAR_RIGHT_FN,test,2.035751,False
EL189_L_1993_03_003_04_1_PF_04,1993-03-21,Union pour la démocratie française;Rassemblement pour la République,RIGHT_UPF,train,2.0341852,False
EL136_L_1981_06_075_15_1_PF_01,1981-06-14,Rassemblement pour la République;Union pour la démocratie française,RIGHT_UNM,train,2.0322676,False
EL192_L_1993_03_056_04_1_PF_06,1993-03-21,Nouveaux écologistes du rassemblement nature et animaux;Union nationale écologiste;Parti pour la défense des animaux;Mouvement universaliste,ECO,train,2.0309863,False
EL134_L_1981_06_018_01_1_PF_01,1981-06-14,écologiste,ECO,train,2.0293531,False
EL190_L_1993_03_023_01_1_PF_05,1993-03-21,Union pour la démocratie française,RIGHT_UDF,train,2.0288615,False
EL191_L_1993_03_033_02_2_PF_02,1993-03-28,Front national,FAR_RIGHT_FN,train,2.0275414,False
EL134_L_1981_06_034_03_1_PF_03,1981-06-14,Parti communiste français;Mouvement des radicaux de gauche;Parti socialiste unifié;Gaulliste de progrès;écologiste;Organisations chrétiennes,LEFT_PCF,train,2.0262883,False
EL198_L_1993_03_092_04_1_PF_03,1993-03-21,Front national,FAR_RIGHT_FN,train,2.0253851,False
EL174_L_1988_06_011_02_1_PF_04,1988-06-05,Parti communiste français,LEFT_PCF,train,2.024515,False
EL191_L_1993_03_040_02_1_PF_05,1993-03-21,Front national,FAR_RIGHT_FN,train,2.02435,False
EL189_L_1993_03_014_02_1_PF_08,1993-03-21,Ligue communiste révolutionnaire,FAR_LEFT,train,2.0233393,False
EL177_L_1988_06_094_03_2_PF_02,1988-06-12,Union gaulliste pour la démocratie;Centre national des indépendants et paysans;Rassemblement pour la République;Union pour la démocratie française,RIGHT_URC,train,2.0224712,False
EL134_L_1981_06_010_03_1_PF_04,1981-06-14,Demain l'écologie,ECO,train,2.0221987,False
EL176_L_1988_06_064_05_1_PF_04,1988-06-05,Parti communiste français,LEFT_PCF,train,2.0219924,False
EL197_L_1993_03_084_02_2_PF_02,1993-03-28,Union pour la démocratie française;Rassemblement pour la République,RIGHT_UPF,train,2.0186553,False
EL198_L_1993_03_093_04_2_PF_02,1993-03-28,Rassemblement pour la République;Union pour la démocratie française,RIGHT_UPF,train,2.0181475,False
EL175_L_1988_06_051_03_1_PF_01,1988-06-05,Parti communiste français,LEFT_PCF,train,2.0166297,False
EL196_L_1993_03_078_11_1_PF_09,1993-03-21,Union pour la démocratie française;Rassemblement pour la République;Centre national des indépendants,RIGHT_UPF,test,2.0160823,False
EL197_L_1993_03_091_08_1_PF_04,1993-03-21,Rassemblement pour la République;Union pour la démocratie française,RIGHT_UPF,test,2.0075605,False
EL135_L_1981_06_051_02_1_PF_04,1981-06-14,écologiste,ECO,train,2.0051816,False
EL137_L_1981_06_081_03_1_PF_02,1981-06-14,Parti communiste français,LEFT_PCF,train,2.000364,False
EL176_L_1988_06_067_06_1_PF_02,1988-06-05,Union pour la démocratie française;Centre des démocrates sociaux,RIGHT_UDF,test,1.9999764,False
EL137_L_1981_06_093_05_1_PF_04,1981-06-14,Parti socialiste;Mouvement des radicaux de gauche,LEFT_PS,test,1.9988762,False
EL196_L_1993_03_076_05_1_PF_05,1993-03-21,Génération écologie;Verts,ECO,test,1.9977878,False
EL175_L_1988_06_041_01_1_PF_04,1988-06-05,Front national,FAR_RIGHT_FN,train,1.9955733,False
EL175_L_1988_06_030_02_1_PF_05,1988-06-05,Parti communiste français,LEFT_PCF,test,1.9924825,False
EL174_L_1988_06_013_08_1_PF_07,1988-06-05,Front national,FAR_RIGHT_FN,test,1.9923594,False
EL175_L_1988_06_050_01_1_PF_04,1988-06-05,Front national,FAR_RIGHT_FN,train,1.9895741,False
EL195_L_1993_03_074_05_1_PF_02,1993-03-21,Front national,FAR_RIGHT_FN,train,1.9875551,False
EL177_L_1988_06_090_01_1_PF_04,1988-06-05,Front national,FAR_RIGHT_FN,train,1.983268,False
EL191_L_1993_03_035_01_1_PF_07,1993-03-21,Union pour la démocratie française;Rassemblement pour la République,RIGHT_UPF,test,1.9824712,False
EL175_L_1988_06_051_03_2_PF_02,1988-06-12,Centre national des indépendants et paysans;Rassemblement pour la République;Union pour la démocratie française,RIGHT_URC,train,1.9818892,False
EL176_L_1988_06_074_04_1_PF_02,1988-06-05,Parti socialiste,LEFT_PS,test,1.979953,False
EL190_L_1993_03_028_04_1_PF_04,1993-03-21,Front national,FAR_RIGHT_FN,train,1.9757975,False
EL174_L_1988_06_002_02_2_PF_02,1988-06-12,Parti communiste français,LEFT_PCF,train,1.9750283,False
EL177_L_1988_06_075_05_2_PF_02,1988-06-12,Rassemblement pour la République;Union pour la démocratie française,RIGHT_URC,train,1.974269,False
EL136_L_1981_06_075_30_2_PF_01,1981-06-21,Parti socialiste,LEFT_PS,train,1.9739465,False
EL192_L_1993_03_049_01_1_PF_03,1993-03-21,Parti socialiste,LEFT_PS,train,1.9721947,False
EL177_L_1988_06_085_04_1_PF_03,1988-06-05,Front national,FAR_RIGHT_FN,train,1.9638193,False
EL134_L_1981_06_013_03_1_PF_06,1981-06-14,Front national,FAR_RIGHT_FN,train,1.9633675,False
EL134_L_1981_06_013_01_1_PF_05,1981-06-14,Union pour la démocratie française,RIGHT_UDF,train,1.9607073,False
EL134_L_1981_06_010_03_1_PF_05,1981-06-14,Parti socialiste,LEFT_PS,train,1.9591479,False
EL135_L_1981_06_036_02_1_PF_03,1981-06-14,Parti communiste français,LEFT_PCF,train,1.9581684,False
EL191_L_1993_03_034_02_2_PF_02,1993-03-28,Rassemblement pour la République;Union pour la démocratie française,RIGHT_UPF,train,1.9576912,False
EL190_L_1993_03_021_05_2_PF_02,1993-03-28,Union pour la démocratie française;Rassemblement pour la République;Centre national des indépendants,RIGHT_UPF,train,1.9575348,False
EL177_L_1988_06_092_01_1_PF_01,1988-06-05,Parti communiste français,LEFT_PCF,train,1.9553179,False
EL194_L_1993_03_069_06_1_PF_07,1993-03-21,Génération écologie;Verts;Alternative rouge et verte,ECO,train,1.9551822,False
EL136_L_1981_06_071_02_1_PF_03,1981-06-14,Parti communiste français,LEFT_PCF,train,1.9538437,False
EL198_L_1993_03_093_01_1_PF_01,1993-03-21,Front national,FAR_RIGHT_FN,test,1.9534496,False
EL191_L_1993_03_039_02_1_PF_03,1993-03-21,Parti communiste français,LEFT_PCF,test,1.953335,False
EL189_L_1993_03_002_03_1_PF_06,1993-03-21,Union pour la démocratie française;Parti radical,RIGHT_UDF,test,1.9516838,False
EL137_L_1981_06_094_05_2_PF_01,1981-06-21,Rassemblement pour la République;Union pour la démocratie française;Centre national des indépendants;Centre des démocrates sociaux;Parti républicain;Parti radical;Mouvement pour le socialisme par la participation;Union gaulliste pour la démocratie;Union des libéraux indépendants,RIGHT_UNM,test,1.9455326,False
EL174_L_1988_06_013_14_1_PF_07,1988-06-05,Front national,FAR_RIGHT_FN,test,1.9452548,False
EL198_L_1993_03_093_03_1_PF_03,1993-03-21,Front national,FAR_RIGHT_FN,train,1.9452474,False
EL137_L_1981_06_093_08_1_PF_09,1981-06-14,Centre national des indépendants;Rassemblement pour la République;Union pour la démocratie française,RIGHT_UNM,train,1.9445496,False
EL190_L_1993_03_028_03_1_PF_06,1993-03-21,Front national,FAR_RIGHT_FN,test,1.9410195,False
EL175_L_1988_06_031_01_1_PF_07,1988-06-05,Front national,FAR_RIGHT_FN,train,1.939817,False
EL135_L_1981_06_063_04_2_PF_01,1981-06-21,Parti socialiste;Parti communiste français,LEFT_PCF,train,1.9329453,False
EL177_L_1988_06_084_04_1_PF_06,1988-06-05,Front national,FAR_RIGHT_FN,test,1.9319503,False
EL192_L_1993_03_052_02_1_PF_07,1993-03-21,Nouveaux écologistes du rassemblement nature et animaux;Union nationale écologiste;Parti pour la défense des animaux;Mouvement universaliste,ECO,train,1.930891,False
EL198_L_1993_03_092_09_1_PF_02,1993-03-21,Front national,FAR_RIGHT_FN,train,1.9293811,False
EL189_L_1993_03_012_01_1_PF_05,1993-03-21,Front national,FAR_RIGHT_FN,train,1.9288304,False
EL176_L_1988_06_059_22_1_PF_02,1988-06-05,Front national,FAR_RIGHT_FN,train,1.9277674,False
EL175_L_1988_06_034_03_1_PF_04,1988-06-05,Front national,FAR_RIGHT_FN,test,1.9266257,False
EL135_L_1981_06_066_02_1_PF_02,1981-06-14,Parti socialiste,LEFT_PS,train,1.926565,False
EL194_L_1993_03_069_11_1_PF_02,1993-03-21,Front national,FAR_RIGHT_FN,train,1.9203392,False
EL197_L_1993_03_091_01_1_PF_01,1993-03-21,Rassemblement pour la République;Union pour la démocratie française,RIGHT_UPF,train,1.9190776,False
EL134_L_1981_06_028_02_1_PF_01,1981-06-14,Ligue communiste révolutionnaire,FAR_LEFT,train,1.9169556,False
EL136_L_1981_06_075_08_1_PF_04,1981-06-14,Parti communiste français,LEFT_PCF,test,1.9168034,False
EL196_L_1993_03_080_06_1_PF_07,1993-03-21,Nouveaux écologistes du rassemblement nature et animaux,ECO,train,1.9158453,False
EL197_L_1993_03_087_01_1_PF_08,1993-03-21,Front national,FAR_RIGHT_FN,train,1.9150279,False
EL198_L_1993_03_094_03_1_PF_06,1993-03-21,Verts;Génération écologie,ECO,train,1.9140483,False
EL136_L_1981_06_075_18_1_PF_03,1981-06-14,Front national,FAR_RIGHT_FN,test,1.9092218,False
EL190_L_1993_03_030_04_2_PF_02,1993-03-28,Parti communiste français,LEFT_PCF,train,1.9085422,False
EL191_L_1993_03_038_02_1_PF_06,1993-03-21,Union pour la démocratie française;Rassemblement pour la République,RIGHT_UPF,test,1.9070631,False
EL192_L_1993_03_057_06_1_PF_01,1993-03-21,Front national,FAR_RIGHT_FN,train,1.9066749,False
EL134_L_1981_06_013_01_1_PF_02,1981-06-14,Front national,FAR_RIGHT_FN,train,1.9064335,False
EL198_L_1993_03_094_05_1_PF_03,1993-03-21,Front national,FAR_RIGHT_FN,train,1.90519,False
EL198_L_1993_03_093_04_1_PF_02,1993-03-21,Rassemblement pour la République;Union pour la démocratie française,RIGHT_UPF,train,1.9005494,False
EL195_L_1993_03_072_05_1_PF_04,1993-03-21,Parti communiste français,LEFT_PCF,train,1.8974017,False
EL134_L_1981_06_013_05_1_PF_08,1981-06-14,Parti communiste français,LEFT_PCF,train,1.8945094,False
EL192_L_1993_03_044_08_2_PF_02,1993-03-28,Parti socialiste,LEFT_PS,train,1.8920304,False
EL177_L_1988_06_090_01_1_PF_01,1988-06-05,Parti communiste français,LEFT_PCF,train,1.891885,False
EL191_L_1993_03_034_05_1_PF_06,1993-03-21,Union pour la démocratie française;Rassemblement pour la République,RIGHT_UPF,train,1.8904268,False
EL196_L_1993_03_076_07_1_PF_02,1993-03-21,Ligue communiste révolutionnaire,FAR_LEFT,train,1.8893102,False
EL189_L_1993_03_014_02_2_PF_01,1993-03-28,Rassemblement pour la République;Union pour la démocratie française,RIGHT_UPF,train,1.8891505,False
EL190_L_1993_03_02B_02_1_PF_11,1993-03-21,Front national,FAR_RIGHT_FN,train,1.8845782,False
EL135_L_1981_06_044_01_2_PF_01,1981-06-21,Rassemblement pour la République;Union pour la démocratie française,RIGHT_UNM,train,1.8822864,False
EL191_L_1993_03_042_05_2_PF_02,1993-03-28,Union pour la démocratie française;Rassemblement pour la République,RIGHT_UPF,train,1.8814948,False
EL191_L_1993_03_035_03_1_PF_04,1993-03-21,Parti socialiste,LEFT_PS,train,1.8813103,False
EL134_L_1981_06_024_01_2_PF_01,1981-06-21,Parti socialiste,LEFT_PS,train,1.8798093,False
EL176_L_1988_06_059_21_1_PF_05,1988-06-05,Rassemblement pour la République;Union pour la démocratie française;Centre national des indépendants et paysans,RIGHT_URC,train,1.8741033,False
EL191_L_1993_03_035_07_1_PF_09,1993-03-21,Nouveaux écologistes du rassemblement nature et animaux,ECO,test,1.8723344,False
EL177_L_1988_06_081_01_1_PF_05,1988-06-05,Front national,FAR_RIGHT_FN,train,1.8698273,False
EL198_L_1993_03_093_06_1_PF_07,1993-03-21,Rassemblement pour la République;Union pour la démocratie française,RIGHT_UPF,test,1.8661993,False
EL175_L_1988_06_037_01_1_PF_03,1988-06-05,Front national,FAR_RIGHT_FN,train,1.8652251,False
EL197_L_1993_03_086_01_1_PF_01,1993-03-21,Parti socialiste,LEFT_PS,test,1.8625648,False
EL189_L_1993_03_002_05_2_PF_02,1993-03-28,Parti socialiste;Parti communiste français;Mouvement des radicaux de gauche;Mouvement des réformateurs,LEFT_PCF,train,1.862384,False
EL174_L_1988_06_011_01_1_PF_02,1988-06-05,Front national,FAR_RIGHT_FN,train,1.8556328,False
EL194_L_1993_03_066_04_1_PF_02,1993-03-21,Parti communiste français,LEFT_PCF,train,1.8534167,False
EL174_L_1988_06_012_03_1_PF_01,1988-06-05,Parti communiste français,LEFT_PCF,train,1.8525891,False
EL175_L_1988_06_038_09_1_PF_04,1988-06-05,Parti communiste français,LEFT_PCF,train,1.8524263,False
EL190_L_1993_03_027_04_1_PF_02,1993-03-21,Parti communiste français,LEFT_PCF,train,1.8522319,False
EL189_L_1993_03_013_06_1_PF_03,1993-03-21,Parti communiste français,LEFT_PCF,train,1.8510242,False
EL175_L_1988_06_039_01_2_PF_01,1988-06-12,Rassemblement pour la République;Union pour la démocratie française,RIGHT_URC,train,1.8467083,False
EL174_L_1988_06_003_04_1_PF_04,1988-06-05,Front national,FAR_RIGHT_FN,train,1.8447505,False
EL198_L_1993_03_092_01_2_PF_01,1993-03-28,Parti socialiste;Mouvement des radicaux de gauche;Ligue communiste révolutionnaire,LEFT_PS,train,1.8443639,False
EL191_L_1993_03_042_02_1_PF_07,1993-03-21,Union pour la démocratie française;Rassemblement pour la République,RIGHT_UPF,train,1.8442955,False
EL174_L_1988_06_007_01_1_PF_04,1988-06-05,Front national,FAR_RIGHT_FN,test,1.8437871,False
EL177_L_1988_06_084_01_1_PF_04,1988-06-05,Front national,FAR_RIGHT_FN,test,1.8421401,False
EL191_L_1993_03_037_05_1_PF_08,1993-03-21,Front national,FAR_RIGHT_FN,train,1.8406609,False
EL176_L_1988_06_059_23_1_PF_03,1988-06-05,Front national,FAR_RIGHT_FN,train,1.8390267,False
EL136_L_1981_06_075_10_1_PF_05,1981-06-14,Parti communiste français,LEFT_PCF,train,1.8370117,False
EL135_L_1981_06_041_02_2_PF_01,1981-06-21,Union pour la démocratie française;Rassemblement pour la République,RIGHT_UNM,train,1.8363432,False
EL192_L_1993_03_056_02_1_PF_06,1993-03-21,Nouveaux écologistes du rassemblement nature et animaux;Union nationale écologiste;Parti pour la défense des animaux;Mouvement universaliste,ECO,test,1.8348876,False
EL174_L_1988_06_013_09_1_PF_01,1988-06-05,Parti communiste français,LEFT_PCF,train,1.8341075,False
EL137_L_1981_06_076_04_1_PF_06,1981-06-14,écologistes,ECO,train,1.833811,False
EL176_L_1988_06_059_05_1_PF_03,1988-06-05,Front national,FAR_RIGHT_FN,train,1.8299809,False
EL191_L_1993_03_033_06_1_PF_04,1993-03-21,Front national,FAR_RIGHT_FN,train,1.8293349,False
EL174_L_1988_06_026_03_1_PF_04,1988-06-05,Front national,FAR_RIGHT_FN,train,1.8275721,False
EL136_L_1981_06_071_05_1_PF_01,1981-06-14,Parti socialiste,LEFT_PS,train,1.8264378,False
EL194_L_1993_03_069_13_2_PF_01,1993-03-28,Front national,FAR_RIGHT_FN,test,1.8261979,False
EL175_L_1988_06_052_02_1_PF_04,1988-06-05,Front national,FAR_RIGHT_FN,train,1.8261037,False
EL137_L_1981_06_988_01_1_PF_03,1981-06-14,Front indépendantiste;Libération Kanak socialiste;Front uni de libération kanak;Parti socialiste calédonien,LEFT_PS,train,1.8260518,False
EL198_L_1993_03_094_03_1_PF_03,1993-03-21,Front national,FAR_RIGHT_FN,train,1.8260039,False
EL175_L_1988_06_054_06_1_PF_01,1988-06-05,Front national,FAR_RIGHT_FN,test,1.8238108,False
EL134_L_1981_06_034_05_1_PF_02,1981-06-14,Rassemblement pour la République;Union pour la démocratie française,RIGHT_UNM,test,1.8216469,False
EL194_L_1993_03_065_03_1_PF_08,1993-03-21,Nouveaux écologistes du rassemblement nature et animaux,ECO,train,1.8209685,False
EL197_L_1993_03_086_02_1_PF_06,1993-03-21,Parti socialiste,LEFT_PS,train,1.8207645,False
EL176_L_1988_06_070_02_1_PF_01,1988-06-05,Parti communiste français,LEFT_PCF,test,1.8195653,False
EL195_L_1993_03_074_04_1_PF_04,1993-03-21,Front national,FAR_RIGHT_FN,train,1.8173912,False
EL176_L_1988_06_059_13_2_PF_01,1988-06-12,Parti communiste français,LEFT_PCF,train,1.8163728,False
EL177_L_1988_06_091_10_2_PF_02,1988-06-12,Centre national des indépendants et paysans;Rassemblement pour la République;Union pour la démocratie française,RIGHT_URC,train,1.8152757,False
EL174_L_1988_06_013_03_1_PF_02,1988-06-05,Parti communiste français,LEFT_PCF,train,1.8136045,False
EL177_L_1988_06_093_01_1_PF_04,1988-06-05,Front national,FAR_RIGHT_FN,train,1.8128916,False
EL194_L_1993_03_068_07_1_PF_08,1993-03-21,Parti communiste français,LEFT_PCF,train,1.8109466,False
EL190_L_1993_03_017_01_1_PF_06,1993-03-21,Ecologie les Verts,ECO,test,1.8097758,False
EL137_L_1981_06_091_02_1_PF_03,1981-06-14,Parti socialiste,LEFT_PS,train,1.8088933,False
EL175_L_1988_06_030_02_1_PF_01,1988-06-05,Front national,FAR_RIGHT_FN,train,1.8082641,False
EL137_L_1981_06_080_01_1_PF_05,1981-06-14,Union pour la démocratie française,RIGHT_UDF,train,1.8062224,False
EL190_L_1993_03_024_02_1_PF_08,1993-03-21,Union pour la démocratie française;Rassemblement pour la République,RIGHT_UPF,train,1.8055071,False
EL174_L_1988_06_025_05_1_PF_04,1988-06-05,Parti communiste français,LEFT_PCF,train,1.8048965,False
EL174_L_1988_06_013_05_1_PF_07,1988-06-05,Front national,FAR_RIGHT_FN,train,1.8035538,False
EL137_L_1981_06_080_03_2_PF_01,1981-06-21,Parti communiste français;Mouvement des radicaux de gauche;Parti socialiste,LEFT_PCF,train,1.8031088,False
EL174_L_1988_06_027_05_1_PF_04,1988-06-05,Parti communiste français,LEFT_PCF,train,1.8024814,False
EL195_L_1993_03_074_02_1_PF_02,1993-03-21,Front national,FAR_RIGHT_FN,train,1.8016659,False
EL135_L_1981_06_037_04_2_PF_01,1981-06-21,Parti socialiste;Mouvement des radicaux de gauche;Lutte ouvrière;Parti communiste français,LEFT_PCF,test,1.8014073,False
EL193_L_1993_03_059_24_1_PF_04,1993-03-21,Front national,FAR_RIGHT_FN,train,1.8001531,False
EL136_L_1981_06_073_03_1_PF_02,1981-06-14,Rassemblement pour la République;Union pour la démocratie française,RIGHT_UNM,train,1.7992785,False
EL192_L_1993_03_048_02_1_PF_06,1993-03-21,Nouveaux écologistes du rassemblement nature et animaux;Union nationale écologiste;Parti pour la défense des animaux;Mouvement universaliste,ECO,train,1.7959256,False
EL177_L_1988_06_093_08_1_PF_02,1988-06-05,Parti communiste français,LEFT_PCF,test,1.795545,False
EL177_L_1988_06_988_02_1_PF_01,1988-06-05,Front national,FAR_RIGHT_FN,train,1.7937843,False
EL193_L_1993_03_062_06_1_PF_05,1993-03-21,Rassemblement pour la République;Union pour la démocratie française,RIGHT_UPF,train,1.7932496,False
EL177_L_1988_06_083_06_1_PF_02,1988-06-05,Front national,FAR_RIGHT_FN,train,1.7928559,False
EL137_L_1981_06_088_03_1_PF_01,1981-06-14,Lutte ouvrière,FAR_LEFT,train,1.7927715,False
EL196_L_1993_03_081_04_1_PF_02,1993-03-21,Union pour la démocratie française;Parti républicain,RIGHT_UDF,train,1.791157,False
EL190_L_1993_03_027_05_2_PF_02,1993-03-28,Front national,FAR_RIGHT_FN,train,1.7903842,False
EL190_L_1993_03_022_05_2_PF_02,1993-03-28,Parti socialiste,LEFT_PS,test,1.7896746,False
EL194_L_1993_03_068_06_1_PF_08,1993-03-21,Nouveaux écologistes du rassemblement nature et animaux,ECO,train,1.7876991,False
EL135_L_1981_06_059_19_1_PF_01,1981-06-14,Parti communiste français,LEFT_PCF,train,1.7869595,False
EL191_L_1993_03_033_02_1_PF_04,1993-03-21,Mouvement des radicaux de gauche,LEFT_PS,train,1.7861563,False
EL192_L_1993_03_057_04_2_PF_02,1993-03-28,Rassemblement pour la République;Union pour la démocratie française,RIGHT_UPF,train,1.7853205,False
EL194_L_1993_03_067_08_1_PF_03,1993-03-21,Rassemblement pour la République,RIGHT_RPR,train,1.7845727,False
EL189_L_1993_03_013_16_1_PF_01,1993-03-21,Front national,FAR_RIGHT_FN,train,1.783406,False
EL192_L_1993_03_058_03_1_PF_03,1993-03-21,Front national,FAR_RIGHT_FN,test,1.7832453,False
EL189_L_1993_03_009_01_1_PF_03,1993-03-21,Ecologie les Verts,ECO,train,1.781865,False
EL175_L_1988_06_029_03_1_PF_02,1988-06-05,Front national,FAR_RIGHT_FN,test,1.7788578,False
EL135_L_1981_06_038_05_1_PF_06,1981-06-14,Union pour la démocratie française,RIGHT_UDF,train,1.7786397,False
EL193_L_1993_03_059_04_1_PF_05,1993-03-21,Parti socialiste,LEFT_PS,train,1.7781994,False
EL192_L_1993_03_057_02_1_PF_05,1993-03-21,Verts;Génération écologie,ECO,test,1.7776875,False
EL190_L_1993_03_025_04_1_PF_03,1993-03-21,Solidarité écologie gauche alternative,ECO,train,1.7774605,False
EL177_L_1988_06_079_01_1_PF_04,1988-06-05,Front national,FAR_RIGHT_FN,train,1.7772105,False
EL189_L_1993_03_013_16_1_PF_07,1993-03-21,Rassemblement pour la République;Union pour la démocratie française,RIGHT_UPF,train,1.7769648,False
EL176_L_1988_06_059_01_1_PF_02,1988-06-05,Rassemblement pour la République;Union pour la démocratie française;Centre national des indépendants et paysans,RIGHT_URC,test,1.7752569,False
EL194_L_1993_03_068_07_2_PF_01,1993-03-28,Rassemblement pour la République;Union pour la démocratie française;Centre des démocrates sociaux,RIGHT_UPF,train,1.77475,False
EL197_L_1993_03_091_03_2_PF_02,1993-03-28,Rassemblement pour la République;Union pour la démocratie française,RIGHT_UPF,train,1.7719662,False
EL195_L_1993_03_075_09_1_PF_04,1993-03-21,Jeunesses communistes révolutionnaires;Groupe socialiste internationaliste,LEFT_PS,train,1.7714664,False
EL134_L_1981_06_013_11_1_PF_04,1981-06-14,Parti communiste français,LEFT_PCF,test,1.770087,False
EL136_L_1981_06_067_02_2_PF_01,1981-06-21,Rassemblement pour la République;Union pour la démocratie française,RIGHT_UNM,train,1.7683553,False
EL137_L_1981_06_087_02_2_PF_01,1981-06-21,Parti communiste français;Parti socialiste,LEFT_PCF,test,1.7677718,False
EL193_L_1993_03_061_01_2_PF_01,1993-03-28,Rassemblement pour la République,RIGHT_RPR,train,1.7646164,False
EL177_L_1988_06_082_02_1_PF_01,1988-06-05,Parti communiste français,LEFT_PCF,train,1.7625983,False
EL196_L_1993_03_077_03_2_PF_02,1993-03-28,Front national,FAR_RIGHT_FN,train,1.7622901,False
EL177_L_1988_06_079_04_1_PF_01,1988-06-05,Parti communiste français,LEFT_PCF,test,1.7620819,False
EL190_L_1993_03_030_04_1_PF_07,1993-03-21,Alliance pour l'écologie et la démocratie,ECO,train,1.7612506,False
EL175_L_1988_06_044_09_1_PF_04,1988-06-05,Front national,FAR_RIGHT_FN,train,1.760124,False
EL177_L_1988_06_075_11_2_PF_02,1988-06-12,Rassemblement pour la République;Union pour la démocratie française,RIGHT_URC,train,1.7594708,False
EL196_L_1993_03_077_05_2_PF_02,1993-03-28,Front national,FAR_RIGHT_FN,test,1.7593505,False
EL177_L_1988_06_095_03_1_PF_01,1988-06-05,Parti communiste français,LEFT_PCF,train,1.7579018,False
EL177_L_1988_06_093_03_1_PF_05,1988-06-05,socialiste,LEFT_PS,test,1.7575951,False
EL194_L_1993_03_068_03_1_PF_04,1993-03-21,Front national,FAR_RIGHT_FN,train,1.7566636,False
EL176_L_1988_06_060_07_1_PF_03,1988-06-05,Union pour la démocratie française;Rassemblement pour la République,RIGHT_URC,train,1.7561406,False
EL193_L_1993_03_062_13_1_PF_07,1993-03-21,Union pour la démocratie française;Rassemblement pour la République;Centre des démocrates sociaux;Parti républicain;Parti radical;Parti social démocrate,RIGHT_UPF,train,1.7546448,False
EL175_L_1988_06_030_05_1_PF_04,1988-06-05,Parti communiste français,LEFT_PCF,test,1.7542198,False
EL189_L_1993_03_010_03_1_PF_05,1993-03-21,Parti communiste français,LEFT_PCF,train,1.7516385,False
EL177_L_1988_06_092_08_1_PF_05,1988-06-05,Meudon écologie;Amis de la Terre;Nature et progrès;Confédération syndicale du cadre de vie;Alternative,ECO,train,1.7513003,False
EL194_L_1993_03_068_02_1_PF_06,1993-03-21,Parti communiste français,LEFT_PCF,train,1.7495936,False
EL175_L_1988_06_042_07_1_PF_04,1988-06-05,Front national,FAR_RIGHT_FN,train,1.7483076,False
EL195_L_1993_03_075_21_1_PF_08,1993-03-21,Parti communiste français,LEFT_PCF,train,1.7478048,False
EL174_L_1988_06_014_02_1_PF_01,1988-06-05,Parti communiste français,LEFT_PCF,train,1.745825,False
EL177_L_1988_06_075_17_1_PF_03,1988-06-05,Rassemblement pour la République;Union pour la démocratie française,RIGHT_URC,test,1.7452216,False
EL195_L_1993_03_075_18_2_PF_01,1993-03-28,Rassemblement pour la République;Union pour la démocratie française,RIGHT_UPF,train,1.7446575,False
EL198_L_1993_03_093_05_1_PF_07,1993-03-21,Parti socialiste,LEFT_PS,test,1.7439369,False
EL197_L_1993_03_088_02_1_PF_04,1993-03-21,Ecologie les Verts;Génération écologie,ECO,train,1.7436106,False
EL135_L_1981_06_042_06_1_PF_02,1981-06-14,Parti socialiste,LEFT_PS,train,1.7427979,False
EL174_L_1988_06_025_03_1_PF_03,1988-06-05,Parti communiste français,LEFT_PCF,train,1.7424896,False
EL177_L_1988_06_094_06_2_PF_01,1988-06-12,Parti socialiste,LEFT_PS,train,1.7419189,False
EL135_L_1981_06_061_03_2_PF_01,1981-06-21,Parti socialiste,LEFT_PS,train,1.7408442,False
EL135_L_1981_06_062_11_2_PF_02,1981-06-21,Centre des démocrates sociaux;Union pour la démocratie française,RIGHT_UDF,train,1.7406025,False
EL195_L_1993_03_075_19_1_PF_04,1993-03-21,Ligue communiste révolutionnaire,FAR_LEFT,train,1.7386739,False
EL198_L_1993_03_094_04_2_PF_02,1993-03-28,Front national,FAR_RIGHT_FN,train,1.737337,False
EL196_L_1993_03_076_06_1_PF_05,1993-03-21,Entente pour la démocratie et l'écologie en Normandie;Alliance pour l'écologie et la démocratie,ECO,train,1.7370869,False
EL198_L_1993_03_094_06_1_PF_08,1993-03-21,Rassemblement pour la République;Union pour la démocratie française,RIGHT_UPF,train,1.7370442,False
EL198_L_1993_03_093_05_2_PF_01,1993-03-28,Parti communiste français,LEFT_PCF,train,1.7342069,False
EL176_L_1988_06_057_05_2_PF_01,1988-06-12,Union pour la démocratie française;Rassemblement pour la République,RIGHT_URC,test,1.73341,False
EL174_L_1988_06_021_04_1_PF_02,1988-06-05,Parti communiste français,LEFT_PCF,train,1.7322625,False
EL137_L_1981_06_095_05_2_PF_01,1981-06-21,Parti socialiste;Parti communiste français,LEFT_PCF,train,1.730527,False
EL174_L_1988_06_013_13_1_PF_05,1988-06-05,Front national,FAR_RIGHT_FN,train,1.7294064,False
EL175_L_1988_06_041_03_1_PF_03,1988-06-05,Parti communiste français,LEFT_PCF,test,1.7270476,False
EL192_L_1993_03_054_05_1_PF_06,1993-03-21,Verts;Génération écologie,ECO,test,1.7269604,False
EL194_L_1993_03_064_02_1_PF_07,1993-03-21,Nouveaux écologistes du rassemblement nature et animaux,ECO,train,1.726803,False
EL135_L_1981_06_051_01_1_PF_04,1981-06-14,Mouvement des radicaux de gauche,LEFT_PS,train,1.7264434,False
EL135_L_1981_06_055_02_2_PF_02,1981-06-21,Parti socialiste;Parti communiste français,LEFT_PCF,test,1.7262367,False
EL136_L_1981_06_067_05_1_PF_02,1981-06-14,Parti socialiste,LEFT_PS,train,1.7260553,False
EL177_L_1988_06_078_09_1_PF_06,1988-06-05,Front national,FAR_RIGHT_FN,test,1.7260501,False
EL195_L_1993_03_071_04_1_PF_06,1993-03-21,Parti socialiste;Mouvement des radicaux de gauche,LEFT_PS,test,1.7257077,False
EL190_L_1993_03_021_03_1_PF_06,1993-03-21,Union pour la démocratie française;Rassemblement pour la République;Centre national des indépendants,RIGHT_UPF,train,1.7225524,False
EL136_L_1981_06_075_30_1_PF_02,1981-06-14,Parti communiste français,LEFT_PCF,train,1.7213645,False
EL134_L_1981_06_019_03_1_PF_04,1981-06-14,Front national,FAR_RIGHT_FN,test,1.7207812,False
EL198_L_1993_03_094_07_1_PF_03,1993-03-21,Front national,FAR_RIGHT_FN,train,1.7203956,False
EL175_L_1988_06_031_03_1_PF_01,1988-06-05,Parti communiste français,LEFT_PCF,train,1.7188544,False
EL191_L_1993_03_037_03_1_PF_03,1993-03-21,Front national,FAR_RIGHT_FN,train,1.7174531,False
EL136_L_1981_06_075_25_1_PF_04,1981-06-14,Parti communiste français,LEFT_PCF,train,1.7168071,False
EL137_L_1981_06_091_04_1_PF_09,1981-06-14,Parti communiste français,LEFT_PCF,train,1.7153434,False
EL175_L_1988_06_038_05_1_PF_04,1988-06-05,Parti communiste français,LEFT_PCF,train,1.714059,False
EL177_L_1988_06_094_11_1_PF_06,1988-06-05,Parti communiste français,LEFT_PCF,train,1.7129571,False
EL137_L_1981_06_093_09_1_PF_11,1981-06-14,Rassemblement pour la République,RIGHT_RPR,train,1.7124144,False
EL175_L_1988_06_055_02_1_PF_04,1988-06-05,Parti communiste français,LEFT_PCF,train,1.7116479,False
EL134_L_1981_06_013_03_2_PF_01,1981-06-21,Parti socialiste,LEFT_PS,train,1.7105767,False
EL174_L_1988_06_016_04_1_PF_03,1988-06-05,Rassemblement pour la République;Union pour la démocratie française,RIGHT_URC,train,1.7101214,False
EL189_L_1993_03_002_02_1_PF_07,1993-03-21,Union pour la démocratie française;Rassemblement pour la République,RIGHT_UPF,train,1.7082334,False
EL197_L_1993_03_083_05_1_PF_06,1993-03-21,Union pour la démocratie française,RIGHT_UDF,train,1.7081178,False
EL175_L_1988_06_031_06_1_PF_05,1988-06-05,Front national,FAR_RIGHT_FN,train,1.7075907,False
EL134_L_1981_06_019_02_2_PF_01,1981-06-21,Parti socialiste,LEFT_PS,train,1.7075595,False
EL189_L_1993_03_006_09_1_PF_04,1993-03-21,Parti communiste français,LEFT_PCF,test,1.70631,False
EL189_L_1993_03_012_01_1_PF_03,1993-03-21,Verts,ECO,train,1.7063029,False
EL197_L_1993_03_088_01_1_PF_07,1993-03-21,Parti communiste français,LEFT_PCF,train,1.705132,False
EL135_L_1981_06_057_08_1_PF_01,1981-06-14,Parti socialiste,LEFT_PS,train,1.7046009,False
EL175_L_1988_06_055_01_1_PF_02,1988-06-05,Parti communiste français,LEFT_PCF,train,1.7040006,False
EL136_L_1981_06_075_31_1_PF_04,1981-06-14,Parti communiste français,LEFT_PCF,train,1.7039689,False
EL135_L_1981_06_036_01_1_PF_01,1981-06-14,Union pour la démocratie française;Rassemblement pour la République,RIGHT_UNM,train,1.7034997,False
EL174_L_1988_06_02B_01_1_PF_02,1988-06-05,Parti communiste français,LEFT_PCF,train,1.703395,False
EL136_L_1981_06_068_03_1_PF_02,1981-06-14,Rassemblement pour la République;Union pour la démocratie française,RIGHT_UNM,train,1.703114,False
EL134_L_1981_06_022_04_1_PF_02,1981-06-14,Union pour la démocratie française,RIGHT_UDF,train,1.7012482,False
EL177_L_1988_06_084_03_2_PF_01,1988-06-12,Rassemblement pour la République;Union pour la démocratie française,RIGHT_URC,train,1.7011645,False
EL175_L_1988_06_042_06_1_PF_03,1988-06-05,Parti communiste français,LEFT_PCF,train,1.7007176,False
EL134_L_1981_06_027_01_2_PF_02,1981-06-21,Union pour la démocratie française,RIGHT_UDF,test,1.700292,False
EL191_L_1993_03_034_05_1_PF_01,1993-03-21,Parti communiste français,LEFT_PCF,test,1.7001,False
EL195_L_1993_03_074_01_1_PF_01,1993-03-21,Front national,FAR_RIGHT_FN,train,1.6998632,False
EL176_L_1988_06_064_02_1_PF_01,1988-06-05,Parti communiste français,LEFT_PCF,train,1.6981034,False
EL177_L_1988_06_093_12_1_PF_04,1988-06-05,Centre national des indépendants et paysans;Rassemblement pour la République;Union pour la démocratie française,RIGHT_URC,train,1.6974485,False
EL177_L_1988_06_083_07_1_PF_02,1988-06-05,Parti communiste français,LEFT_PCF,train,1.6960595,False
EL176_L_1988_06_056_05_1_PF_01,1988-06-05,Parti communiste français,LEFT_PCF,train,1.6955283,False
EL197_L_1993_03_084_04_2_PF_01,1993-03-28,Front national,FAR_RIGHT_FN,train,1.6949809,False
EL134_L_1981_06_033_10_1_PF_01,1981-06-14,Parti socialiste,LEFT_PS,train,1.694508,False
EL137_L_1981_06_080_02_2_PF_02,1981-06-21,Parti socialiste,LEFT_PS,test,1.6934539,False
EL174_L_1988_06_021_02_1_PF_01,1988-06-05,Rassemblement pour la République,RIGHT_RPR,test,1.6933358,False
EL177_L_1988_06_084_01_1_PF_05,1988-06-05,Verts,ECO,train,1.6930953,False
EL134_L_1981_06_030_02_1_PF_05,1981-06-14,Rassemblement pour la République,RIGHT_RPR,train,1.6930932,False
EL194_L_1993_03_064_01_2_PF_01,1993-03-28,Union pour la démocratie française;Rassemblement pour la République,RIGHT_UPF,test,1.6929646,False
EL196_L_1993_03_078_08_2_PF_02,1993-03-28,Front national;Association de défense de la famille en Yvelines,FAR_RIGHT_FN,test,1.6901753,False
EL197_L_1993_03_087_04_1_PF_03,1993-03-21,Rassemblement pour la République;Union pour la démocratie française,RIGHT_UPF,train,1.6894044,False
EL136_L_1981_06_075_28_1_PF_06,1981-06-14,Parti communiste français,LEFT_PCF,train,1.6892719,False
EL174_L_1988_06_011_02_1_PF_02,1988-06-05,Front national,FAR_RIGHT_FN,test,1.6880004,False
EL191_L_1993_03_041_01_1_PF_01,1993-03-21,Parti communiste français,LEFT_PCF,train,1.6863256,False
EL192_L_1993_03_056_06_1_PF_08,1993-03-21,Nouveaux écologistes du rassemblement nature et animaux;Union nationale écologiste;Parti pour la défense des animaux;Mouvement universaliste,ECO,train,1.6850075,False
EL191_L_1993_03_035_07_2_PF_01,1993-03-28,Union pour la démocratie française;Rassemblement pour la République,RIGHT_UPF,test,1.6832494,False
EL174_L_1988_06_016_03_1_PF_03,1988-06-05,Front national,FAR_RIGHT_FN,train,1.6830771,False
EL175_L_1988_06_034_06_1_PF_05,1988-06-05,Front national,FAR_RIGHT_FN,train,1.6830333,False
EL192_L_1993_03_049_05_2_PF_02,1993-03-28,Union pour la démocratie française;Rassemblement pour la République,RIGHT_UPF,train,1.6822278,False
EL198_L_1993_03_092_12_1_PF_11,1993-03-21,Nouveaux écologistes du rassemblement nature et animaux,ECO,train,1.6813077,False
EL196_L_1993_03_076_04_1_PF_06,1993-03-21,Union pour la démocratie française;Rassemblement pour la République,RIGHT_UPF,train,1.6807688,False
EL136_L_1981_06_075_02_1_PF_03,1981-06-14,Parti communiste français,LEFT_PCF,train,1.6767937,False
EL174_L_1988_06_027_01_1_PF_03,1988-06-05,Parti communiste français,LEFT_PCF,train,1.676715,False
EL190_L_1993_03_021_05_1_PF_08,1993-03-21,Nouveaux écologistes du rassemblement nature et animaux,ECO,train,1.6765347,False
EL177_L_1988_06_084_02_1_PF_04,1988-06-05,Front national,FAR_RIGHT_FN,train,1.6764243,False
EL196_L_1993_03_081_02_2_PF_02,1993-03-28,Parti socialiste,LEFT_PS,train,1.6744826,False
EL177_L_1988_06_078_09_2_PF_01,1988-06-12,Rassemblement pour la République;Union pour la démocratie française,RIGHT_URC,train,1.674329,False
EL134_L_1981_06_014_02_2_PF_01,1981-06-21,Parti socialiste,LEFT_PS,train,1.6742481,False
EL176_L_1988_06_064_03_1_PF_01,1988-06-05,Parti communiste français,LEFT_PCF,test,1.6726261,False
EL135_L_1981_06_052_02_2_PF_02,1981-06-21,Union pour la démocratie française;Rassemblement pour la République,RIGHT_UNM,train,1.6723769,False
EL177_L_1988_06_091_02_1_PF_01,1988-06-05,Parti communiste français,LEFT_PCF,train,1.6721845,False
EL174_L_1988_06_026_02_1_PF_04,1988-06-05,Front national,FAR_RIGHT_FN,test,1.6713898,False
EL176_L_1988_06_059_01_1_PF_05,1988-06-05,Front national,FAR_RIGHT_FN,train,1.6706597,False
EL176_L_1988_06_067_09_1_PF_03,1988-06-05,Union pour la démocratie française,RIGHT_UDF,train,1.6700555,False
EL198_L_1993_03_095_07_1_PF_06,1993-03-21,Rassemblement pour la République,RIGHT_RPR,train,1.6693747,False
EL198_L_1993_03_094_01_1_PF_02,1993-03-21,Front national,FAR_RIGHT_FN,test,1.6683177,False
EL137_L_1981_06_084_03_1_PF_02,1981-06-14,Rassemblement pour la République,RIGHT_RPR,train,1.6672944,False
EL136_L_1981_06_075_14_1_PF_08,1981-06-14,Parti communiste français,LEFT_PCF,test,1.6664557,False
EL190_L_1993_03_018_02_1_PF_08,1993-03-21,Rassemblement pour la République;Union pour la démocratie française,RIGHT_UPF,train,1.666315,False
EL137_L_1981_06_972_02_1_PF_05,1981-06-14,Rassemblement pour la République;Union pour la démocratie française,RIGHT_UNM,test,1.6655538,False
EL193_L_1993_03_059_18_1_PF_05,1993-03-21,Front national,FAR_RIGHT_FN,train,1.6653502,False
EL137_L_1981_06_092_02_1_PF_01,1981-06-14,Rassemblement pour la République,RIGHT_RPR,test,1.663829,False
EL195_L_1993_03_075_07_1_PF_02,1993-03-21,Parti socialiste;Mouvement des radicaux de gauche,LEFT_PS,train,1.6637766,False
EL175_L_1988_06_042_06_1_PF_01,1988-06-05,Rassemblement pour la République;Union pour la démocratie française,RIGHT_URC,test,1.6618599,False
EL135_L_1981_06_059_23_1_PF_02,1981-06-14,Parti socialiste unifié,LEFT_PS,train,1.6611139,False
EL193_L_1993_03_059_11_1_PF_01,1993-03-21,Parti socialiste,LEFT_PS,train,1.6596532,False
EL189_L_1993_03_013_11_1_PF_06,1993-03-21,Front national,FAR_RIGHT_FN,train,1.659331,False
EL177_L_1988_06_094_06_1_PF_04,1988-06-05,Parti communiste français,LEFT_PCF,test,1.6587747,False
EL189_L_1993_03_006_02_2_PF_02,1993-03-28,Front national,FAR_RIGHT_FN,train,1.6572361,False
EL194_L_1993_03_066_01_2_PF_02,1993-03-28,Front national,FAR_RIGHT_FN,train,1.6566415,False
EL193_L_1993_03_059_16_1_PF_04,1993-03-21,Front national,FAR_RIGHT_FN,test,1.656046,False
EL190_L_1993_03_024_02_1_PF_09,1993-03-21,Front national,FAR_RIGHT_FN,train,1.654241,False
EL175_L_1988_06_045_01_1_PF_04,1988-06-05,Front national,FAR_RIGHT_FN,train,1.6541206,False
EL191_L_1993_03_042_07_1_PF_07,1993-03-21,Génération écologie;Verts,ECO,train,1.6533718,False
EL134_L_1981_06_031_03_2_PF_02,1981-06-21,Rassemblement pour la République;Union pour la démocratie française,RIGHT_UNM,train,1.6533504,False
EL196_L_1993_03_081_02_1_PF_04,1993-03-21,Front national,FAR_RIGHT_FN,train,1.6530427,False
EL135_L_1981_06_062_04_1_PF_02,1981-06-14,Parti socialiste,LEFT_PS,train,1.6521693,False
EL196_L_1993_03_078_07_1_PF_03,1993-03-21,Verts,ECO,train,1.649929,False
EL176_L_1988_06_059_10_1_PF_04,1988-06-05,Front national,FAR_RIGHT_FN,test,1.6497533,False
EL175_L_1988_06_038_06_1_PF_01,1988-06-05,Front national,FAR_RIGHT_FN,train,1.6492544,False
EL177_L_1988_06_093_03_1_PF_01,1988-06-05,Parti communiste français,LEFT_PCF,train,1.6489159,False
EL177_L_1988_06_094_11_1_PF_03,1988-06-05,Front national,FAR_RIGHT_FN,train,1.6483772,False
EL177_L_1988_06_075_13_1_PF_06,1988-06-05,Front national,FAR_RIGHT_FN,test,1.6483738,False
EL192_L_1993_03_045_01_1_PF_08,1993-03-21,Front national,FAR_RIGHT_FN,train,1.6480157,False
EL193_L_1993_03_063_05_1_PF_02,1993-03-21,Parti communiste français,LEFT_PCF,train,1.6446825,False
EL190_L_1993_03_017_02_1_PF_07,1993-03-21,Front national,FAR_RIGHT_FN,train,1.64415,False
EL190_L_1993_03_017_04_2_PF_01,1993-03-28,Rassemblement pour la République;Union pour la démocratie française,RIGHT_UPF,train,1.6431558,False
EL193_L_1993_03_059_22_1_PF_03,1993-03-21,Front national,FAR_RIGHT_FN,train,1.6430832,False
EL198_L_1993_03_094_11_1_PF_03,1993-03-21,Front national,FAR_RIGHT_FN,train,1.6429439,False
EL134_L_1981_06_013_04_1_PF_05,1981-06-14,Front national,FAR_RIGHT_FN,test,1.642382,False
EL175_L_1988_06_033_03_1_PF_04,1988-06-05,Front national,FAR_RIGHT_FN,train,1.642301,False
EL177_L_1988_06_081_03_1_PF_04,1988-06-05,Front national,FAR_RIGHT_FN,train,1.6418648,False
EL135_L_1981_06_059_11_1_PF_03,1981-06-14,Parti communiste français,LEFT_PCF,train,1.6418244,False
EL196_L_1993_03_077_08_1_PF_08,1993-03-21,Union pour la démocratie française;Rassemblement pour la République,RIGHT_UPF,train,1.6407344,False
EL192_L_1993_03_051_03_1_PF_03,1993-03-21,Front national,FAR_RIGHT_FN,train,1.6406718,False
EL136_L_1981_06_075_16_1_PF_05,1981-06-14,Parti communiste français,LEFT_PCF,train,1.640524,False
EL135_L_1981_06_038_07_2_PF_01,1981-06-21,Socialiste,LEFT_PS,train,1.640145,False
EL198_L_1993_03_094_09_2_PF_02,1993-03-28,Parti socialiste;Parti communiste français;Génération écologie;Verts,LEFT_PCF,train,1.6400002,False
EL136_L_1981_06_075_29_1_PF_02,1981-06-14,Parti communiste français,LEFT_PCF,train,1.6394107,False
EL177_L_1988_06_091_04_1_PF_03,1988-06-05,Rassemblement pour la République;Union pour la démocratie française,RIGHT_URC,train,1.6393057,False
EL175_L_1988_06_054_07_1_PF_01,1988-06-05,Front national,FAR_RIGHT_FN,train,1.6392972,False
EL197_L_1993_03_089_02_1_PF_01,1993-03-21,Rassemblement pour la République,RIGHT_RPR,train,1.639112,False
EL175_L_1988_06_039_02_1_PF_02,1988-06-05,Jura écologie,ECO,train,1.6368032,False
EL193_L_1993_03_059_23_1_PF_03,1993-03-21,Front national,FAR_RIGHT_FN,train,1.636599,False
EL198_L_1993_03_093_06_1_PF_01,1993-03-21,Lutte ouvrière,FAR_LEFT,train,1.6360327,False
EL198_L_1993_03_092_04_2_PF_01,1993-03-28,Parti communiste français,LEFT_PCF,train,1.634386,False
EL175_L_1988_06_033_07_1_PF_02,1988-06-05,Front national,FAR_RIGHT_FN,train,1.6335185,False
EL135_L_1981_06_039_02_1_PF_03,1981-06-14,Parti socialiste,LEFT_PS,test,1.6321912,False
EL197_L_1993_03_091_06_2_PF_01,1993-03-28,Parti socialiste;Mouvement des radicaux de gauche;Parti communiste français;Mouvement des réformateurs,LEFT_PCF,train,1.6316893,False
EL192_L_1993_03_046_02_1_PF_08,1993-03-21,Front national,FAR_RIGHT_FN,train,1.6312358,False
EL174_L_1988_06_002_01_1_PF_03,1988-06-05,Parti communiste français,LEFT_PCF,train,1.630709,False
EL176_L_1988_06_069_09_2_PF_01,1988-06-12,Union pour la démocratie française,RIGHT_UDF,train,1.6306881,False
EL193_L_1993_03_061_01_1_PF_06,1993-03-21,Verts;Génération écologie,ECO,train,1.6300963,False
EL193_L_1993_03_059_23_2_PF_01,1993-03-28,Parti communiste français,LEFT_PCF,test,1.6263943,False
EL189_L_1993_03_006_04_1_PF_01,1993-03-21,Ligue communiste révolutionnaire,FAR_LEFT,train,1.6256939,False
EL136_L_1981_06_067_03_1_PF_01,1981-06-14,Lutte ouvrière,FAR_LEFT,train,1.6256232,False
EL192_L_1993_03_052_02_2_PF_02,1993-03-28,Union pour la démocratie française,RIGHT_UDF,test,1.624844,False
EL135_L_1981_06_065_02_1_PF_05,1981-06-14,Rassemblement pour la République;Union pour la démocratie française,RIGHT_UNM,train,1.6233103,False
EL177_L_1988_06_085_05_1_PF_04,1988-06-05,Front national,FAR_RIGHT_FN,train,1.6230925,False
EL174_L_1988_06_012_03_1_PF_03,1988-06-05,Front national,FAR_RIGHT_FN,train,1.6229303,False
EL198_L_1993_03_093_12_1_PF_04,1993-03-21,Parti socialiste,LEFT_PS,train,1.6227822,False
EL176_L_1988_06_059_21_1_PF_03,1988-06-05,Parti socialiste,LEFT_PS,train,1.6227138,False
EL191_L_1993_03_039_03_2_PF_02,1993-03-28,Génération écologie;Verts,ECO,train,1.622639,False
EL176_L_1988_06_062_11_1_PF_05,1988-06-05,Front national,FAR_RIGHT_FN,train,1.6225815,False
EL174_L_1988_06_006_06_1_PF_04,1988-06-05,Front national,FAR_RIGHT_FN,train,1.6221377,False
EL175_L_1988_06_037_03_1_PF_04,1988-06-05,Front national,FAR_RIGHT_FN,train,1.6201004,False
EL190_L_1993_03_022_02_2_PF_02,1993-03-28,Union pour la démocratie française;Rassemblement pour la République,RIGHT_UPF,test,1.6195399,False
EL192_L_1993_03_058_02_1_PF_05,1993-03-21,Parti communiste français,LEFT_PCF,test,1.6192578,False
EL192_L_1993_03_057_08_1_PF_09,1993-03-21,Nouveaux écologistes du rassemblement nature et animaux;Union nationale écologiste;Parti pour la défense des animaux;Mouvement universaliste,ECO,train,1.6190255,False
EL189_L_1993_03_006_08_1_PF_05,1993-03-21,Parti communiste français,LEFT_PCF,test,1.6174679,False
EL135_L_1981_06_049_04_1_PF_02,1981-06-14,Parti socialiste,LEFT_PS,train,1.6173394,False
EL191_L_1993_03_039_01_1_PF_03,1993-03-21,Front national,FAR_RIGHT_FN,train,1.6173121,False
EL175_L_1988_06_029_06_1_PF_04,1988-06-05,Front national,FAR_RIGHT_FN,train,1.6171757,False
EL135_L_1981_06_062_07_1_PF_02,1981-06-14,Parti socialiste,LEFT_PS,train,1.6155245,False
EL189_L_1993_03_013_12_2_PF_01,1993-03-28,Front national,FAR_RIGHT_FN,test,1.6151692,False
EL197_L_1993_03_083_05_1_PF_04,1993-03-21,Parti communiste français,LEFT_PCF,test,1.6139494,False
EL175_L_1988_06_031_08_1_PF_03,1988-06-05,Front national,FAR_RIGHT_FN,train,1.6135471,False
EL177_L_1988_06_095_08_2_PF_01,1988-06-12,Parti socialiste,LEFT_PS,train,1.6115377,False
EL176_L_1988_06_065_03_1_PF_04,1988-06-05,Front national,FAR_RIGHT_FN,train,1.6113476,False
EL175_L_1988_06_033_04_1_PF_02,1988-06-05,Front national,FAR_RIGHT_FN,test,1.6111227,False
EL190_L_1993_03_019_03_1_PF_04,1993-03-21,Verts;Génération écologie,ECO,test,1.6110613,False
EL175_L_1988_06_042_02_1_PF_03,1988-06-05,Parti communiste français,LEFT_PCF,train,1.6108829,False
EL191_L_1993_03_041_03_1_PF_02,1993-03-21,Front national,FAR_RIGHT_FN,train,1.6102207,False
EL192_L_1993_03_057_07_1_PF_01,1993-03-21,Front national,FAR_RIGHT_FN,train,1.6091163,False
EL192_L_1993_03_044_01_1_PF_10,1993-03-21,Front national,FAR_RIGHT_FN,test,1.6089991,False
EL175_L_1988_06_050_02_1_PF_04,1988-06-05,Front national,FAR_RIGHT_FN,train,1.6081337,False
EL177_L_1988_06_076_05_1_PF_04,1988-06-05,Front national,FAR_RIGHT_FN,train,1.607973,False
EL176_L_1988_06_074_03_1_PF_03,1988-06-05,Rassemblement pour la République;Centre national des indépendants et paysans,RIGHT_RPR,test,1.6072228,False
EL175_L_1988_06_035_02_1_PF_03,1988-06-05,Verts,ECO,train,1.6054039,False
EL191_L_1993_03_043_02_1_PF_07,1993-03-21,Nouveaux écologistes du rassemblement nature et animaux,ECO,train,1.6044117,False
EL193_L_1993_03_062_07_1_PF_07,1993-03-21,Nouveaux écologistes du rassemblement nature et animaux,ECO,train,1.6044117,False
EL134_L_1981_06_019_02_1_PF_03,1981-06-14,écologiste,ECO,train,1.6038183,False
EL134_L_1981_06_012_01_1_PF_02,1981-06-14,Parti communiste français,LEFT_PCF,train,1.6036009,False
EL197_L_1993_03_083_07_1_PF_02,1993-03-21,Parti communiste français,LEFT_PCF,train,1.6033307,False
EL175_L_1988_06_047_02_1_PF_03,1988-06-05,Front national,FAR_RIGHT_FN,train,1.6004736,False
EL198_L_1993_03_092_03_1_PF_02,1993-03-21,Rassemblement pour la République;Union pour la démocratie française,RIGHT_UPF,train,1.60033,False
EL137_L_1981_06_971_03_2_PF_01,1981-06-21,Union pour la démocratie française,RIGHT_UDF,train,1.6001295,False
EL194_L_1993_03_069_01_1_PF_09,1993-03-21,Front national,FAR_RIGHT_FN,train,1.5998685,False
EL194_L_1993_03_069_03_1_PF_03,1993-03-21,Front national,FAR_RIGHT_FN,test,1.5995176,False
EL135_L_1981_06_065_01_1_PF_02,1981-06-14,Parti communiste français,LEFT_PCF,test,1.5992922,False
EL192_L_1993_03_057_07_2_PF_02,1993-03-28,Front national,FAR_RIGHT_FN,train,1.5988145,False
EL191_L_1993_03_042_07_1_PF_01,1993-03-21,Union pour la démocratie française;Rassemblement pour la République,RIGHT_UPF,train,1.5983905,False
EL174_L_1988_06_018_01_1_PF_04,1988-06-05,Front national,FAR_RIGHT_FN,train,1.5983509,False
EL198_L_1993_03_094_09_1_PF_03,1993-03-21,Front national,FAR_RIGHT_FN,train,1.5976028,False
EL177_L_1988_06_078_01_1_PF_05,1988-06-05,Front national,FAR_RIGHT_FN,train,1.5974349,False
EL198_L_1993_03_094_04_1_PF_06,1993-03-21,Parti communiste français,LEFT_PCF,train,1.5969186,False
EL177_L_1988_06_076_11_1_PF_05,1988-06-05,Front national,FAR_RIGHT_FN,train,1.5962979,False
EL198_L_1993_03_094_10_1_PF_06,1993-03-21,Verts;Génération écologie,ECO,train,1.5945859,False
EL176_L_1988_06_071_04_1_PF_01,1988-06-05,Parti communiste français,LEFT_PCF,train,1.5933976,False
EL176_L_1988_06_066_01_1_PF_04,1988-06-05,Front national,FAR_RIGHT_FN,train,1.5930179,False
EL177_L_1988_06_093_12_1_PF_02,1988-06-05,Front national,FAR_RIGHT_FN,test,1.5924672,False
EL195_L_1993_03_072_04_1_PF_05,1993-03-21,Parti communiste français,LEFT_PCF,train,1.591842,False
EL135_L_1981_06_049_02_1_PF_04,1981-06-14,Union pour la démocratie française;Rassemblement pour la République,RIGHT_UNM,train,1.5907217,False
EL135_L_1981_06_059_14_1_PF_04,1981-06-14,Union pour la démocratie française;Centre des démocrates sociaux,RIGHT_UDF,train,1.5887561,False
EL195_L_1993_03_074_05_1_PF_07,1993-03-21,Parti communiste français,LEFT_PCF,train,1.5885892,False
EL135_L_1981_06_057_07_1_PF_04,1981-06-14,Union pour la démocratie française;Rassemblement pour la République,RIGHT_UNM,train,1.5883616,False
EL190_L_1993_03_017_02_2_PF_02,1993-03-28,Mouvement des radicaux de gauche,LEFT_PS,train,1.5870197,False
EL174_L_1988_06_010_02_1_PF_04,1988-06-05,Front national,FAR_RIGHT_FN,train,1.5869578,False
EL174_L_1988_06_027_04_1_PF_04,1988-06-05,Front national,FAR_RIGHT_FN,train,1.5869212,False
EL177_L_1988_06_083_05_1_PF_04,1988-06-05,Front national,FAR_RIGHT_FN,train,1.5856824,False
EL191_L_1993_03_043_02_1_PF_06,1993-03-21,Front national,FAR_RIGHT_FN,test,1.5851661,False
EL196_L_1993_03_078_11_1_PF_04,1993-03-21,Parti communiste français,LEFT_PCF,train,1.5834229,False
EL136_L_1981_06_069_06_1_PF_06,1981-06-14,Parti socialiste,LEFT_PS,train,1.5832256,False
EL193_L_1993_03_060_03_1_PF_06,1993-03-21,Rassemblement pour la République;Union pour la démocratie française,RIGHT_UPF,train,1.5831811,False
EL174_L_1988_06_022_01_1_PF_05,1988-06-05,Rassemblement pour la République;Union pour la démocratie française;Centre national des indépendants et paysans;non inscrits,RIGHT_URC,train,1.5822192,False
EL193_L_1993_03_059_20_1_PF_07,1993-03-21,Front national,FAR_RIGHT_FN,test,1.5816994,False
EL175_L_1988_06_040_03_1_PF_03,1988-06-05,Rassemblement pour la République;Union pour la démocratie française,RIGHT_URC,train,1.5813594,False
EL197_L_1993_03_091_01_1_PF_12,1993-03-21,Ecologie les Verts;Génération écologie,ECO,train,1.5810031,False
EL175_L_1988_06_029_07_1_PF_04,1988-06-05,Front national,FAR_RIGHT_FN,test,1.5809156,False
EL174_L_1988_06_010_03_1_PF_05,1988-06-05,socialistes,LEFT_PS,test,1.580735,False
EL198_L_1993_03_094_11_1_PF_04,1993-03-21,Parti socialiste,LEFT_PS,train,1.5804735,False
EL135_L_1981_06_060_01_1_PF_02,1981-06-14,Parti communiste français,LEFT_PCF,train,1.5791538,False
EL176_L_1988_06_069_13_1_PF_02,1988-06-05,Front national,FAR_RIGHT_FN,test,1.5787944,False
EL177_L_1988_06_093_08_1_PF_01,1988-06-05,Front national,FAR_RIGHT_FN,train,1.5779909,False
EL135_L_1981_06_045_01_1_PF_04,1981-06-14,Parti communiste français,LEFT_PCF,train,1.5779688,False
EL174_L_1988_06_021_05_2_PF_02,1988-06-12,Rassemblement pour la République;Union pour la démocratie française,RIGHT_URC,train,1.5778798,False
EL189_L_1993_03_014_01_2_PF_01,1993-03-28,Union pour la démocratie française;Rassemblement pour la République,RIGHT_UPF,train,1.5767596,False
EL134_L_1981_06_033_05_1_PF_04,1981-06-14,Ligue communiste révolutionnaire,FAR_LEFT,train,1.5763828,False
EL190_L_1993_03_029_02_1_PF_01,1993-03-21,Solidarité écologie gauche alternative,ECO,train,1.5761487,False
EL192_L_1993_03_058_03_2_PF_02,1993-03-28,Rassemblement pour la République;Union pour la démocratie française,RIGHT_UPF,train,1.5760616,False
EL177_L_1988_06_076_09_1_PF_05,1988-06-05,Front national,FAR_RIGHT_FN,train,1.5757576,False
EL176_L_1988_06_057_01_1_PF_01,1988-06-05,Parti communiste français,LEFT_PCF,train,1.5749764,False
EL176_L_1988_06_072_03_1_PF_02,1988-06-05,Parti communiste français,LEFT_PCF,train,1.5740708,False
EL192_L_1993_03_057_04_1_PF_03,1993-03-21,Rassemblement pour la République;Union pour la démocratie française,RIGHT_UPF,train,1.5724012,False
EL191_L_1993_03_034_05_2_PF_02,1993-03-28,Union pour la démocratie française;Rassemblement pour la République,RIGHT_UPF,test,1.5723199,False
EL192_L_1993_03_057_06_1_PF_08,1993-03-21,Ligue socialiste des travailleurs,LEFT_PS,train,1.5719011,False
EL177_L_1988_06_093_09_1_PF_04,1988-06-05,Front national,FAR_RIGHT_FN,train,1.5717112,False
EL135_L_1981_06_057_02_1_PF_01,1981-06-14,Parti communiste français,LEFT_PCF,test,1.5705192,False
EL198_L_1993_03_095_01_1_PF_02,1993-03-21,Parti communiste français,LEFT_PCF,train,1.5697312,False
EL177_L_1988_06_075_08_1_PF_05,1988-06-05,Front national,FAR_RIGHT_FN,train,1.5677189,False
EL175_L_1988_06_044_02_1_PF_04,1988-06-05,Front national,FAR_RIGHT_FN,train,1.5670321,False
EL189_L_1993_03_013_08_1_PF_02,1993-03-21,Parti communiste français,LEFT_PCF,train,1.5658232,False
EL192_L_1993_03_053_01_1_PF_02,1993-03-21,Parti socialiste,LEFT_PS,train,1.565562,False
EL174_L_1988_06_005_01_1_PF_02,1988-06-05,Front national,FAR_RIGHT_FN,train,1.5650476,False
EL177_L_1988_06_093_07_2_PF_02,1988-06-12,Centre national des indépendants et paysans;Rassemblement pour la République;Union pour la démocratie française,RIGHT_URC,train,1.5648497,False
EL174_L_1988_06_006_07_1_PF_01,1988-06-05,Front national,FAR_RIGHT_FN,train,1.5647337,False
EL136_L_1981_06_070_02_1_PF_03,1981-06-14,Lutte ouvrière,FAR_LEFT,train,1.563863,False
EL177_L_1988_06_083_02_2_PF_02,1988-06-12,Parti socialiste,LEFT_PS,train,1.5638293,False
EL191_L_1993_03_034_04_1_PF_06,1993-03-21,Génération écologie;Verts,ECO,train,1.5637592,False
EL135_L_1981_06_062_03_1_PF_01,1981-06-14,Parti communiste français,LEFT_PCF,test,1.5633864,False
EL177_L_1988_06_088_04_2_PF_01,1988-06-12,Rassemblement pour la République;Union pour la démocratie française,RIGHT_URC,test,1.5633824,False
EL136_L_1981_06_069_12_1_PF_01,1981-06-14,Parti socialiste,LEFT_PS,test,1.5633544,False
EL135_L_1981_06_063_04_1_PF_03,1981-06-14,Parti socialiste,LEFT_PS,train,1.5631107,False
EL192_L_1993_03_056_04_1_PF_04,1993-03-21,Union pour la démocratie française;Rassemblement pour la République,RIGHT_UPF,train,1.5622984,False
EL197_L_1993_03_091_04_2_PF_02,1993-03-28,Union pour la démocratie française;Rassemblement pour la République,RIGHT_UPF,test,1.5622739,False
EL191_L_1993_03_033_04_1_PF_07,1993-03-21,Lutte ouvrière,FAR_LEFT,test,1.5621802,False
EL190_L_1993_03_029_05_1_PF_01,1993-03-21,Parti communiste français,LEFT_PCF,train,1.5619508,False
EL198_L_1993_03_095_08_1_PF_01,1993-03-21,Union pour la démocratie française,RIGHT_UDF,train,1.5616422,False
EL194_L_1993_03_066_03_1_PF_01,1993-03-21,Parti communiste français,LEFT_PCF,train,1.5613644,False
EL135_L_1981_06_059_07_2_PF_01,1981-06-21,Parti socialiste,LEFT_PS,test,1.561169,False
EL192_L_1993_03_044_03_2_PF_01,1993-03-28,Parti socialiste,LEFT_PS,train,1.5595075,False
EL191_L_1993_03_042_05_1_PF_04,1993-03-21,Union pour la démocratie française;Parti républicain;Centre des démocrates sociaux;Parti social démocrate;Parti radical,RIGHT_UDF,train,1.5594559,False
EL189_L_1993_03_001_02_1_PF_04,1993-03-21,Verts;Génération écologie,ECO,train,1.5591524,False
EL176_L_1988_06_058_01_1_PF_02,1988-06-05,Front national,FAR_RIGHT_FN,train,1.5583483,False
EL137_L_1981_06_973_01_1_PF_02,1981-06-14,Parti socialiste guyanais,LEFT_PS,train,1.5582061,False
EL135_L_1981_06_040_02_2_PF_02,1981-06-21,Parti socialiste,LEFT_PS,train,1.5580324,False
EL176_L_1988_06_059_14_1_PF_03,1988-06-05,Parti socialiste,LEFT_PS,train,1.5578791,False
EL177_L_1988_06_084_03_1_PF_03,1988-06-05,Front national,FAR_RIGHT_FN,train,1.557843,False
EL191_L_1993_03_033_05_2_PF_01,1993-03-28,Rassemblement pour la République;Union pour la démocratie française;Centre national des indépendants,RIGHT_UPF,train,1.5578028,False
EL190_L_1993_03_025_03_2_PF_01,1993-03-28,Parti socialiste,LEFT_PS,train,1.5577023,False
EL136_L_1981_06_068_04_1_PF_06,1981-06-14,Lutte ouvrière,FAR_LEFT,test,1.556815,False
EL193_L_1993_03_059_01_2_PF_01,1993-03-28,Rassemblement pour la République;Union pour la démocratie française;Centre national des indépendants,RIGHT_UPF,train,1.5565783,False
EL195_L_1993_03_074_03_1_PF_03,1993-03-21,Front national,FAR_RIGHT_FN,train,1.5563179,False
EL137_L_1981_06_087_02_2_PF_02,1981-06-21,Rassemblement pour la République,RIGHT_RPR,train,1.5559524,False
EL191_L_1993_03_033_08_1_PF_08,1993-03-21,Front national,FAR_RIGHT_FN,test,1.5556743,False
EL176_L_1988_06_072_02_1_PF_02,1988-06-05,Parti communiste français,LEFT_PCF,train,1.5556633,False
EL135_L_1981_06_054_07_1_PF_01,1981-06-14,Rassemblement pour la République,RIGHT_RPR,train,1.5551351,False
EL198_L_1993_03_094_06_1_PF_06,1993-03-21,Verts;Génération écologie,ECO,train,1.5543976,False
EL177_L_1988_06_093_01_1_PF_01,1988-06-05,Parti communiste français,LEFT_PCF,train,1.5540137,False
EL177_L_1988_06_077_03_1_PF_03,1988-06-05,Front national,FAR_RIGHT_FN,test,1.5527437,False
EL197_L_1993_03_084_03_1_PF_01,1993-03-21,Parti communiste français,LEFT_PCF,test,1.5520549,False
EL176_L_1988_06_072_02_1_PF_04,1988-06-05,Front national,FAR_RIGHT_FN,train,1.5515327,False
EL191_L_1993_03_034_03_1_PF_05,1993-03-21,Union pour la démocratie française;Rassemblement pour la République;Centre national des indépendants;Union du centre;divers droite,RIGHT_UPF,train,1.5511074,False
EL135_L_1981_06_062_01_1_PF_01,1981-06-14,Parti socialiste unifié,LEFT_PS,train,1.5505887,False
EL176_L_1988_06_056_04_1_PF_01,1988-06-05,Parti communiste français,LEFT_PCF,train,1.5495726,False
EL175_L_1988_06_047_01_1_PF_03,1988-06-05,Front national,FAR_RIGHT_FN,train,1.5476519,False
EL196_L_1993_03_076_11_2_PF_02,1993-03-28,Rassemblement pour la République;Union pour la démocratie française,RIGHT_UPF,train,1.5470619,False
EL191_L_1993_03_038_02_2_PF_01,1993-03-28,Parti socialiste;Alliance pour l'écologie et la démocratie;Mouvement des radicaux de gauche;Alternative rouge et verte;Mouvement national de lutte pour l'Environnement;Mouvement des citoyens;Alternative démocratie socialisme;Refondations;Parti communiste français,LEFT_PCF,train,1.5467827,False
EL176_L_1988_06_069_11_1_PF_04,1988-06-05,Union pour la démocratie française;Rassemblement pour la République,RIGHT_URC,test,1.5467249,False
EL135_L_1981_06_059_05_1_PF_01,1981-06-14,Parti socialiste,LEFT_PS,train,1.5461838,False
EL174_L_1988_06_008_02_2_PF_01,1988-06-12,Rassemblement pour la République;Union pour la démocratie française;Centre national des indépendants et paysans,RIGHT_URC,test,1.545802,False
EL190_L_1993_03_022_01_1_PF_08,1993-03-21,Parti communiste français,LEFT_PCF,train,1.5455837,False
EL189_L_1993_03_013_05_1_PF_08,1993-03-21,Ligue communiste révolutionnaire,FAR_LEFT,train,1.5454636,False
EL137_L_1981_06_078_01_1_PF_02,1981-06-14,Parti communiste français,LEFT_PCF,train,1.5445809,False
EL189_L_1993_03_013_01_1_PF_03,1993-03-21,Union pour la démocratie française;Rassemblement pour la République,RIGHT_UPF,train,1.5445288,False
EL176_L_1988_06_062_01_1_PF_03,1988-06-05,Front national,FAR_RIGHT_FN,train,1.5444494,False
EL193_L_1993_03_059_03_1_PF_04,1993-03-21,Rassemblement pour la République;Union pour la démocratie française;Centre national des indépendants,RIGHT_UPF,train,1.5444392,False
EL134_L_1981_06_029_08_1_PF_04,1981-06-14,Rassemblement pour la République;Union pour la démocratie française,RIGHT_UNM,test,1.5443306,False
EL137_L_1981_06_090_02_1_PF_05,1981-06-14,Lutte ouvrière,FAR_LEFT,train,1.5440682,False
EL174_L_1988_06_013_02_1_PF_06,1988-06-05,Front national,FAR_RIGHT_FN,train,1.5439342,False
EL192_L_1993_03_056_04_1_PF_01,1993-03-21,Front national,FAR_RIGHT_FN,train,1.5439007,False
EL191_L_1993_03_033_04_1_PF_05,1993-03-21,Front national,FAR_RIGHT_FN,train,1.5436472,False
EL198_L_1993_03_093_09_1_PF_02,1993-03-21,Parti socialiste;Mouvement des radicaux de gauche,LEFT_PS,train,1.5435599,False
EL175_L_1988_06_033_01_1_PF_02,1988-06-05,Front national,FAR_RIGHT_FN,train,1.5432323,False
EL195_L_1993_03_072_05_2_PF_01,1993-03-28,Parti socialiste,LEFT_PS,train,1.5426348,False
EL177_L_1988_06_087_01_1_PF_03,1988-06-05,Centre national des indépendants et paysans;Rassemblement pour la République;Union pour la démocratie française;Mouvement solidarité participation,RIGHT_URC,train,1.5423112,False
EL174_L_1988_06_006_01_1_PF_05,1988-06-05,Front national,FAR_RIGHT_FN,train,1.5418423,False
EL174_L_1988_06_013_10_1_PF_06,1988-06-05,Front national,FAR_RIGHT_FN,train,1.541304,False
EL134_L_1981_06_016_03_1_PF_02,1981-06-14,Parti communiste français,LEFT_PCF,train,1.5410231,False
EL176_L_1988_06_071_01_1_PF_01,1988-06-05,Parti communiste français,LEFT_PCF,test,1.5403782,False
EL176_L_1988_06_056_01_1_PF_01,1988-06-05,Parti communiste français,LEFT_PCF,train,1.5401915,False
EL174_L_1988_06_028_01_1_PF_02,1988-06-05,Rassemblement pour la République;Union pour la démocratie française,RIGHT_URC,train,1.539915,False
EL136_L_1981_06_070_02_2_PF_01,1981-06-21,Parti socialiste,LEFT_PS,train,1.5394977,False
EL196_L_1993_03_079_04_1_PF_01,1993-03-21,Parti communiste français,LEFT_PCF,test,1.5394593,False
EL196_L_1993_03_076_07_2_PF_02,1993-03-28,Front national,FAR_RIGHT_FN,test,1.5389905,False
EL198_L_1993_03_092_12_2_PF_01,1993-03-28,Parti socialiste,LEFT_PS,train,1.5387592,False
EL134_L_1981_06_002_03_1_PF_01,1981-06-14,Parti communiste français,LEFT_PCF,train,1.5385337,False
EL192_L_1993_03_050_01_1_PF_03,1993-03-21,Verts;Génération écologie,ECO,test,1.5365306,False
EL174_L_1988_06_010_01_1_PF_05,1988-06-05,Front national,FAR_RIGHT_FN,train,1.5361778,False
EL191_L_1993_03_039_02_1_PF_05,1993-03-21,Verts;Génération écologie,ECO,test,1.5358851,False
EL198_L_1993_03_092_01_2_PF_02,1993-03-28,Rassemblement pour la République;Union pour la démocratie française,RIGHT_UPF,train,1.5355769,False
EL134_L_1981_06_017_01_1_PF_03,1981-06-14,Mouvement des radicaux de gauche;Parti socialiste,LEFT_PS,train,1.5353097,False
EL135_L_1981_06_064_03_1_PF_02,1981-06-14,Parti socialiste,LEFT_PS,test,1.5346714,False
EL197_L_1993_03_083_07_2_PF_02,1993-03-28,Front national,FAR_RIGHT_FN,test,1.5345095,False
EL137_L_1981_06_093_06_1_PF_03,1981-06-14,Parti communiste français,LEFT_PCF,train,1.5342091,False
EL175_L_1988_06_030_04_1_PF_05,1988-06-05,Parti communiste français,LEFT_PCF,train,1.5338006,False
EL189_L_1993_03_002_03_1_PF_01,1993-03-21,Parti communiste français,LEFT_PCF,test,1.5337769,False
EL135_L_1981_06_045_03_1_PF_04,1981-06-14,Parti socialiste,LEFT_PS,train,1.5331397,False
EL176_L_1988_06_059_07_1_PF_01,1988-06-05,Front national,FAR_RIGHT_FN,train,1.532739,False
EL192_L_1993_03_057_10_1_PF_01,1993-03-21,Front national,FAR_RIGHT_FN,train,1.5316457,False
EL195_L_1993_03_075_20_1_PF_03,1993-03-21,Ligue communiste révolutionnaire,FAR_LEFT,test,1.5312359,False
EL135_L_1981_06_054_07_1_PF_02,1981-06-14,Parti communiste français,LEFT_PCF,train,1.5311768,False
EL197_L_1993_03_088_01_1_PF_05,1993-03-21,Ecologie les Verts;Génération écologie,ECO,train,1.5306896,False
EL175_L_1988_06_038_01_1_PF_01,1988-06-05,Parti communiste français,LEFT_PCF,train,1.5306271,False
EL136_L_1981_06_075_26_1_PF_04,1981-06-14,Rassemblement pour la République,RIGHT_RPR,train,1.5302435,False
EL193_L_1993_03_059_17_1_PF_05,1993-03-21,Front national,FAR_RIGHT_FN,train,1.5293877,False
EL135_L_1981_06_062_05_1_PF_01,1981-06-14,Parti communiste français,LEFT_PCF,train,1.5292073,False
EL176_L_1988_06_057_09_1_PF_02,1988-06-05,Parti communiste français,LEFT_PCF,train,1.5289955,False
EL198_L_1993_03_095_06_2_PF_02,1993-03-28,Front national,FAR_RIGHT_FN,test,1.528902,False
EL176_L_1988_06_072_03_1_PF_01,1988-06-05,Front national,FAR_RIGHT_FN,train,1.5287677,False
EL198_L_1993_03_095_04_2_PF_02,1993-03-28,Front national,FAR_RIGHT_FN,train,1.5285859,False
EL176_L_1988_06_062_07_2_PF_02,1988-06-12,Parti socialiste,LEFT_PS,train,1.5283378,False
EL174_L_1988_06_007_01_1_PF_01,1988-06-05,Parti communiste français,LEFT_PCF,train,1.5282012,False
EL177_L_1988_06_094_09_1_PF_04,1988-06-05,Parti communiste français,LEFT_PCF,train,1.528088,False
EL177_L_1988_06_075_11_1_PF_04,1988-06-05,Rassemblement pour la République;Union pour la démocratie française,RIGHT_URC,train,1.5275152,False
EL177_L_1988_06_076_02_2_PF_02,1988-06-12,Mouvement des radicaux de gauche;Parti socialiste;Républicains de progrès,LEFT_PS,train,1.5267603,False
EL176_L_1988_06_061_03_1_PF_05,1988-06-05,Front national,FAR_RIGHT_FN,train,1.526748,False
EL135_L_1981_06_040_02_1_PF_04,1981-06-14,Union pour la démocratie française;Rassemblement pour la République,RIGHT_UNM,train,1.5259305,False
EL134_L_1981_06_014_03_2_PF_01,1981-06-21,Parti socialiste,LEFT_PS,train,1.5253844,False
EL196_L_1993_03_078_07_1_PF_09,1993-03-21,Front national,FAR_RIGHT_FN,test,1.5250305,False
EL175_L_1988_06_049_05_1_PF_04,1988-06-05,Front national,FAR_RIGHT_FN,train,1.5248144,False
EL197_L_1993_03_087_03_1_PF_03,1993-03-21,Front national,FAR_RIGHT_FN,train,1.523978,False
EL177_L_1988_06_088_04_1_PF_01,1988-06-05,Rassemblement pour la République;Union pour la démocratie française,RIGHT_URC,train,1.5231743,False
EL175_L_1988_06_044_03_1_PF_04,1988-06-05,Front national,FAR_RIGHT_FN,train,1.5230492,False
EL137_L_1981_06_092_04_1_PF_04,1981-06-14,Mouvement écologiste,ECO,train,1.5226303,False
EL193_L_1993_03_059_01_1_PF_10,1993-03-21,Alliance pour l'écologie et la démocratie;SOS environnement,ECO,train,1.5218824,False
EL177_L_1988_06_095_09_1_PF_01,1988-06-05,Parti communiste français,LEFT_PCF,train,1.5218028,False
EL174_L_1988_06_027_02_1_PF_03,1988-06-05,Front national,FAR_RIGHT_FN,train,1.521586,False
EL190_L_1993_03_02A_01_1_PF_02,1993-03-21,Parti communiste français,LEFT_PCF,train,1.5212972,False
EL192_L_1993_03_046_01_1_PF_08,1993-03-21,Front national,FAR_RIGHT_FN,test,1.5202597,False
EL175_L_1988_06_031_05_1_PF_04,1988-06-05,Front national,FAR_RIGHT_FN,train,1.5200475,False
EL193_L_1993_03_060_07_1_PF_08,1993-03-21,Front national,FAR_RIGHT_FN,train,1.5197588,False
EL190_L_1993_03_029_01_1_PF_01,1993-03-21,Ligue communiste révolutionnaire,FAR_LEFT,train,1.5182244,False
EL189_L_1993_03_006_07_1_PF_05,1993-03-21,Parti communiste français,LEFT_PCF,train,1.51703,False
EL192_L_1993_03_048_01_1_PF_02,1993-03-21,Parti communiste français,LEFT_PCF,test,1.5162104,False
EL176_L_1988_06_059_16_1_PF_03,1988-06-05,Parti communiste français,LEFT_PCF,train,1.515796,False
EL174_L_1988_06_022_03_1_PF_01,1988-06-05,Parti communiste français,LEFT_PCF,train,1.515247,False
EL192_L_1993_03_058_03_1_PF_02,1993-03-21,Parti communiste français,LEFT_PCF,train,1.514938,False
EL175_L_1988_06_030_01_1_PF_01,1988-06-05,Parti communiste français,LEFT_PCF,test,1.5146444,False
EL191_L_1993_03_038_01_1_PF_05,1993-03-21,Parti communiste français,LEFT_PCF,train,1.5141054,False
EL192_L_1993_03_057_08_1_PF_05,1993-03-21,Front national,FAR_RIGHT_FN,test,1.5135934,False
EL175_L_1988_06_044_02_1_PF_03,1988-06-05,Rassemblement pour la République;Union pour la démocratie française,RIGHT_URC,train,1.5135505,False
EL135_L_1981_06_065_02_2_PF_02,1981-06-21,Rassemblement pour la République;Union pour la démocratie française,RIGHT_UNM,test,1.5126374,False
EL191_L_1993_03_035_04_1_PF_01,1993-03-21,Parti communiste français,LEFT_PCF,train,1.511887,False
EL192_L_1993_03_049_06_1_PF_06,1993-03-21,Parti socialiste,LEFT_PS,train,1.5117111,False
EL197_L_1993_03_086_04_1_PF_04,1993-03-21,Front national,FAR_RIGHT_FN,train,1.5111367,False
EL177_L_1988_06_076_01_2_PF_02,1988-06-12,Rassemblement pour la République;Union pour la démocratie française,RIGHT_URC,test,1.5108211,False
EL137_L_1981_06_094_02_1_PF_02,1981-06-14,Parti socialiste;Mouvement des radicaux de gauche,LEFT_PS,train,1.510273,False
EL198_L_1993_03_093_08_1_PF_03,1993-03-21,Parti communiste français,LEFT_PCF,train,1.5092028,False
EL193_L_1993_03_060_03_1_PF_05,1993-03-21,Verts;Génération écologie,ECO,train,1.5088382,False
EL137_L_1981_06_078_03_1_PF_05,1981-06-14,Union pour la démocratie française,RIGHT_UDF,test,1.5086806,False
EL136_L_1981_06_069_03_2_PF_01,1981-06-21,Union pour la démocratie française;Rassemblement pour la République,RIGHT_UNM,train,1.5085536,False
EL190_L_1993_03_02A_02_1_PF_01,1993-03-21,Parti communiste français,LEFT_PCF,train,1.5078453,False
EL175_L_1988_06_033_06_1_PF_02,1988-06-05,Front national,FAR_RIGHT_FN,train,1.5077875,False
EL136_L_1981_06_072_02_2_PF_02,1981-06-21,Centre des démocrates sociaux;Rassemblement pour la République;Union pour la démocratie française,RIGHT_UNM,train,1.5077063,False
EL190_L_1993_03_027_05_1_PF_01,1993-03-21,Parti communiste français,LEFT_PCF,train,1.5077035,False
EL176_L_1988_06_066_02_1_PF_04,1988-06-05,Front national,FAR_RIGHT_FN,train,1.5075353,False
EL176_L_1988_06_066_02_2_PF_03,1988-06-12,Front national,FAR_RIGHT_FN,train,1.5075353,False
EL189_L_1993_03_013_15_2_PF_01,1993-03-28,Front national,FAR_RIGHT_FN,train,1.5075167,False
EL189_L_1993_03_013_10_1_PF_07,1993-03-21,Rassemblement pour la République,RIGHT_RPR,test,1.5067914,False
EL177_L_1988_06_083_04_2_PF_02,1988-06-12,Rassemblement pour la République;Union pour la démocratie française,RIGHT_URC,train,1.5067096,False
EL137_L_1981_06_095_01_1_PF_02,1981-06-14,Parti communiste français,LEFT_PCF,train,1.5066326,False
EL194_L_1993_03_066_01_1_PF_02,1993-03-21,Parti communiste français,LEFT_PCF,train,1.5065006,False
EL197_L_1993_03_083_06_1_PF_02,1993-03-21,Front national,FAR_RIGHT_FN,train,1.5062531,False
EL135_L_1981_06_051_03_2_PF_01,1981-06-21,Parti socialiste;Parti communiste français;Mouvement des radicaux de gauche;Mouvement des démocrates;Parti socialiste unifié,LEFT_PCF,test,1.506158,False
EL194_L_1993_03_064_01_1_PF_05,1993-03-21,Union pour la démocratie française;Rassemblement pour la République,RIGHT_UPF,test,1.5059946,False
EL176_L_1988_06_074_02_1_PF_02,1988-06-05,Front national,FAR_RIGHT_FN,train,1.5050085,False
EL198_L_1993_03_092_04_1_PF_02,1993-03-21,Rassemblement pour la République;Union pour la démocratie française;Centre national des indépendants;Parti républicain;Parti radical;Centre des démocrates sociaux;Parti social démocrate,RIGHT_UPF,train,1.5047451,False
EL196_L_1993_03_080_02_2_PF_02,1993-03-28,Front national,FAR_RIGHT_FN,test,1.5037551,False
EL137_L_1981_06_076_03_1_PF_03,1981-06-14,Parti socialiste unifié,LEFT_PS,test,1.5028018,False
EL176_L_1988_06_062_11_1_PF_04,1988-06-05,Union pour la démocratie française,RIGHT_UDF,train,1.5025172,False
EL196_L_1993_03_077_01_1_PF_07,1993-03-21,Front national,FAR_RIGHT_FN,train,1.5024621,False
EL175_L_1988_06_039_01_1_PF_05,1988-06-05,Union pour la démocratie française,RIGHT_UDF,test,1.5020814,False
EL136_L_1981_06_071_05_1_PF_03,1981-06-14,Lutte ouvrière,FAR_LEFT,train,1.5016795,False
EL190_L_1993_03_024_04_1_PF_07,1993-03-21,Front national,FAR_RIGHT_FN,train,1.5009716,False
EL176_L_1988_06_067_04_2_PF_01,1988-06-12,Union pour la démocratie française;Rassemblement pour la République,RIGHT_URC,train,1.5003163,False
EL177_L_1988_06_092_03_2_PF_01,1988-06-12,Rassemblement pour la République;Union pour la démocratie française,RIGHT_URC,train,1.4998891,False
EL177_L_1988_06_092_11_1_PF_06,1988-06-05,Front national,FAR_RIGHT_FN,train,1.4997741,False
EL137_L_1981_06_094_03_1_PF_03,1981-06-14,Mouvement des radicaux de gauche,LEFT_PS,train,1.4989741,False
EL136_L_1981_06_071_02_2_PF_02,1981-06-21,Rassemblement pour la République;Centre national des indépendants;Centre des démocrates sociaux;Parti radical,RIGHT_RPR,train,1.4986216,False
EL189_L_1993_03_013_01_1_PF_06,1993-03-21,Ligue communiste révolutionnaire,FAR_LEFT,train,1.498495,False
EL195_L_1993_03_075_21_1_PF_03,1993-03-21,Ligue communiste révolutionnaire;Egalité XXe;Refondations;Alliance rouge et verte,FAR_LEFT,train,1.498056,False
EL192_L_1993_03_050_05_1_PF_02,1993-03-21,Parti communiste français,LEFT_PCF,train,1.4975864,False
EL137_L_1981_06_091_02_1_PF_06,1981-06-14,Union pour la démocratie française,RIGHT_UDF,train,1.4973699,False
EL189_L_1993_03_006_02_1_PF_07,1993-03-21,Verts autonomes,ECO,test,1.4972676,False
EL194_L_1993_03_066_02_1_PF_08,1993-03-21,Nouveaux écologistes du rassemblement nature et animaux,ECO,train,1.4964772,False
EL135_L_1981_06_042_01_2_PF_01,1981-06-21,Parti socialiste unifié;Parti socialiste;Mouvement des radicaux de gauche;Confédération générale du travail;Confédération française démocratique du travail;Fédération de l'Education nationale,LEFT_PS,train,1.496405,False
EL198_L_1993_03_092_09_1_PF_09,1993-03-21,Nouveaux écologistes du rassemblement nature et animaux,ECO,train,1.4958545,False
EL198_L_1993_03_093_09_1_PF_04,1993-03-21,Parti communiste français,LEFT_PCF,train,1.4955789,False
EL177_L_1988_06_089_01_1_PF_03,1988-06-05,Front national,FAR_RIGHT_FN,train,1.4949913,False
EL190_L_1993_03_019_02_1_PF_06,1993-03-21,Parti communiste français,LEFT_PCF,train,1.4939502,False
EL137_L_1981_06_093_05_2_PF_02,1981-06-21,Centre national des indépendants;Rassemblement pour la République;Union pour la démocratie française,RIGHT_UNM,test,1.4929081,False
EL174_L_1988_06_014_02_1_PF_06,1988-06-05,Verts,ECO,test,1.4922951,False
EL196_L_1993_03_076_01_2_PF_01,1993-03-28,Union pour la démocratie française;Rassemblement pour la République,RIGHT_UPF,train,1.4920845,False
EL176_L_1988_06_072_01_1_PF_02,1988-06-05,Front national,FAR_RIGHT_FN,train,1.4918844,False
EL192_L_1993_03_057_05_1_PF_04,1993-03-21,Front national,FAR_RIGHT_FN,train,1.4918597,False
EL197_L_1993_03_090_01_1_PF_04,1993-03-21,Ecologie les Verts;Génération écologie,ECO,train,1.4913299,False
EL137_L_1981_06_076_03_1_PF_08,1981-06-14,Rassemblement pour la République,RIGHT_RPR,test,1.4907249,False
EL134_L_1981_06_029_06_2_PF_01,1981-06-21,Parti socialiste,LEFT_PS,train,1.4906638,False
EL193_L_1993_03_059_12_1_PF_03,1993-03-21,Rassemblement pour la République;Union pour la démocratie française;Centre des démocrates sociaux,RIGHT_UPF,test,1.4901658,False
EL191_L_1993_03_031_02_2_PF_02,1993-03-28,Rassemblement pour la République;Union pour la démocratie française,RIGHT_UPF,train,1.4894489,False
EL174_L_1988_06_010_03_1_PF_01,1988-06-05,Parti communiste français,LEFT_PCF,test,1.4891856,False
EL176_L_1988_06_058_02_1_PF_01,1988-06-05,Parti communiste français,LEFT_PCF,train,1.4884573,False
EL134_L_1981_06_033_03_1_PF_06,1981-06-14,écologiste,ECO,train,1.4882569,False
EL177_L_1988_06_089_02_1_PF_02,1988-06-05,Front national,FAR_RIGHT_FN,train,1.487898,False
EL189_L_1993_03_015_01_1_PF_05,1993-03-21,Verts,ECO,train,1.4878742,False
EL198_L_1993_03_094_10_2_PF_01,1993-03-28,Parti socialiste;Parti communiste français;Mouvement des citoyens,LEFT_PCF,train,1.4873058,False
EL192_L_1993_03_045_04_2_PF_02,1993-03-28,Parti communiste français,LEFT_PCF,train,1.4870111,False
EL189_L_1993_03_002_02_2_PF_01,1993-03-28,Union pour la démocratie française;Rassemblement pour la République,RIGHT_UPF,train,1.4867746,False
EL193_L_1993_03_059_19_1_PF_03,1993-03-21,Front national,FAR_RIGHT_FN,train,1.4866701,False
EL177_L_1988_06_085_01_1_PF_04,1988-06-05,Front national,FAR_RIGHT_FN,train,1.4863406,False
EL134_L_1981_06_003_01_2_PF_01,1981-06-21,Rassemblement pour la République,RIGHT_RPR,train,1.4853007,False
EL135_L_1981_06_057_08_1_PF_02,1981-06-14,Parti communiste français,LEFT_PCF,train,1.4842702,False
EL175_L_1988_06_053_01_1_PF_03,1988-06-05,Front national,FAR_RIGHT_FN,train,1.483873,False
EL175_L_1988_06_039_01_1_PF_06,1988-06-05,Jura écologie,ECO,test,1.4838637,False
EL174_L_1988_06_001_01_1_PF_01,1988-06-05,Front national,FAR_RIGHT_FN,train,1.4836873,False
EL174_L_1988_06_002_04_1_PF_03,1988-06-05,Parti communiste français,LEFT_PCF,train,1.4835184,False
EL134_L_1981_06_007_02_1_PF_02,1981-06-14,Parti socialiste,LEFT_PS,train,1.4832014,False
EL134_L_1981_06_033_06_1_PF_01,1981-06-14,Parti socialiste,LEFT_PS,train,1.4827514,False
EL177_L_1988_06_076_11_2_PF_02,1988-06-12,Rassemblement pour la République;Union pour la démocratie française,RIGHT_URC,train,1.4826068,False
EL175_L_1988_06_053_01_2_PF_01,1988-06-12,Rassemblement pour la République;Union pour la démocratie française,RIGHT_URC,train,1.4821635,False
EL189_L_1993_03_013_11_2_PF_02,1993-03-28,Front national,FAR_RIGHT_FN,train,1.4819493,False
EL137_L_1981_06_091_04_2_PF_02,1981-06-21,Centre national des indépendants;Rassemblement pour la République;Union pour la démocratie française,RIGHT_UNM,test,1.4818817,False
EL137_L_1981_06_095_04_1_PF_02,1981-06-14,Parti communiste français,LEFT_PCF,train,1.4816136,False
EL177_L_1988_06_075_03_2_PF_03,1988-06-12,Union pour la démocratie française;Rassemblement pour la République;Centre national des indépendants et paysans,RIGHT_URC,train,1.480959,False
EL198_L_1993_03_094_06_1_PF_02,1993-03-21,Front national,FAR_RIGHT_FN,train,1.4807079,False
EL176_L_1988_06_059_12_1_PF_05,1988-06-05,Front national,FAR_RIGHT_FN,train,1.4794865,False
EL137_L_1981_06_077_02_2_PF_01,1981-06-21,Parti socialiste,LEFT_PS,test,1.479457,False
EL177_L_1988_06_094_01_1_PF_04,1988-06-05,Parti communiste français,LEFT_PCF,test,1.4790523,False
EL177_L_1988_06_092_08_1_PF_04,1988-06-05,Front national,FAR_RIGHT_FN,train,1.4790436,False
EL174_L_1988_06_003_02_1_PF_04,1988-06-05,Parti socialiste,LEFT_PS,test,1.4780933,False
EL177_L_1988_06_084_01_1_PF_02,1988-06-05,Parti communiste français,LEFT_PCF,train,1.4777038,False
EL189_L_1993_03_002_02_1_PF_05,1993-03-21,Mouvement des radicaux de gauche,LEFT_PS,train,1.4773834,False
EL195_L_1993_03_075_19_1_PF_05,1993-03-21,Parti communiste français,LEFT_PCF,test,1.4771676,False
EL136_L_1981_06_067_01_2_PF_02,1981-06-21,Union pour la démocratie française;Rassemblement pour la République,RIGHT_UNM,train,1.4765884,False
EL175_L_1988_06_030_03_1_PF_03,1988-06-05,Parti communiste français,LEFT_PCF,train,1.4764934,False
EL134_L_1981_06_030_01_2_PF_02,1981-06-21,Rassemblement pour la République,RIGHT_RPR,train,1.4763271,False
EL135_L_1981_06_058_01_1_PF_01,1981-06-14,Lutte ouvrière,FAR_LEFT,train,1.4760052,False
EL189_L_1993_03_002_04_2_PF_02,1993-03-28,Parti communiste français;Nouveaux écologistes du rassemblement nature et animaux;Mouvement des radicaux de gauche;Rassemblement des gaullistes de progrès;Mouvement des réformateurs;Initiative démocratique de gauche,LEFT_PCF,train,1.4757332,False
EL189_L_1993_03_013_07_1_PF_06,1993-03-21,Ecologie les Verts;Génération écologie,ECO,train,1.4751202,False
EL193_L_1993_03_062_10_1_PF_09,1993-03-21,Nouveaux écologistes du rassemblement nature et animaux,ECO,train,1.4750652,False
EL189_L_1993_03_010_01_1_PF_04,1993-03-21,Parti communiste français,LEFT_PCF,test,1.475038,False
EL194_L_1993_03_067_04_1_PF_04,1993-03-21,Parti socialiste,LEFT_PS,train,1.47501,False
EL134_L_1981_06_015_01_1_PF_02,1981-06-14,Parti socialiste,LEFT_PS,train,1.4733703,False
EL174_L_1988_06_002_05_1_PF_04,1988-06-05,Parti communiste français,LEFT_PCF,train,1.4732398,False
EL135_L_1981_06_042_05_1_PF_02,1981-06-14,Parti socialiste,LEFT_PS,train,1.4724464,False
EL177_L_1988_06_076_01_1_PF_04,1988-06-05,Front national,FAR_RIGHT_FN,train,1.4721587,False
EL134_L_1981_06_034_01_1_PF_03,1981-06-14,Parti communiste français,LEFT_PCF,test,1.4721488,False
EL134_L_1981_06_029_04_2_PF_02,1981-06-21,Parti socialiste;Parti communiste français;Parti socialiste unifié,LEFT_PCF,train,1.4720877,False
EL189_L_1993_03_003_01_1_PF_04,1993-03-21,Rassemblement pour la République;divers droite,RIGHT_RPR,train,1.472059,False
EL195_L_1993_03_075_09_1_PF_03,1993-03-21,Ligue communiste révolutionnaire,FAR_LEFT,train,1.4713365,False
EL175_L_1988_06_052_01_1_PF_04,1988-06-05,Front national,FAR_RIGHT_FN,train,1.4705924,False
EL193_L_1993_03_060_07_1_PF_02,1993-03-21,Parti communiste français,LEFT_PCF,train,1.4701238,False
EL136_L_1981_06_069_12_1_PF_02,1981-06-14,Lutte ouvrière,FAR_LEFT,train,1.4694523,False
EL175_L_1988_06_053_02_1_PF_01,1988-06-05,Front national,FAR_RIGHT_FN,train,1.46922,False
EL197_L_1993_03_087_04_2_PF_02,1993-03-28,Rassemblement pour la République;Union pour la démocratie française,RIGHT_UPF,train,1.4691958,False
EL136_L_1981_06_075_25_2_PF_02,1981-06-21,Parti socialiste,LEFT_PS,train,1.4678661,False
EL176_L_1988_06_058_03_1_PF_02,1988-06-05,Front national,FAR_RIGHT_FN,train,1.4676467,False
EL135_L_1981_06_062_14_1_PF_04,1981-06-14,Rassemblement pour la République,RIGHT_RPR,train,1.4674404,False
EL197_L_1993_03_091_04_1_PF_03,1993-03-21,Front national,FAR_RIGHT_FN,train,1.4674343,False
EL176_L_1988_06_063_04_1_PF_01,1988-06-05,Parti communiste français,LEFT_PCF,train,1.4672858,False
EL192_L_1993_03_049_04_1_PF_06,1993-03-21,Amis saumurois de l'écologie,ECO,train,1.46719,False
EL193_L_1993_03_063_05_1_PF_04,1993-03-21,Verts;Génération écologie,ECO,train,1.4671242,False
EL177_L_1988_06_088_02_1_PF_04,1988-06-05,Front national,FAR_RIGHT_FN,train,1.4666196,False
EL135_L_1981_06_042_01_1_PF_02,1981-06-14,Parti communiste français,LEFT_PCF,test,1.4661076,False
EL177_L_1988_06_075_12_1_PF_07,1988-06-05,Front national,FAR_RIGHT_FN,train,1.4654267,False
EL174_L_1988_06_025_01_1_PF_02,1988-06-05,Front national,FAR_RIGHT_FN,train,1.465091,False
EL190_L_1993_03_02B_01_1_PF_01,1993-03-21,Parti communiste français,LEFT_PCF,train,1.4650096,False
EL137_L_1981_06_087_02_1_PF_03,1981-06-14,Parti socialiste,LEFT_PS,test,1.4649807,False
EL191_L_1993_03_035_01_1_PF_09,1993-03-21,Front national,FAR_RIGHT_FN,test,1.4648222,False
EL177_L_1988_06_087_03_1_PF_03,1988-06-05,Rassemblement pour la République;Union pour la démocratie française,RIGHT_URC,train,1.4645693,False
EL196_L_1993_03_078_09_2_PF_02,1993-03-28,Front national;Association de défense de la famille en Yvelines,FAR_RIGHT_FN,test,1.4644558,False
EL176_L_1988_06_059_14_1_PF_04,1988-06-05,Front national,FAR_RIGHT_FN,train,1.4643093,False
EL196_L_1993_03_080_04_1_PF_04,1993-03-21,Union pour la démocratie française;Rassemblement pour la République,RIGHT_UPF,test,1.4642766,False
EL195_L_1993_03_071_03_1_PF_02,1993-03-21,Parti communiste français,LEFT_PCF,train,1.4637791,False
EL176_L_1988_06_066_02_1_PF_03,1988-06-05,Rassemblement pour la République,RIGHT_RPR,train,1.4628905,False
EL192_L_1993_03_046_01_1_PF_05,1993-03-21,Rassemblement pour la République,RIGHT_RPR,train,1.4622086,False
EL177_L_1988_06_095_02_1_PF_01,1988-06-05,Rassemblement pour la République;Union pour la démocratie française,RIGHT_URC,test,1.462011,False
EL176_L_1988_06_063_05_1_PF_01,1988-06-05,Parti communiste français,LEFT_PCF,train,1.4617515,False
EL137_L_1981_06_091_03_2_PF_01,1981-06-21,Parti socialiste;Mouvement des radicaux de gauche;Parti communiste français;Parti socialiste unifié;Comité écologique,LEFT_PCF,train,1.4617203,False
EL176_L_1988_06_069_01_1_PF_03,1988-06-05,Front national,FAR_RIGHT_FN,train,1.4617202,False
EL177_L_1988_06_093_12_1_PF_01,1988-06-05,Parti communiste français,LEFT_PCF,train,1.4617008,False
EL177_L_1988_06_078_05_1_PF_05,1988-06-05,Front national,FAR_RIGHT_FN,test,1.4610069,False
EL198_L_1993_03_095_02_1_PF_04,1993-03-21,Parti communiste français,LEFT_PCF,train,1.460992,False
EL134_L_1981_06_001_03_1_PF_05,1981-06-14,Parti socialiste unifié,LEFT_PS,train,1.4609723,False
EL134_L_1981_06_025_03_1_PF_03,1981-06-14,Parti socialiste,LEFT_PS,test,1.460919,False
EL191_L_1993_03_038_08_1_PF_05,1993-03-21,Parti communiste français,LEFT_PCF,train,1.4605727,False
EL198_L_1993_03_093_05_1_PF_11,1993-03-21,Nouveaux écologistes du rassemblement nature et animaux,ECO,train,1.4605259,False
EL189_L_1993_03_015_02_1_PF_01,1993-03-21,Parti communiste français,LEFT_PCF,train,1.4604074,False
EL135_L_1981_06_058_01_1_PF_03,1981-06-14,Parti socialiste,LEFT_PS,train,1.460067,False
EL191_L_1993_03_036_01_1_PF_02,1993-03-21,Union pour la démocratie française;Rassemblement pour la République,RIGHT_UPF,train,1.4598318,False
EL137_L_1981_06_076_03_2_PF_01,1981-06-21,Mouvement des radicaux de gauche;Parti communiste français;Parti socialiste,LEFT_PCF,train,1.459715,False
EL137_L_1981_06_092_06_1_PF_06,1981-06-14,Front national,FAR_RIGHT_FN,train,1.4581273,False
EL177_L_1988_06_079_01_1_PF_01,1988-06-05,Parti communiste français,LEFT_PCF,train,1.4579716,False
EL135_L_1981_06_059_08_1_PF_01,1981-06-14,Parti socialiste,LEFT_PS,train,1.4569181,False
EL134_L_1981_06_003_03_2_PF_02,1981-06-21,Radical-socialiste,LEFT_PS,train,1.4565796,False
EL134_L_1981_06_006_01_1_PF_05,1981-06-14,Parti socialiste,LEFT_PS,train,1.4560646,False
EL135_L_1981_06_051_01_2_PF_01,1981-06-21,Socialiste,LEFT_PS,train,1.4552131,False
EL189_L_1993_03_009_02_2_PF_01,1993-03-28,Union pour la démocratie française;Rassemblement pour la République,RIGHT_UPF,train,1.4549588,False
EL134_L_1981_06_008_01_1_PF_06,1981-06-14,Parti socialiste unifié,LEFT_PS,train,1.4547503,False
EL136_L_1981_06_068_05_2_PF_01,1981-06-21,Rassemblement pour la République,RIGHT_RPR,train,1.454678,False
EL135_L_1981_06_065_01_1_PF_04,1981-06-14,Parti socialiste unifié,LEFT_PS,train,1.4543735,False
EL174_L_1988_06_013_15_1_PF_04,1988-06-05,Rassemblement pour la République;Union pour la démocratie française,RIGHT_URC,train,1.4536192,False
EL174_L_1988_06_005_01_1_PF_03,1988-06-05,Parti communiste français,LEFT_PCF,train,1.4535046,False
EL137_L_1981_06_080_04_1_PF_01,1981-06-14,Parti communiste français,LEFT_PCF,train,1.4534158,False
EL176_L_1988_06_062_01_2_PF_01,1988-06-12,Mouvement des radicaux de gauche;Parti socialiste,LEFT_PS,train,1.4533371,False
EL177_L_1988_06_091_04_1_PF_04,1988-06-05,Front national,FAR_RIGHT_FN,train,1.4532564,False
EL177_L_1988_06_077_07_1_PF_04,1988-06-05,Front national,FAR_RIGHT_FN,train,1.4530219,False
EL192_L_1993_03_057_05_2_PF_01,1993-03-28,Union pour la démocratie française;Rassemblement pour la République,RIGHT_UPF,test,1.4525644,False
EL177_L_1988_06_093_11_1_PF_01,1988-06-05,Parti communiste français,LEFT_PCF,test,1.4520147,False
EL174_L_1988_06_026_04_1_PF_05,1988-06-05,Front national,FAR_RIGHT_FN,train,1.4518616,False
EL174_L_1988_06_013_08_1_PF_02,1988-06-05,Parti communiste français,LEFT_PCF,test,1.4513787,False
EL197_L_1993_03_084_01_1_PF_02,1993-03-21,Parti communiste français,LEFT_PCF,test,1.4513595,False
EL190_L_1993_03_029_08_2_PF_01,1993-03-28,Union pour la démocratie française;Rassemblement pour la République,RIGHT_UPF,train,1.4500521,False
EL135_L_1981_06_056_06_1_PF_02,1981-06-14,Socialiste,LEFT_PS,train,1.4499179,False
EL174_L_1988_06_012_01_1_PF_03,1988-06-05,Parti communiste français,LEFT_PCF,train,1.4498137,False
EL177_L_1988_06_077_06_1_PF_04,1988-06-05,Rassemblement pour la République;Union pour la démocratie française,RIGHT_URC,train,1.4496605,False
EL176_L_1988_06_073_03_1_PF_02,1988-06-05,Front national,FAR_RIGHT_FN,test,1.4493796,False
EL197_L_1993_03_090_02_1_PF_03,1993-03-21,Parti communiste français,LEFT_PCF,test,1.4488895,False
EL191_L_1993_03_038_05_1_PF_03,1993-03-21,Parti communiste français,LEFT_PCF,train,1.4483452,False
EL136_L_1981_06_072_05_1_PF_04,1981-06-14,Parti communiste français,LEFT_PCF,train,1.448224,False
EL135_L_1981_06_062_14_2_PF_02,1981-06-21,Union pour la démocratie française,RIGHT_UDF,train,1.4481099,False
EL194_L_1993_03_067_01_2_PF_02,1993-03-28,Union pour la démocratie française;Rassemblement pour la République,RIGHT_UPF,train,1.4479831,False
EL192_L_1993_03_054_04_1_PF_04,1993-03-21,Union pour la démocratie française;Rassemblement pour la République,RIGHT_UPF,train,1.4478761,False
EL135_L_1981_06_056_06_1_PF_04,1981-06-14,Parti communiste français,LEFT_PCF,train,1.4477826,False
EL175_L_1988_06_035_05_1_PF_03,1988-06-05,Verts,ECO,train,1.4475075,False
EL175_L_1988_06_044_06_1_PF_05,1988-06-05,Front national,FAR_RIGHT_FN,train,1.4473387,False
EL175_L_1988_06_044_09_1_PF_01,1988-06-05,Parti communiste français,LEFT_PCF,train,1.4472938,False
EL174_L_1988_06_009_02_1_PF_05,1988-06-05,Front national,FAR_RIGHT_FN,test,1.4464895,False
EL177_L_1988_06_093_03_1_PF_03,1988-06-05,Front national,FAR_RIGHT_FN,train,1.4464518,False
EL197_L_1993_03_083_05_1_PF_05,1993-03-21,Parti socialiste;Mouvement des radicaux de gauche,LEFT_PS,train,1.4461026,False
EL176_L_1988_06_059_04_1_PF_03,1988-06-05,Front national,FAR_RIGHT_FN,train,1.4460758,False
EL135_L_1981_06_062_14_1_PF_01,1981-06-14,Parti communiste français,LEFT_PCF,train,1.4460385,False
EL177_L_1988_06_088_04_1_PF_02,1988-06-05,Front national,FAR_RIGHT_FN,test,1.4459171,False
EL177_L_1988_06_080_04_1_PF_02,1988-06-05,Parti communiste français,LEFT_PCF,test,1.4458106,False
EL193_L_1993_03_059_01_1_PF_02,1993-03-21,Rassemblement pour la République;Union pour la démocratie française;Centre national des indépendants,RIGHT_UPF,test,1.445731,False
EL177_L_1988_06_082_01_1_PF_02,1988-06-05,Parti communiste français,LEFT_PCF,train,1.4457031,False
EL176_L_1988_06_058_01_1_PF_01,1988-06-05,Parti communiste français,LEFT_PCF,train,1.4456187,False
EL174_L_1988_06_005_02_1_PF_02,1988-06-05,Parti communiste français,LEFT_PCF,train,1.445418,False
EL175_L_1988_06_044_02_1_PF_01,1988-06-05,Parti communiste français,LEFT_PCF,train,1.445287,False
EL174_L_1988_06_006_01_1_PF_01,1988-06-05,Parti communiste français,LEFT_PCF,train,1.4446374,False
EL177_L_1988_06_083_02_1_PF_04,1988-06-05,Front national,FAR_RIGHT_FN,train,1.4444046,False
EL189_L_1993_03_014_04_1_PF_02,1993-03-21,Union pour la démocratie française;Rassemblement pour la République,RIGHT_UPF,train,1.4442915,False
EL135_L_1981_06_055_01_1_PF_03,1981-06-14,Parti socialiste unifié,LEFT_PS,train,1.4441056,False
EL174_L_1988_06_013_06_1_PF_01,1988-06-05,Parti communiste français,LEFT_PCF,train,1.4437786,False
EL176_L_1988_06_062_08_1_PF_03,1988-06-05,Front national,FAR_RIGHT_FN,train,1.4437697,False
EL174_L_1988_06_02A_01_1_PF_02,1988-06-05,Parti communiste français,LEFT_PCF,train,1.4436672,False
EL174_L_1988_06_003_02_1_PF_03,1988-06-05,Front national,FAR_RIGHT_FN,train,1.4429408,False
EL197_L_1993_03_089_01_2_PF_02,1993-03-28,Union pour la démocratie française;Rassemblement pour la République,RIGHT_UPF,train,1.4429283,False
EL177_L_1988_06_093_02_1_PF_03,1988-06-05,Centre national des indépendants et paysans;Rassemblement pour la République;Union pour la démocratie française,RIGHT_URC,train,1.4423826,False
EL176_L_1988_06_062_05_2_PF_02,1988-06-12,Union pour la démocratie française;Rassemblement pour la République,RIGHT_URC,train,1.4422392,False
EL175_L_1988_06_042_01_2_PF_01,1988-06-12,Parti communiste français,LEFT_PCF,train,1.4420955,False
EL189_L_1993_03_006_03_1_PF_01,1993-03-21,Front national,FAR_RIGHT_FN,train,1.4415677,False
EL192_L_1993_03_045_02_1_PF_07,1993-03-21,Front national,FAR_RIGHT_FN,test,1.4406917,False
EL192_L_1993_03_057_06_1_PF_03,1993-03-21,Union pour la démocratie française,RIGHT_UDF,test,1.4399658,False
EL192_L_1993_03_052_01_1_PF_10,1993-03-21,Nouveaux écologistes du rassemblement nature et animaux;Union nationale écologiste;Parti pour la défense des animaux;Mouvement universaliste,ECO,train,1.4394616,False
EL189_L_1993_03_013_01_1_PF_08,1993-03-21,Nouveaux écologistes du rassemblement nature et animaux,ECO,train,1.4394616,False
EL192_L_1993_03_049_04_1_PF_05,1993-03-21,Parti socialiste,LEFT_PS,train,1.4385152,False
EL137_L_1981_06_093_05_1_PF_07,1981-06-14,Union pour la démocratie française,RIGHT_UDF,train,1.43834,False
EL135_L_1981_06_049_05_1_PF_04,1981-06-14,Parti socialiste,LEFT_PS,train,1.4382933,False
EL175_L_1988_06_029_01_1_PF_01,1988-06-05,Front national,FAR_RIGHT_FN,test,1.4376005,False
EL134_L_1981_06_018_02_1_PF_01,1981-06-14,Lutte ouvrière,FAR_LEFT,train,1.4369801,False
EL194_L_1993_03_068_06_2_PF_01,1993-03-28,Centre des démocrates sociaux;Union pour la démocratie française;Rassemblement pour la République,RIGHT_UPF,test,1.4366964,False
EL193_L_1993_03_059_12_1_PF_06,1993-03-21,Parti socialiste,LEFT_PS,train,1.4363549,False
EL197_L_1993_03_086_04_1_PF_05,1993-03-21,Parti communiste français,LEFT_PCF,train,1.4361404,False
EL190_L_1993_03_030_02_1_PF_02,1993-03-21,Démocrate de progrès;Agir;Parti socialiste;Mouvement des radicaux de gauche;Mouvement des réformateurs;Mouvement des démocrates;Club gardois des libéraux-sociaux;Solidarité environnement,LEFT_PS,train,1.4361117,False
EL137_L_1981_06_078_06_1_PF_03,1981-06-14,Parti socialiste,LEFT_PS,train,1.435454,False
EL174_L_1988_06_02A_02_1_PF_02,1988-06-05,Parti communiste français,LEFT_PCF,train,1.4352266,False
EL135_L_1981_06_038_02_1_PF_02,1981-06-14,Ligue communiste révolutionnaire,FAR_LEFT,train,1.4349304,False
EL175_L_1988_06_045_02_2_PF_01,1988-06-12,Union pour la démocratie française;Rassemblement pour la République;Centre national des indépendants et paysans,RIGHT_URC,train,1.4345211,False
EL192_L_1993_03_054_07_1_PF_02,1993-03-21,Verts,ECO,train,1.4343354,False
EL198_L_1993_03_095_09_1_PF_04,1993-03-21,Ligue communiste révolutionnaire,FAR_LEFT,train,1.4338539,False
EL135_L_1981_06_057_01_1_PF_01,1981-06-14,Lutte ouvrière,FAR_LEFT,train,1.4335144,False
EL134_L_1981_06_012_02_1_PF_03,1981-06-14,Rassemblement pour la République,RIGHT_RPR,train,1.4326885,False
EL134_L_1981_06_033_02_1_PF_02,1981-06-14,Parti socialiste,LEFT_PS,train,1.4321163,False
EL176_L_1988_06_059_03_1_PF_03,1988-06-05,Front national,FAR_RIGHT_FN,train,1.4316406,False
EL189_L_1993_03_013_07_1_PF_03,1993-03-21,Parti communiste français,LEFT_PCF,train,1.4308809,False
EL196_L_1993_03_077_07_2_PF_02,1993-03-28,Front national,FAR_RIGHT_FN,train,1.430875,False
EL192_L_1993_03_057_10_1_PF_02,1993-03-21,Verts;Génération écologie,ECO,train,1.430684,False
EL176_L_1988_06_057_02_1_PF_03,1988-06-05,Parti communiste français,LEFT_PCF,test,1.4305136,False
EL196_L_1993_03_080_01_1_PF_11,1993-03-21,Région verte;EDEN;SOS environnement;Union des écologistes;Association des usagers de l'administration et des services publics;Parti de l'arbre;Terre prochaine,ECO,train,1.4303619,False
EL135_L_1981_06_064_02_1_PF_02,1981-06-14,Parti socialiste,LEFT_PS,test,1.4302423,False
EL197_L_1993_03_091_06_1_PF_09,1993-03-21,Parti communiste français,LEFT_PCF,train,1.4301372,False
EL137_L_1981_06_092_11_2_PF_01,1981-06-21,Parti socialiste;Mouvement des radicaux de gauche;Parti communiste français;Parti socialiste unifié;Gaullistes de progrès,LEFT_PCF,train,1.4298139,False
EL175_L_1988_06_034_05_1_PF_04,1988-06-05,Front national,FAR_RIGHT_FN,train,1.4298004,False
EL198_L_1993_03_095_01_2_PF_02,1993-03-28,Front national,FAR_RIGHT_FN,train,1.42977,False
EL135_L_1981_06_044_03_1_PF_02,1981-06-14,Socialiste,LEFT_PS,train,1.4296603,False
EL137_L_1981_06_089_03_1_PF_04,1981-06-14,Rassemblement pour la République,RIGHT_RPR,train,1.4295446,False
EL198_L_1993_03_092_04_1_PF_01,1993-03-21,Parti communiste français,LEFT_PCF,train,1.4292796,False
EL134_L_1981_06_031_05_1_PF_03,1981-06-14,Parti socialiste,LEFT_PS,train,1.4290091,False
EL198_L_1993_03_094_02_1_PF_07,1993-03-21,Verts;Génération écologie,ECO,train,1.4286548,False
EL134_L_1981_06_002_05_1_PF_04,1981-06-14,Parti communiste français,LEFT_PCF,test,1.4284431,False
EL191_L_1993_03_038_01_2_PF_02,1993-03-28,socialiste,LEFT_PS,train,1.4276685,False
EL197_L_1993_03_088_04_1_PF_08,1993-03-21,Parti communiste français,LEFT_PCF,train,1.4276595,False
EL197_L_1993_03_091_05_1_PF_07,1993-03-21,Front national,FAR_RIGHT_FN,train,1.4270763,False
EL174_L_1988_06_025_05_1_PF_01,1988-06-05,Front national,FAR_RIGHT_FN,test,1.426907,False
EL175_L_1988_06_031_04_2_PF_02,1988-06-12,Parti socialiste,LEFT_PS,train,1.426744,False
EL134_L_1981_06_018_02_1_PF_02,1981-06-14,Parti communiste français,LEFT_PCF,test,1.4263833,False
EL198_L_1993_03_093_05_1_PF_01,1993-03-21,Front national,FAR_RIGHT_FN,train,1.4256606,False
EL195_L_1993_03_075_03_1_PF_05,1993-03-21,Verts;Génération écologie,ECO,test,1.4251857,False
EL176_L_1988_06_061_03_2_PF_02,1988-06-12,Rassemblement pour la République;Union pour la démocratie française,RIGHT_URC,train,1.4247371,False
EL137_L_1981_06_090_01_1_PF_02,1981-06-14,Lutte ouvrière,FAR_LEFT,test,1.4244374,False
EL175_L_1988_06_033_05_1_PF_03,1988-06-05,Front national,FAR_RIGHT_FN,train,1.4240434,False
EL194_L_1993_03_065_02_1_PF_02,1993-03-21,Parti communiste français,LEFT_PCF,train,1.4240397,False
EL191_L_1993_03_031_05_1_PF_04,1993-03-21,Parti communiste français,LEFT_PCF,train,1.4238935,False
EL176_L_1988_06_074_01_1_PF_04,1988-06-05,Front national,FAR_RIGHT_FN,train,1.4237294,False
EL137_L_1981_06_076_02_1_PF_01,1981-06-14,Lutte ouvrière,FAR_LEFT,train,1.4233472,False
EL135_L_1981_06_061_02_2_PF_02,1981-06-21,Parti socialiste,LEFT_PS,train,1.4227563,False
EL191_L_1993_03_042_03_1_PF_06,1993-03-21,indépendant;écologiste,ECO,train,1.4224391,False
EL189_L_1993_03_013_12_1_PF_06,1993-03-21,Rassemblement pour la République;Union pour la démocratie française,RIGHT_UPF,train,1.4222001,False
EL197_L_1993_03_091_06_2_PF_02,1993-03-28,Rassemblement pour la République;Union pour la démocratie française;Centre national des indépendants,RIGHT_UPF,test,1.4221942,False
EL192_L_1993_03_044_02_2_PF_01,1993-03-28,Parti socialiste,LEFT_PS,train,1.4218537,False
EL177_L_1988_06_083_01_1_PF_01,1988-06-05,Rassemblement pour la République;Union pour la démocratie française,RIGHT_URC,train,1.4217949,False
EL190_L_1993_03_028_02_2_PF_02,1993-03-28,Rassemblement pour la République;Union pour la démocratie française,RIGHT_UPF,train,1.421452,False
EL191_L_1993_03_042_04_2_PF_01,1993-03-28,Parti communiste français;Alternative rouge et verte;Refondations;Convergences et démocratie;Espoirs 93;Alternative démocratie socialisme;Parti socialiste,LEFT_PCF,train,1.4213643,False
EL177_L_1988_06_077_08_1_PF_03,1988-06-05,Front national,FAR_RIGHT_FN,train,1.4212129,False
EL198_L_1993_03_093_03_1_PF_01,1993-03-21,Parti communiste français,LEFT_PCF,train,1.4210216,False
EL192_L_1993_03_052_01_1_PF_03,1993-03-21,Parti socialiste,LEFT_PS,train,1.4209499,False
EL175_L_1988_06_050_03_1_PF_05,1988-06-05,Front national,FAR_RIGHT_FN,train,1.4208162,False
EL198_L_1993_03_093_01_1_PF_07,1993-03-21,Rassemblement pour la République;Union pour la démocratie française,RIGHT_UPF,train,1.4207855,False
EL190_L_1993_03_025_05_1_PF_07,1993-03-21,Rassemblement pour la République;Union pour la démocratie française,RIGHT_UPF,test,1.4207281,False
EL189_L_1993_03_013_09_1_PF_08,1993-03-21,Front national,FAR_RIGHT_FN,train,1.4203914,False
EL135_L_1981_06_041_02_2_PF_02,1981-06-21,Parti socialiste;Mouvement des radicaux de gauche,LEFT_PS,train,1.4199855,False
EL174_L_1988_06_016_01_1_PF_04,1988-06-05,Front national,FAR_RIGHT_FN,train,1.419814,False
EL136_L_1981_06_069_08_1_PF_04,1981-06-14,Parti socialiste,LEFT_PS,train,1.419485,False
EL176_L_1988_06_059_03_2_PF_01,1988-06-12,Parti socialiste,LEFT_PS,test,1.4192867,False
EL176_L_1988_06_059_02_1_PF_02,1988-06-05,Front national,FAR_RIGHT_FN,train,1.4185983,False
EL135_L_1981_06_051_04_1_PF_02,1981-06-14,Parti socialiste,LEFT_PS,test,1.4182523,False
EL175_L_1988_06_034_02_2_PF_02,1988-06-12,Rassemblement pour la République;Union pour la démocratie française;Centre national des indépendants et paysans,RIGHT_URC,train,1.418042,False
EL177_L_1988_06_075_07_2_PF_02,1988-06-12,Rassemblement pour la République;Union pour la démocratie française,RIGHT_URC,train,1.4175559,False
EL189_L_1993_03_013_06_1_PF_02,1993-03-21,Front national,FAR_RIGHT_FN,train,1.4174314,False
EL190_L_1993_03_029_07_1_PF_01,1993-03-21,Parti communiste français,LEFT_PCF,train,1.4173506,False
EL196_L_1993_03_076_03_1_PF_04,1993-03-21,Parti communiste français,LEFT_PCF,test,1.4173297,False
EL198_L_1993_03_092_06_1_PF_02,1993-03-21,Front national,FAR_RIGHT_FN,train,1.4165015,False
EL135_L_1981_06_063_02_1_PF_03,1981-06-14,Parti socialiste,LEFT_PS,train,1.4163496,False
EL134_L_1981_06_013_06_1_PF_06,1981-06-14,Rassemblement pour la République,RIGHT_RPR,train,1.4162002,False
EL190_L_1993_03_030_01_2_PF_01,1993-03-28,Front national,FAR_RIGHT_FN,train,1.4159371,False
EL197_L_1993_03_091_07_1_PF_09,1993-03-21,Ligue communiste révolutionnaire,FAR_LEFT,train,1.4156688,False
EL177_L_1988_06_089_01_1_PF_01,1988-06-05,Rassemblement pour la République;Union pour la démocratie française,RIGHT_URC,train,1.4156321,False
EL189_L_1993_03_013_15_1_PF_02,1993-03-21,Front national,FAR_RIGHT_FN,train,1.4153751,False
EL137_L_1981_06_094_02_1_PF_07,1981-06-14,Rassemblement pour la République,RIGHT_RPR,test,1.4148568,False
EL135_L_1981_06_062_13_1_PF_03,1981-06-14,Parti socialiste,LEFT_PS,test,1.4147753,False
EL191_L_1993_03_033_03_1_PF_10,1993-03-21,Rassemblement pour la République;Union pour la démocratie française,RIGHT_UPF,train,1.4145905,False
EL198_L_1993_03_094_01_2_PF_02,1993-03-28,Rassemblement pour la République;Union pour la démocratie française;indépendants;non inscrit;Des villages dans la ville,RIGHT_UPF,train,1.4137877,False
EL191_L_1993_03_031_08_1_PF_02,1993-03-21,Ligue communiste révolutionnaire,FAR_LEFT,train,1.4137474,False
EL190_L_1993_03_022_03_2_PF_01,1993-03-28,Union pour la démocratie française;Rassemblement pour la République,RIGHT_UPF,test,1.4136753,False
EL177_L_1988_06_079_03_1_PF_04,1988-06-05,Front national,FAR_RIGHT_FN,train,1.4133524,False
EL192_L_1993_03_054_06_1_PF_06,1993-03-21,Solidarité écologie gauche alternative,ECO,train,1.4128951,False
EL136_L_1981_06_075_31_2_PF_01,1981-06-21,Rassemblement pour la République;Union pour la démocratie française,RIGHT_UNM,train,1.4125602,False
EL177_L_1988_06_093_13_1_PF_01,1988-06-05,Parti communiste français,LEFT_PCF,test,1.4124504,False
EL191_L_1993_03_032_02_1_PF_05,1993-03-21,Rassemblement pour la République;Union pour la démocratie française,RIGHT_UPF,test,1.4121726,False
EL197_L_1993_03_088_02_1_PF_02,1993-03-21,Front national,FAR_RIGHT_FN,train,1.412042,False
EL190_L_1993_03_026_03_1_PF_05,1993-03-21,Parti communiste français,LEFT_PCF,train,1.4120206,False
EL137_L_1981_06_087_01_1_PF_05,1981-06-14,Rassemblement pour la République,RIGHT_RPR,test,1.4118551,False
EL134_L_1981_06_014_02_1_PF_01,1981-06-14,Parti communiste français,LEFT_PCF,train,1.411681,False
EL195_L_1993_03_073_01_1_PF_03,1993-03-21,Parti communiste français,LEFT_PCF,train,1.411444,False
EL135_L_1981_06_066_01_2_PF_02,1981-06-21,Parti socialiste,LEFT_PS,train,1.41118,False
EL175_L_1988_06_029_05_1_PF_03,1988-06-05,Front national,FAR_RIGHT_FN,train,1.4111077,False
EL177_L_1988_06_092_05_1_PF_02,1988-06-05,Front national,FAR_RIGHT_FN,train,1.4110266,False
EL189_L_1993_03_010_03_1_PF_08,1993-03-21,Union pour la démocratie française,RIGHT_UDF,train,1.4109706,False
EL136_L_1981_06_075_02_1_PF_04,1981-06-14,Ligue communiste révolutionnaire,FAR_LEFT,train,1.4109672,False
EL189_L_1993_03_013_04_1_PF_03,1993-03-21,Union pour la démocratie française;Rassemblement pour la République;Centre national des indépendants,RIGHT_UPF,train,1.4105614,False
EL193_L_1993_03_062_13_2_PF_01,1993-03-28,Parti socialiste,LEFT_PS,train,1.4098831,False
EL190_L_1993_03_023_02_1_PF_04,1993-03-21,Verts;Génération écologie,ECO,test,1.4096662,False
EL174_L_1988_06_026_03_1_PF_03,1988-06-05,Rassemblement pour la République;Union pour la démocratie française;modérés,RIGHT_URC,train,1.4095924,False
EL175_L_1988_06_041_01_2_PF_02,1988-06-12,Rassemblement pour la République;Union pour la démocratie française,RIGHT_URC,train,1.4095687,False
EL134_L_1981_06_033_01_1_PF_01,1981-06-14,Rassemblement pour la République;Union pour la démocratie française;Centre national des indépendants et paysans;Démocratie chrétienne,RIGHT_UNM,train,1.4087222,False
EL194_L_1993_03_069_11_2_PF_02,1993-03-28,Union pour la démocratie française;Rassemblement pour la République,RIGHT_UPF,train,1.4084624,False
EL174_L_1988_06_014_05_1_PF_04,1988-06-05,socialiste,LEFT_PS,train,1.4081403,False
EL174_L_1988_06_025_02_1_PF_02,1988-06-05,Front national,FAR_RIGHT_FN,train,1.407747,False
EL136_L_1981_06_072_04_1_PF_02,1981-06-14,Parti communiste français,LEFT_PCF,train,1.4075868,False
EL198_L_1993_03_093_04_1_PF_07,1993-03-21,Parti socialiste,LEFT_PS,train,1.407467,False
EL134_L_1981_06_029_06_1_PF_02,1981-06-14,Parti communiste français,LEFT_PCF,train,1.4073797,False
EL197_L_1993_03_088_02_1_PF_01,1993-03-21,Parti communiste français,LEFT_PCF,train,1.4072378,False
EL191_L_1993_03_033_05_1_PF_07,1993-03-21,Front national,FAR_RIGHT_FN,train,1.407221,False
EL191_L_1993_03_034_07_1_PF_02,1993-03-21,Parti communiste français,LEFT_PCF,train,1.4070907,False
EL175_L_1988_06_034_03_2_PF_02,1988-06-12,Rassemblement pour la République;Union pour la démocratie française;Centre national des indépendants et paysans,RIGHT_URC,train,1.4067968,False
EL195_L_1993_03_073_02_1_PF_01,1993-03-21,Parti communiste français,LEFT_PCF,train,1.4063666,False
EL190_L_1993_03_017_03_2_PF_01,1993-03-28,Rassemblement pour la République;Union pour la démocratie française,RIGHT_UPF,train,1.4055514,False
EL174_L_1988_06_021_03_1_PF_04,1988-06-05,Front national,FAR_RIGHT_FN,train,1.405381,False
EL177_L_1988_06_094_02_2_PF_02,1988-06-12,Rassemblement pour la République;Union pour la démocratie française,RIGHT_URC,train,1.4053062,False
EL190_L_1993_03_022_03_1_PF_04,1993-03-21,Rassemblement pour la République,RIGHT_RPR,train,1.4052761,False
EL174_L_1988_06_013_12_1_PF_01,1988-06-05,Parti communiste français,LEFT_PCF,train,1.404687,False
EL192_L_1993_03_056_01_1_PF_02,1993-03-21,Front national,FAR_RIGHT_FN,train,1.4044973,False
EL135_L_1981_06_059_08_1_PF_03,1981-06-14,Ligue communiste révolutionnaire,FAR_LEFT,test,1.404368,False
EL137_L_1981_06_084_01_2_PF_01,1981-06-21,Parti socialiste,LEFT_PS,train,1.404286,False
EL191_L_1993_03_033_10_1_PF_09,1993-03-21,Front national,FAR_RIGHT_FN,train,1.4041294,False
EL134_L_1981_06_029_07_1_PF_01,1981-06-14,Parti socialiste unifié;Union démocratique bretonne,LEFT_PS,train,1.4034723,False
EL189_L_1993_03_007_03_1_PF_10,1993-03-21,Front national,FAR_RIGHT_FN,train,1.4033154,False
EL135_L_1981_06_051_03_1_PF_05,1981-06-14,Union pour la démocratie française;Rassemblement pour la République,RIGHT_UNM,train,1.4033068,False
EL177_L_1988_06_095_08_1_PF_05,1988-06-05,Parti communiste français,LEFT_PCF,train,1.4029206,False
EL177_L_1988_06_091_05_1_PF_02,1988-06-05,Parti communiste français,LEFT_PCF,train,1.40257,False
EL197_L_1993_03_090_01_1_PF_02,1993-03-21,Parti communiste français,LEFT_PCF,train,1.4023471,False
EL135_L_1981_06_060_05_1_PF_02,1981-06-14,Parti communiste français,LEFT_PCF,test,1.4022903,False
EL195_L_1993_03_075_06_1_PF_05,1993-03-21,Parti communiste français,LEFT_PCF,test,1.4020208,False
EL176_L_1988_06_057_03_1_PF_02,1988-06-05,Parti communiste français,LEFT_PCF,train,1.4019841,False
EL135_L_1981_06_059_02_1_PF_01,1981-06-14,Lutte ouvrière,FAR_LEFT,train,1.4019653,False
EL197_L_1993_03_089_01_1_PF_04,1993-03-21,Ecologie les Verts;Génération écologie,ECO,train,1.4014014,False
EL137_L_1981_06_094_02_1_PF_05,1981-06-14,Parti socialiste unifié,LEFT_PS,test,1.4013557,False
EL175_L_1988_06_045_02_1_PF_04,1988-06-05,Front national,FAR_RIGHT_FN,train,1.4010308,False
EL177_L_1988_06_091_06_1_PF_01,1988-06-05,Parti communiste français,LEFT_PCF,train,1.4002786,False
EL177_L_1988_06_094_07_2_PF_01,1988-06-12,Union pour la démocratie française;Rassemblement pour la République;Centre national des indépendants et paysans;Centre des démocrates sociaux;Parti républicain;Parti radical-socialiste;Union gaulliste pour la démocratie;Collège pour une société de participation;Union des jeunes pour le progrès;Mouvement femme avenir Centre féminin d'études et d'informations;Cercle liberté et humanisme,LEFT_PS,train,1.398785,False
EL177_L_1988_06_078_06_1_PF_03,1988-06-05,Front national,FAR_RIGHT_FN,train,1.3987814,False
EL175_L_1988_06_035_03_1_PF_05,1988-06-05,Front national,FAR_RIGHT_FN,train,1.398622,False
EL189_L_1993_03_013_03_1_PF_05,1993-03-21,Parti communiste français,LEFT_PCF,train,1.3985467,False
EL134_L_1981_06_008_03_1_PF_02,1981-06-14,Parti communiste français,LEFT_PCF,train,1.3983165,False
EL193_L_1993_03_062_11_1_PF_06,1993-03-21,Union pour la démocratie française,RIGHT_UDF,train,1.3982576,False
EL190_L_1993_03_021_01_1_PF_04,1993-03-21,Parti communiste français,LEFT_PCF,train,1.3980848,False
EL195_L_1993_03_071_03_1_PF_07,1993-03-21,Verts;Génération écologie,ECO,train,1.397984,False
EL194_L_1993_03_069_05_1_PF_04,1993-03-21,Union pour la démocratie française;Rassemblement pour la République,RIGHT_UPF,train,1.397931,False
EL135_L_1981_06_044_04_1_PF_01,1981-06-14,Union pour la démocratie française;Rassemblement pour la République;Centre national des indépendants,RIGHT_UNM,train,1.3977268,False
EL177_L_1988_06_093_05_1_PF_04,1988-06-05,Front national,FAR_RIGHT_FN,train,1.3975822,False
EL189_L_1993_03_013_14_2_PF_01,1993-03-28,Rassemblement pour la République;Union pour la démocratie française,RIGHT_UPF,test,1.3975146,False
EL134_L_1981_06_013_06_2_PF_02,1981-06-21,Union pour la démocratie française;Rassemblement pour la République,RIGHT_UNM,train,1.3974212,False
EL175_L_1988_06_038_05_2_PF_01,1988-06-12,Rassemblement pour la République;Union pour la démocratie française,RIGHT_URC,train,1.396991,False
EL191_L_1993_03_031_05_1_PF_03,1993-03-21,Union pour la démocratie française;Rassemblement pour la République,RIGHT_UPF,train,1.3964183,False
EL189_L_1993_03_006_03_2_PF_02,1993-03-28,Union pour la démocratie française;Rassemblement pour la République,RIGHT_UPF,train,1.3964155,False
EL174_L_1988_06_011_03_1_PF_04,1988-06-05,Front national,FAR_RIGHT_FN,train,1.3959651,False
EL191_L_1993_03_039_01_1_PF_09,1993-03-21,Syndicat national de défense du droit des agriculteurs;Collectif du monde rural pour le non à Maastricht;Coordination rurale;Union pour la démocratie française,RIGHT_UDF,train,1.3959541,False
EL135_L_1981_06_062_09_1_PF_01,1981-06-14,Parti communiste français,LEFT_PCF,test,1.3957549,False
EL136_L_1981_06_074_02_1_PF_04,1981-06-14,Mouvement des radicaux de gauche,LEFT_PS,train,1.3956032,False
EL136_L_1981_06_075_08_1_PF_02,1981-06-14,Mouvement des radicaux de gauche,LEFT_PS,train,1.3954964,False
EL137_L_1981_06_085_03_1_PF_03,1981-06-14,Mouvement des radicaux de gauche,LEFT_PS,train,1.3954673,False
EL134_L_1981_06_025_01_1_PF_03,1981-06-14,Parti socialiste unifié,LEFT_PS,train,1.3952355,False
EL134_L_1981_06_031_06_1_PF_03,1981-06-14,Mouvement des radicaux de gauche,LEFT_PS,test,1.3948148,False
EL195_L_1993_03_074_03_1_PF_08,1993-03-21,Parti communiste français,LEFT_PCF,test,1.3945427,False
EL196_L_1993_03_080_05_1_PF_03,1993-03-21,Front national,FAR_RIGHT_FN,train,1.3944076,False
EL192_L_1993_03_044_02_1_PF_03,1993-03-21,Solidarité écologie gauche alternative,ECO,train,1.3944013,False
EL194_L_1993_03_069_05_2_PF_02,1993-03-28,Union pour la démocratie française;Rassemblement pour la République,RIGHT_UPF,test,1.3943864,False
EL175_L_1988_06_040_01_1_PF_02,1988-06-05,Parti socialiste,LEFT_PS,test,1.3941594,False
EL194_L_1993_03_066_03_1_PF_06,1993-03-21,Union pour la démocratie française;Rassemblement pour la République;Mouvement France régions,RIGHT_UPF,train,1.3941466,False
EL137_L_1981_06_079_03_1_PF_03,1981-06-14,Parti communiste français,LEFT_PCF,train,1.3940415,False
EL175_L_1988_06_040_02_1_PF_04,1988-06-05,Front national,FAR_RIGHT_FN,train,1.3940254,False
EL134_L_1981_06_031_06_1_PF_05,1981-06-14,Parti communiste français,LEFT_PCF,train,1.3938206,False
EL193_L_1993_03_060_03_2_PF_01,1993-03-28,Rassemblement pour la République;Union pour la démocratie française,RIGHT_UPF,train,1.39368,False
EL135_L_1981_06_056_05_2_PF_01,1981-06-21,Socialiste,LEFT_PS,test,1.3936448,False
EL175_L_1988_06_041_03_2_PF_02,1988-06-12,Union pour la démocratie française;Centre des démocrates sociaux,RIGHT_UDF,train,1.3935355,False
EL190_L_1993_03_028_02_1_PF_04,1993-03-21,Parti communiste français,LEFT_PCF,train,1.3933903,False
EL174_L_1988_06_002_01_1_PF_04,1988-06-05,Front national,FAR_RIGHT_FN,train,1.3932477,False
EL134_L_1981_06_005_01_1_PF_04,1981-06-14,Parti communiste français,LEFT_PCF,train,1.3931311,False
EL134_L_1981_06_024_02_1_PF_01,1981-06-14,Lutte ouvrière,FAR_LEFT,train,1.3930149,False
EL190_L_1993_03_030_02_1_PF_06,1993-03-21,Rassemblement pour la République,RIGHT_RPR,train,1.3920757,False
EL198_L_1993_03_094_08_1_PF_09,1993-03-21,Nouveaux écologistes du rassemblement nature et animaux,ECO,train,1.3919848,False
EL137_L_1981_06_077_05_1_PF_04,1981-06-14,Mouvement des radicaux de gauche,LEFT_PS,train,1.3919079,False
EL175_L_1988_06_042_02_2_PF_02,1988-06-12,Rassemblement pour la République;Union pour la démocratie française,RIGHT_URC,train,1.391656,False
EL134_L_1981_06_029_02_1_PF_05,1981-06-14,Rassemblement pour la République;Union pour la démocratie française,RIGHT_UNM,train,1.3915784,False
EL136_L_1981_06_068_05_1_PF_06,1981-06-14,socialiste indépendant,LEFT_PS,test,1.390768,False
EL177_L_1988_06_087_03_1_PF_04,1988-06-05,Front national,FAR_RIGHT_FN,test,1.390615,False
EL177_L_1988_06_075_20_1_PF_01,1988-06-05,Parti communiste français,LEFT_PCF,train,1.3905091,False
EL189_L_1993_03_013_12_1_PF_07,1993-03-21,Parti communiste français,LEFT_PCF,train,1.3904693,False
EL197_L_1993_03_091_02_1_PF_07,1993-03-21,Verts,ECO,train,1.390241,False
EL177_L_1988_06_088_04_1_PF_04,1988-06-05,Parti communiste français,LEFT_PCF,train,1.3899827,False
EL134_L_1981_06_013_10_1_PF_07,1981-06-14,Ligue communiste révolutionnaire,FAR_LEFT,test,1.3893911,False
EL192_L_1993_03_048_01_1_PF_03,1993-03-21,Parti socialiste,LEFT_PS,train,1.3892765,False
EL176_L_1988_06_074_03_1_PF_06,1988-06-05,Front national,FAR_RIGHT_FN,train,1.3890661,False
EL192_L_1993_03_052_02_1_PF_06,1993-03-21,Verts;Génération écologie,ECO,train,1.3890264,False
EL177_L_1988_06_093_06_2_PF_02,1988-06-12,Rassemblement pour la République;Union pour la démocratie française,RIGHT_URC,train,1.3888711,False
EL177_L_1988_06_083_07_1_PF_01,1988-06-05,Front national,FAR_RIGHT_FN,train,1.3888627,False
EL189_L_1993_03_001_01_1_PF_03,1993-03-21,Union pour la démocratie française;Rassemblement pour la République,RIGHT_UPF,train,1.388785,False
EL189_L_1993_03_006_02_1_PF_02,1993-03-21,Parti communiste français,LEFT_PCF,train,1.3887439,False
EL176_L_1988_06_066_03_1_PF_05,1988-06-05,Front national,FAR_RIGHT_FN,train,1.3887087,False
EL174_L_1988_06_024_03_1_PF_03,1988-06-05,Union pour la démocratie française,RIGHT_UDF,train,1.3884991,False
EL134_L_1981_06_009_01_1_PF_03,1981-06-14,Parti socialiste,LEFT_PS,train,1.3884801,False
EL192_L_1993_03_051_05_2_PF_01,1993-03-28,Union pour la démocratie française;Rassemblement pour la République,RIGHT_UPF,train,1.388347,False
EL175_L_1988_06_044_02_2_PF_01,1988-06-12,Parti socialiste,LEFT_PS,test,1.3878545,False
EL189_L_1993_03_006_07_1_PF_02,1993-03-21,Front national,FAR_RIGHT_FN,train,1.387724,False
EL196_L_1993_03_076_06_1_PF_03,1993-03-21,Génération écologie;Ecologie les Verts;PROMESSE;confédération A29;Pourquoi pas Le Havre,ECO,train,1.3876823,False
EL177_L_1988_06_093_07_1_PF_01,1988-06-05,Parti communiste français,LEFT_PCF,train,1.3875974,False
EL197_L_1993_03_087_02_1_PF_02,1993-03-21,Parti socialiste,LEFT_PS,train,1.3871061,False
EL134_L_1981_06_008_03_1_PF_05,1981-06-14,Parti socialiste unifié,LEFT_PS,train,1.3870143,False
EL176_L_1988_06_067_01_1_PF_05,1988-06-05,Rassemblement pour la République,RIGHT_RPR,train,1.3867583,False
EL175_L_1988_06_044_03_1_PF_02,1988-06-05,Parti socialiste,LEFT_PS,train,1.3867244,False
EL175_L_1988_06_031_01_1_PF_03,1988-06-05,Parti communiste français,LEFT_PCF,train,1.3866137,False
EL176_L_1988_06_069_03_2_PF_01,1988-06-12,Rassemblement pour la République;Union pour la démocratie française;Centre national des indépendants et paysans,RIGHT_URC,train,1.3865739,False
EL192_L_1993_03_046_01_2_PF_02,1993-03-28,Rassemblement pour la République;Union pour la démocratie française,RIGHT_UPF,train,1.3864039,False
EL134_L_1981_06_006_01_2_PF_02,1981-06-21,Parti socialiste,LEFT_PS,train,1.3863854,False
EL134_L_1981_06_011_02_1_PF_02,1981-06-14,Parti socialiste,LEFT_PS,train,1.3861389,False
EL196_L_1993_03_076_07_2_PF_01,1993-03-28,Rassemblement pour la République;Union pour la démocratie française,RIGHT_UPF,train,1.3859518,False
EL191_L_1993_03_032_02_1_PF_06,1993-03-21,Front national,FAR_RIGHT_FN,train,1.3858058,False
EL198_L_1993_03_093_02_1_PF_08,1993-03-21,Parti socialiste,LEFT_PS,train,1.3856364,False
EL134_L_1981_06_029_05_1_PF_05,1981-06-14,Union pour la démocratie française;Centre des démocrates sociaux,RIGHT_UDF,train,1.3854239,False
EL189_L_1993_03_007_02_1_PF_04,1993-03-21,Rassemblement pour la République;Union pour la démocratie française,RIGHT_UPF,test,1.3852152,False
EL189_L_1993_03_006_01_1_PF_01,1993-03-21,Mouvement des radicaux de gauche,LEFT_PS,test,1.3849584,False
EL197_L_1993_03_082_01_1_PF_06,1993-03-21,Union pour la démocratie française,RIGHT_UDF,test,1.3848817,False
EL177_L_1988_06_078_04_2_PF_01,1988-06-12,Rassemblement pour la République;Union pour la démocratie française,RIGHT_URC,test,1.3847986,False
EL134_L_1981_06_021_02_2_PF_01,1981-06-21,Socialiste,LEFT_PS,train,1.3843105,False
EL137_L_1981_06_092_07_1_PF_01,1981-06-14,Rassemblement pour la République,RIGHT_RPR,train,1.3840277,False
EL196_L_1993_03_076_05_1_PF_02,1993-03-21,Parti communiste français,LEFT_PCF,train,1.384004,False
EL195_L_1993_03_075_15_1_PF_03,1993-03-21,Rassemblement pour la République;Union pour la démocratie française,RIGHT_UPF,train,1.3835863,False
EL190_L_1993_03_029_08_1_PF_03,1993-03-21,Parti communiste français,LEFT_PCF,train,1.3835598,False
EL192_L_1993_03_051_05_1_PF_05,1993-03-21,Union pour la démocratie française;Rassemblement pour la République,RIGHT_UPF,train,1.3834934,False
EL175_L_1988_06_055_02_1_PF_03,1988-06-05,Front national,FAR_RIGHT_FN,train,1.3833829,False
EL135_L_1981_06_044_01_2_PF_02,1981-06-21,Socialistes,LEFT_PS,train,1.3829316,False
EL176_L_1988_06_061_03_1_PF_03,1988-06-05,Union pour la démocratie française,RIGHT_UDF,test,1.3826778,False
EL189_L_1993_03_013_09_1_PF_07,1993-03-21,Parti communiste français,LEFT_PCF,train,1.3826584,False
EL137_L_1981_06_080_01_1_PF_01,1981-06-14,Parti communiste français,LEFT_PCF,test,1.3822961,False
EL193_L_1993_03_063_03_1_PF_03,1993-03-21,Front national,FAR_RIGHT_FN,test,1.3822271,False
EL137_L_1981_06_093_08_2_PF_02,1981-06-21,Centre national des indépendants;Rassemblement pour la République;Union pour la démocratie française,RIGHT_UNM,train,1.3819368,False
EL192_L_1993_03_051_03_1_PF_05,1993-03-21,Parti socialiste,LEFT_PS,train,1.3818154,False
EL189_L_1993_03_013_02_2_PF_02,1993-03-28,Front national,FAR_RIGHT_FN,train,1.3814461,False
EL198_L_1993_03_092_12_2_PF_02,1993-03-28,Rassemblement pour la République;Union pour la démocratie française,RIGHT_UPF,train,1.3813072,False
EL198_L_1993_03_093_07_1_PF_07,1993-03-21,Ligue communiste révolutionnaire;Alternative libertaire,FAR_LEFT,train,1.3811524,False
EL135_L_1981_06_043_01_1_PF_02,1981-06-14,Mouvement socialiste occitan Volem viure au païs,LEFT_PS,train,1.3810319,False
EL177_L_1988_06_076_07_1_PF_05,1988-06-05,Front national,FAR_RIGHT_FN,test,1.3807724,False
EL196_L_1993_03_076_08_1_PF_10,1993-03-21,Rassemblement pour la République;Union pour la démocratie française,RIGHT_UPF,test,1.3805667,False
EL192_L_1993_03_048_02_1_PF_01,1993-03-21,Parti communiste français,LEFT_PCF,test,1.3805509,False
EL176_L_1988_06_059_09_1_PF_03,1988-06-05,Front national,FAR_RIGHT_FN,test,1.3804381,False
EL137_L_1981_06_094_08_1_PF_01,1981-06-14,Parti communiste français,LEFT_PCF,train,1.3803685,False
EL177_L_1988_06_078_12_2_PF_01,1988-06-12,Rassemblement pour la République,RIGHT_RPR,train,1.3800149,False
EL135_L_1981_06_047_02_1_PF_01,1981-06-14,Union pour la démocratie française,RIGHT_UDF,train,1.3796887,False
EL194_L_1993_03_065_03_2_PF_01,1993-03-28,Parti communiste français,LEFT_PCF,train,1.3796601,False
EL136_L_1981_06_075_28_1_PF_03,1981-06-14,Mouvement des radicaux de gauche,LEFT_PS,train,1.3794332,False
EL175_L_1988_06_043_01_1_PF_04,1988-06-05,Front national,FAR_RIGHT_FN,train,1.3785735,False
EL191_L_1993_03_037_01_1_PF_07,1993-03-21,Front national,FAR_RIGHT_FN,train,1.3782648,False
EL175_L_1988_06_035_01_1_PF_05,1988-06-05,Front national,FAR_RIGHT_FN,test,1.3780732,False
EL174_L_1988_06_006_08_1_PF_01,1988-06-05,Front national,FAR_RIGHT_FN,train,1.378048,False
EL198_L_1993_03_094_02_1_PF_06,1993-03-21,Solidarité écologie gauche alternative,ECO,train,1.3779678,False
EL135_L_1981_06_059_17_2_PF_02,1981-06-21,Rassemblement pour la République;Union pour la démocratie française;Centre des démocrates sociaux;Parti républicain;Parti radical-socialiste;Mouvement des démocrates socialistes;Centre national des indépendants;Démocratie chrétienne,LEFT_PS,train,1.377896,False
EL135_L_1981_06_041_01_1_PF_01,1981-06-14,Union pour la démocratie française;Rassemblement pour la République,RIGHT_UNM,train,1.3775523,False
EL134_L_1981_06_011_03_1_PF_02,1981-06-14,Rassemblement pour la République;Union pour la démocratie française,RIGHT_UNM,train,1.3772204,False
EL198_L_1993_03_092_09_1_PF_07,1993-03-21,Ecologie 92;Confédération syndicale du cadre de vie;Alternative;Initiatives 92;Ecologie citoyenneté et laïcité;Comité de soutien à la coopérative écologique;Dialogues-Cultures et identités;France cultures Islam et laïcité;Mouvement communautaire juif laïc;Ecologie et solidarités multiculturelles;Alliance pour l'écologie et la démocratie,ECO,train,1.3768729,False
EL135_L_1981_06_038_03_1_PF_02,1981-06-14,Parti communiste français,LEFT_PCF,train,1.3764843,False
EL190_L_1993_03_017_05_1_PF_06,1993-03-21,Front national,FAR_RIGHT_FN,train,1.3764085,False
EL176_L_1988_06_057_07_1_PF_06,1988-06-05,Parti communiste français,LEFT_PCF,test,1.3762379,False
EL174_L_1988_06_02B_02_1_PF_01,1988-06-05,Rassemblement pour la République;Union pour la démocratie française,RIGHT_URC,test,1.3762319,False
EL194_L_1993_03_069_01_1_PF_02,1993-03-21,Parti communiste français,LEFT_PCF,train,1.3762302,False
EL190_L_1993_03_021_05_1_PF_03,1993-03-21,Verts;Génération écologie,ECO,test,1.3761611,False
EL197_L_1993_03_091_03_1_PF_05,1993-03-21,Verts,ECO,train,1.3757421,False
EL177_L_1988_06_080_06_1_PF_02,1988-06-05,Parti communiste français,LEFT_PCF,test,1.3757267,False
EL190_L_1993_03_024_03_1_PF_01,1993-03-21,Parti communiste français,LEFT_PCF,train,1.3755238,False
EL191_L_1993_03_039_01_2_PF_01,1993-03-28,Union pour la démocratie française;Rassemblement pour la République,RIGHT_UPF,train,1.3753879,False
EL136_L_1981_06_069_11_2_PF_02,1981-06-21,Rassemblement pour la République;Union pour la démocratie française,RIGHT_UNM,train,1.3753629,False
EL135_L_1981_06_047_02_2_PF_01,1981-06-21,Union pour la démocratie française,RIGHT_UDF,train,1.3752912,False
EL137_L_1981_06_078_07_1_PF_07,1981-06-14,Rassemblement pour la République;Union pour la démocratie française,RIGHT_UNM,train,1.3744855,False
EL190_L_1993_03_030_03_1_PF_01,1993-03-21,Parti communiste français,LEFT_PCF,train,1.3744212,False
EL134_L_1981_06_022_03_1_PF_03,1981-06-14,Parti communiste français,LEFT_PCF,train,1.3743513,False
EL137_L_1981_06_975_01_2_PF_01,1981-06-21,Parti socialiste,LEFT_PS,train,1.3741976,False
EL134_L_1981_06_017_03_1_PF_04,1981-06-14,Union pour la démocratie française,RIGHT_UDF,test,1.3741437,False
EL174_L_1988_06_026_02_1_PF_03,1988-06-05,Rassemblement pour la République;Union pour la démocratie française,RIGHT_URC,train,1.3741181,False
EL136_L_1981_06_067_02_2_PF_02,1981-06-21,Parti socialiste,LEFT_PS,train,1.374117,False
EL137_L_1981_06_093_09_1_PF_05,1981-06-14,Mouvement des radicaux de gauche,LEFT_PS,test,1.3740019,False
EL198_L_1993_03_093_11_2_PF_02,1993-03-28,Rassemblement pour la République;Union pour la démocratie française,RIGHT_UPF,train,1.3737695,False
EL175_L_1988_06_038_08_1_PF_04,1988-06-05,Parti communiste français,LEFT_PCF,test,1.3737622,False
EL197_L_1993_03_084_01_1_PF_11,1993-03-21,Parti socialiste;Mouvement des radicaux de gauche,LEFT_PS,train,1.3734624,False
EL177_L_1988_06_085_05_1_PF_03,1988-06-05,Parti communiste français,LEFT_PCF,train,1.37338,False
EL196_L_1993_03_078_12_1_PF_06,1993-03-21,Front national,FAR_RIGHT_FN,train,1.373346,False
EL190_L_1993_03_029_08_1_PF_02,1993-03-21,Solidarité écologie gauche alternative;Mouvement de la gauche progressiste;Alternative démocratie socialisme;Alternative rouge et verte,ECO,train,1.3733381,False
EL189_L_1993_03_008_02_1_PF_07,1993-03-21,Ecologie les Verts;Génération écologie,ECO,train,1.3733112,False
EL177_L_1988_06_077_02_1_PF_03,1988-06-05,Front national,FAR_RIGHT_FN,test,1.3732606,False
EL135_L_1981_06_059_05_2_PF_01,1981-06-21,Parti socialiste,LEFT_PS,train,1.3731918,False
EL134_L_1981_06_005_02_1_PF_01,1981-06-14,Parti communiste français,LEFT_PCF,train,1.3730823,False
EL189_L_1993_03_014_03_1_PF_10,1993-03-21,Nouveaux écologistes du rassemblement nature et animaux,ECO,train,1.3729994,False
EL174_L_1988_06_006_08_2_PF_01,1988-06-12,Rassemblement pour la République;Union pour la démocratie française,RIGHT_URC,train,1.372916,False
EL198_L_1993_03_094_04_1_PF_03,1993-03-21,Front national,FAR_RIGHT_FN,train,1.3727956,False
EL134_L_1981_06_019_01_1_PF_02,1981-06-14,Parti communiste français,LEFT_PCF,test,1.3726808,False
EL134_L_1981_06_001_01_1_PF_04,1981-06-14,Fédération des socialistes démocrates,LEFT_PS,test,1.3726249,False
EL177_L_1988_06_075_14_1_PF_06,1988-06-05,Front national,FAR_RIGHT_FN,train,1.3725404,False
EL198_L_1993_03_094_11_2_PF_02,1993-03-28,Rassemblement pour la République;Union pour la démocratie française,RIGHT_UPF,train,1.3720105,False
EL176_L_1988_06_059_24_1_PF_03,1988-06-05,Parti socialiste,LEFT_PS,train,1.3717705,False
EL175_L_1988_06_029_02_2_PF_02,1988-06-12,Rassemblement pour la République;Union pour la démocratie française;Centre national des indépendants et paysans,RIGHT_URC,train,1.3713437,False
EL177_L_1988_06_095_06_1_PF_03,1988-06-05,Parti socialiste unifié,LEFT_PS,train,1.3710107,False
EL175_L_1988_06_045_03_1_PF_04,1988-06-05,Front national,FAR_RIGHT_FN,train,1.3702304,False
EL135_L_1981_06_062_01_1_PF_05,1981-06-14,Rassemblement pour la République,RIGHT_RPR,train,1.3695819,False
EL190_L_1993_03_017_04_1_PF_05,1993-03-21,Front national,FAR_RIGHT_FN,train,1.3693771,False
EL137_L_1981_06_091_04_1_PF_03,1981-06-14,Parti socialiste,LEFT_PS,train,1.3690758,False
EL136_L_1981_06_072_05_1_PF_01,1981-06-14,Mouvement des radicaux de gauche,LEFT_PS,train,1.3686292,False
EL135_L_1981_06_057_02_2_PF_02,1981-06-21,Rassemblement pour la République,RIGHT_RPR,train,1.3682812,False
EL134_L_1981_06_007_03_1_PF_01,1981-06-14,Parti communiste français,LEFT_PCF,train,1.3682129,False
EL198_L_1993_03_093_01_1_PF_03,1993-03-21,Parti communiste français,LEFT_PCF,train,1.3680235,False
EL134_L_1981_06_013_04_1_PF_02,1981-06-14,Rassemblement pour la République;Union pour la démocratie française,RIGHT_UNM,train,1.3672912,False
EL191_L_1993_03_042_02_2_PF_01,1993-03-28,Union pour la démocratie française;Rassemblement pour la République,RIGHT_UPF,train,1.3672826,False
EL176_L_1988_06_057_07_1_PF_03,1988-06-05,Centre des démocrates sociaux;Union pour la démocratie française,RIGHT_UDF,test,1.3663478,False
EL134_L_1981_06_013_01_2_PF_02,1981-06-21,Rassemblement pour la République;Union pour la démocratie française;Centre national des indépendants,RIGHT_UNM,test,1.3663442,False
EL135_L_1981_06_062_10_1_PF_01,1981-06-14,Parti communiste français,LEFT_PCF,train,1.3661495,False
EL137_L_1981_06_076_03_1_PF_07,1981-06-14,écologistes,ECO,train,1.3658115,False
EL189_L_1993_03_013_14_1_PF_09,1993-03-21,Front national,FAR_RIGHT_FN,train,1.3656071,False
EL175_L_1988_06_033_09_1_PF_01,1988-06-05,Front national,FAR_RIGHT_FN,train,1.3656038,False
EL190_L_1993_03_019_03_1_PF_02,1993-03-21,Front national,FAR_RIGHT_FN,train,1.3655611,False
EL176_L_1988_06_057_04_1_PF_05,1988-06-05,Front national,FAR_RIGHT_FN,train,1.3654857,False
EL191_L_1993_03_034_01_1_PF_01,1993-03-21,Ligue communiste révolutionnaire,FAR_LEFT,train,1.3651998,False
EL198_L_1993_03_094_03_1_PF_01,1993-03-21,Parti communiste français,LEFT_PCF,train,1.3647453,False
EL194_L_1993_03_067_08_1_PF_02,1993-03-21,Union pour la démocratie française,RIGHT_UDF,train,1.3647116,False
EL193_L_1993_03_059_24_2_PF_02,1993-03-28,Rassemblement pour la République;Union pour la démocratie française;Centre national des indépendants,RIGHT_UPF,train,1.3645169,False
EL192_L_1993_03_054_05_1_PF_04,1993-03-21,Parti communiste français,LEFT_PCF,train,1.3644265,False
EL134_L_1981_06_030_02_1_PF_06,1981-06-14,Union pour la démocratie française,RIGHT_UDF,train,1.3643734,False
EL197_L_1993_03_087_04_1_PF_07,1993-03-21,Front national,FAR_RIGHT_FN,train,1.3642776,False
EL137_L_1981_06_093_05_1_PF_03,1981-06-14,Parti communiste français,LEFT_PCF,test,1.3639791,False
EL175_L_1988_06_045_01_1_PF_02,1988-06-05,Rassemblement pour la République;Union pour la démocratie française,RIGHT_URC,test,1.3639771,False
EL135_L_1981_06_054_02_1_PF_04,1981-06-14,Parti communiste français,LEFT_PCF,train,1.3639085,False
EL134_L_1981_06_02A_02_1_PF_01,1981-06-14,Parti communiste français,LEFT_PCF,train,1.3638496,False
EL190_L_1993_03_028_01_1_PF_01,1993-03-21,Parti communiste français,LEFT_PCF,train,1.3638242,False
EL177_L_1988_06_076_09_1_PF_03,1988-06-05,Rassemblement pour la République;Union pour la démocratie française,RIGHT_URC,train,1.3637869,False
EL193_L_1993_03_059_05_1_PF_04,1993-03-21,Union pour la démocratie française,RIGHT_UDF,train,1.3636612,False
EL134_L_1981_06_023_02_1_PF_03,1981-06-14,Rassemblement pour la République,RIGHT_RPR,train,1.3635869,False
EL193_L_1993_03_060_02_1_PF_07,1993-03-21,Front national,FAR_RIGHT_FN,train,1.3633782,False
EL177_L_1988_06_084_01_1_PF_03,1988-06-05,Rassemblement pour la République;Union pour la démocratie française,RIGHT_URC,train,1.3631845,False
EL196_L_1993_03_076_04_1_PF_07,1993-03-21,Parti communiste français,LEFT_PCF,train,1.3629676,False
EL190_L_1993_03_027_02_1_PF_04,1993-03-21,Verts;Génération écologie,ECO,test,1.362849,False
EL193_L_1993_03_059_15_1_PF_01,1993-03-21,Parti socialiste,LEFT_PS,train,1.3626497,False
EL134_L_1981_06_02A_02_1_PF_02,1981-06-14,Parti socialiste;Mouvement des radicaux de gauche,LEFT_PS,train,1.3625953,False
EL137_L_1981_06_091_01_1_PF_01,1981-06-14,Parti communiste français,LEFT_PCF,train,1.3625532,False
EL176_L_1988_06_064_03_1_PF_05,1988-06-05,Front national,FAR_RIGHT_FN,train,1.3624516,False
EL174_L_1988_06_006_05_1_PF_01,1988-06-05,Front national,FAR_RIGHT_FN,train,1.3623903,False
EL193_L_1993_03_063_02_1_PF_03,1993-03-21,Parti communiste français,LEFT_PCF,train,1.3615127,False
EL189_L_1993_03_011_03_1_PF_07,1993-03-21,Parti communiste français,LEFT_PCF,train,1.3614781,False
EL192_L_1993_03_055_01_1_PF_07,1993-03-21,Front national,FAR_RIGHT_FN,train,1.3612101,False
EL135_L_1981_06_062_09_2_PF_01,1981-06-21,Parti socialiste;Radicaux de gauche;Démocrates de progrès,LEFT_PS,train,1.3610854,False
EL192_L_1993_03_058_02_1_PF_03,1993-03-21,Verts;Génération écologie,ECO,train,1.3609432,False
EL191_L_1993_03_034_07_1_PF_04,1993-03-21,Génération écologie;Verts,ECO,train,1.3606552,False
EL192_L_1993_03_056_06_1_PF_03,1993-03-21,Parti communiste français,LEFT_PCF,train,1.3606492,False
EL174_L_1988_06_014_05_1_PF_01,1988-06-05,Front national,FAR_RIGHT_FN,test,1.3606408,False
EL137_L_1981_06_087_01_1_PF_04,1981-06-14,Parti socialiste,LEFT_PS,train,1.3601193,False
EL177_L_1988_06_093_06_1_PF_03,1988-06-05,Front national,FAR_RIGHT_FN,train,1.3599491,False
EL177_L_1988_06_092_05_2_PF_01,1988-06-12,Centre national des indépendants et paysans;Rassemblement pour la République;Union pour la démocratie française,RIGHT_URC,train,1.3596797,False
EL135_L_1981_06_059_11_1_PF_02,1981-06-14,Parti socialiste unifié,LEFT_PS,train,1.3596711,False
EL137_L_1981_06_091_03_1_PF_06,1981-06-14,socialiste indépendant,LEFT_PS,train,1.3596382,False
EL189_L_1993_03_011_02_1_PF_04,1993-03-21,Front national,FAR_RIGHT_FN,test,1.3593504,False
EL175_L_1988_06_031_03_1_PF_05,1988-06-05,Front national,FAR_RIGHT_FN,train,1.359034,False
EL197_L_1993_03_084_03_1_PF_07,1993-03-21,Front national,FAR_RIGHT_FN,train,1.3588446,False
EL189_L_1993_03_006_01_2_PF_01,1993-03-28,Union pour la démocratie française;Rassemblement pour la République,RIGHT_UPF,train,1.3587028,False
EL197_L_1993_03_091_05_1_PF_06,1993-03-21,Ligue communiste révolutionnaire,FAR_LEFT,train,1.3586515,False
EL175_L_1988_06_054_03_1_PF_04,1988-06-05,Parti communiste français,LEFT_PCF,train,1.3581473,False
EL176_L_1988_06_066_02_1_PF_01,1988-06-05,Parti communiste français,LEFT_PCF,train,1.3581107,False
EL134_L_1981_06_035_02_2_PF_02,1981-06-21,Rassemblement pour la République;Union pour la démocratie française;Centre national des indépendants et paysans,RIGHT_UNM,train,1.3580501,False
EL175_L_1988_06_029_01_1_PF_02,1988-06-05,Parti communiste français,LEFT_PCF,test,1.3578877,False
EL177_L_1988_06_093_02_2_PF_01,1988-06-12,Parti communiste français,LEFT_PCF,train,1.3576462,False
EL190_L_1993_03_026_01_1_PF_05,1993-03-21,Parti socialiste;Mouvement des radicaux de gauche,LEFT_PS,train,1.3571876,False
EL195_L_1993_03_075_05_2_PF_02,1993-03-28,Rassemblement pour la République;Union pour la démocratie française,RIGHT_UPF,train,1.3571343,False
EL193_L_1993_03_059_24_1_PF_06,1993-03-21,Parti socialiste,LEFT_PS,train,1.3569158,False
EL175_L_1988_06_038_05_1_PF_01,1988-06-05,Front national,FAR_RIGHT_FN,train,1.3566664,False
EL196_L_1993_03_080_04_2_PF_01,1993-03-28,Union pour la démocratie française;Rassemblement pour la République,RIGHT_UPF,train,1.3566457,False
EL134_L_1981_06_010_01_1_PF_03,1981-06-14,Parti socialiste,LEFT_PS,train,1.356341,False
EL192_L_1993_03_054_01_1_PF_03,1993-03-21,Parti communiste français,LEFT_PCF,train,1.3562062,False
EL174_L_1988_06_017_05_1_PF_04,1988-06-05,Front national,FAR_RIGHT_FN,test,1.3560084,False
EL135_L_1981_06_059_15_1_PF_03,1981-06-14,Parti socialiste,LEFT_PS,test,1.3559554,False
EL196_L_1993_03_076_10_2_PF_02,1993-03-28,Parti socialiste;Mouvement des radicaux de gauche,LEFT_PS,train,1.3557476,False
EL137_L_1981_06_076_02_1_PF_04,1981-06-14,Rassemblement pour la République,RIGHT_RPR,train,1.3556861,False
EL192_L_1993_03_049_07_1_PF_01,1993-03-21,Union pour la démocratie française;Rassemblement pour la République,RIGHT_UPF,test,1.3555686,False
EL194_L_1993_03_069_12_2_PF_01,1993-03-28,Union pour la démocratie française;Rassemblement pour la République,RIGHT_UPF,test,1.3555123,False
EL174_L_1988_06_006_06_1_PF_01,1988-06-05,Parti communiste français,LEFT_PCF,test,1.3554041,False
EL175_L_1988_06_037_03_1_PF_01,1988-06-05,Parti communiste français,LEFT_PCF,train,1.3550018,False
EL190_L_1993_03_027_04_2_PF_01,1993-03-28,Rassemblement pour la République;Union pour la démocratie française,RIGHT_UPF,train,1.3547555,False
EL193_L_1993_03_063_01_1_PF_07,1993-03-21,Front national,FAR_RIGHT_FN,test,1.3545632,False
EL194_L_1993_03_067_05_1_PF_01,1993-03-21,Union pour la démocratie française;Rassemblement pour la République,RIGHT_UPF,train,1.3545043,False
EL192_L_1993_03_054_02_1_PF_08,1993-03-21,Parti communiste français,LEFT_PCF,train,1.3544669,False
EL191_L_1993_03_032_02_2_PF_01,1993-03-28,Rassemblement pour la République;Union pour la démocratie française,RIGHT_UPF,train,1.354385,False
EL189_L_1993_03_012_01_2_PF_01,1993-03-28,Union pour la démocratie française;Rassemblement pour la République,RIGHT_UPF,train,1.3543221,False
EL135_L_1981_06_062_04_1_PF_03,1981-06-14,Rassemblement pour la République,RIGHT_RPR,test,1.3542901,False
EL174_L_1988_06_006_09_1_PF_03,1988-06-05,Rassemblement pour la République;Union pour la démocratie française,RIGHT_URC,train,1.354286,False
EL137_L_1981_06_078_03_1_PF_04,1981-06-14,Rassemblement pour la République,RIGHT_RPR,test,1.3539602,False
EL175_L_1988_06_033_11_1_PF_02,1988-06-05,Front national,FAR_RIGHT_FN,train,1.3538291,False
EL174_L_1988_06_025_01_1_PF_06,1988-06-05,Rassemblement pour la République,RIGHT_RPR,test,1.3536979,False
EL136_L_1981_06_071_04_2_PF_02,1981-06-21,Parti socialiste,LEFT_PS,test,1.3536636,False
EL177_L_1988_06_079_02_1_PF_01,1988-06-05,Parti communiste français,LEFT_PCF,train,1.3536029,False
EL193_L_1993_03_062_07_1_PF_03,1993-03-21,Front national,FAR_RIGHT_FN,test,1.3535616,False
EL191_L_1993_03_039_01_1_PF_07,1993-03-21,Jura écologie,ECO,train,1.3535516,False
EL176_L_1988_06_071_06_2_PF_02,1988-06-12,Union pour la démocratie française;Rassemblement pour la République,RIGHT_URC,train,1.3533609,False
EL198_L_1993_03_095_05_2_PF_01,1993-03-28,Rassemblement pour la République;Union pour la démocratie française,RIGHT_UPF,train,1.3533082,False
EL190_L_1993_03_028_04_1_PF_01,1993-03-21,Parti communiste français,LEFT_PCF,train,1.3532983,False
EL176_L_1988_06_064_01_1_PF_06,1988-06-05,Front national,FAR_RIGHT_FN,train,1.3528366,False
EL174_L_1988_06_017_02_1_PF_04,1988-06-05,Front national,FAR_RIGHT_FN,train,1.352823,False
EL196_L_1993_03_079_02_1_PF_03,1993-03-21,Union pour la démocratie française;Rassemblement pour la République,RIGHT_UPF,train,1.3524425,False
EL194_L_1993_03_067_02_2_PF_01,1993-03-28,Union pour la démocratie française;Rassemblement pour la République,RIGHT_UPF,train,1.3522727,False
EL197_L_1993_03_084_02_1_PF_07,1993-03-21,Front national,FAR_RIGHT_FN,train,1.3520402,False
EL198_L_1993_03_094_01_1_PF_01,1993-03-21,Rassemblement pour la République;Union pour la démocratie française;indépendants;non inscrit;Des villages dans la ville,RIGHT_UPF,train,1.3518312,False
EL134_L_1981_06_033_07_2_PF_02,1981-06-21,Union pour la démocratie française;Rassemblement pour la République;Centre national des indépendants et paysans,RIGHT_UNM,test,1.3518156,False
EL177_L_1988_06_092_02_1_PF_02,1988-06-05,Parti communiste français,LEFT_PCF,train,1.3517842,False
EL135_L_1981_06_057_04_2_PF_02,1981-06-21,Socialiste,LEFT_PS,train,1.3516432,False
EL176_L_1988_06_059_24_2_PF_02,1988-06-12,Rassemblement pour la République;Union pour la démocratie française,RIGHT_URC,train,1.3514059,False
EL190_L_1993_03_021_04_1_PF_09,1993-03-21,Nouveaux écologistes du rassemblement nature et animaux,ECO,train,1.3512489,False
EL176_L_1988_06_069_10_1_PF_02,1988-06-05,Front national,FAR_RIGHT_FN,train,1.3508029,False
EL191_L_1993_03_033_07_1_PF_09,1993-03-21,Front national,FAR_RIGHT_FN,train,1.3507007,False
EL177_L_1988_06_092_10_1_PF_03,1988-06-05,Front national,FAR_RIGHT_FN,train,1.3506259,False
EL198_L_1993_03_093_09_2_PF_01,1993-03-28,Parti socialiste;Mouvement des radicaux de gauche,LEFT_PS,train,1.3505007,False
EL192_L_1993_03_056_03_1_PF_02,1993-03-21,Front national,FAR_RIGHT_FN,train,1.350098,False
EL136_L_1981_06_069_09_1_PF_06,1981-06-14,Lutte ouvrière,FAR_LEFT,train,1.3498005,False
EL174_L_1988_06_003_04_2_PF_01,1988-06-12,Union pour la démocratie française;Rassemblement pour la République,RIGHT_URC,train,1.3490596,False
EL134_L_1981_06_035_04_1_PF_03,1981-06-14,Parti socialiste,LEFT_PS,train,1.3490281,False
EL197_L_1993_03_086_03_2_PF_01,1993-03-28,Rassemblement pour la République;Union pour la démocratie française,RIGHT_UPF,train,1.3489374,False
EL194_L_1993_03_066_01_1_PF_06,1993-03-21,Union pour la démocratie française;Rassemblement pour la République,RIGHT_UPF,train,1.3485955,False
EL195_L_1993_03_075_07_2_PF_02,1993-03-28,Rassemblement pour la République;Union pour la démocratie française,RIGHT_UPF,test,1.3485789,False
EL177_L_1988_06_077_01_1_PF_03,1988-06-05,Parti communiste français,LEFT_PCF,train,1.3484536,False
EL137_L_1981_06_094_03_1_PF_04,1981-06-14,Lutte ouvrière,FAR_LEFT,train,1.348441,False
EL197_L_1993_03_088_04_1_PF_06,1993-03-21,Ecologie les Verts,ECO,train,1.3482791,False
EL134_L_1981_06_025_01_1_PF_04,1981-06-14,Parti communiste français,LEFT_PCF,train,1.3481724,False
EL198_L_1993_03_092_08_1_PF_02,1993-03-21,Rassemblement pour la République;Union pour la démocratie française,RIGHT_UPF,test,1.348058,False
EL174_L_1988_06_017_01_2_PF_01,1988-06-12,Mouvement des radicaux de gauche,LEFT_PS,train,1.3479824,False
EL137_L_1981_06_988_01_1_PF_04,1981-06-14,Union pour la démocratie française;Fédération pour une nouvelle société calédonienne,RIGHT_UDF,train,1.3477758,False
EL134_L_1981_06_018_02_2_PF_01,1981-06-21,Parti socialiste,LEFT_PS,train,1.3476219,False
EL137_L_1981_06_081_03_1_PF_03,1981-06-14,Parti socialiste,LEFT_PS,train,1.3475875,False
EL191_L_1993_03_033_06_1_PF_07,1993-03-21,Parti communiste français,LEFT_PCF,train,1.3474019,False
EL135_L_1981_06_038_03_1_PF_05,1981-06-14,Parti républicain;Union pour la démocratie française;Rassemblement pour la République,RIGHT_UNM,train,1.3472207,False
EL175_L_1988_06_034_02_1_PF_04,1988-06-05,Front national,FAR_RIGHT_FN,train,1.346888,False
EL197_L_1993_03_091_04_1_PF_04,1993-03-21,Parti communiste français,LEFT_PCF,train,1.3466098,False
EL177_L_1988_06_076_03_1_PF_01,1988-06-05,Parti communiste français,LEFT_PCF,train,1.3459641,False
EL134_L_1981_06_003_04_1_PF_04,1981-06-14,Parti socialiste,LEFT_PS,train,1.3457137,False
EL174_L_1988_06_014_01_1_PF_05,1988-06-05,Verts,ECO,train,1.3456993,False
EL194_L_1993_03_064_06_2_PF_02,1993-03-28,Parti socialiste,LEFT_PS,train,1.3452591,False
EL192_L_1993_03_057_06_2_PF_02,1993-03-28,Union pour la démocratie française,RIGHT_UDF,train,1.3451048,False
EL135_L_1981_06_059_05_1_PF_02,1981-06-14,Lutte ouvrière,FAR_LEFT,train,1.3450663,False
EL197_L_1993_03_087_03_1_PF_05,1993-03-21,Solidarité écologie gauche alternative,ECO,train,1.3449938,False
EL136_L_1981_06_069_10_1_PF_04,1981-06-14,Parti communiste français,LEFT_PCF,test,1.3448079,False
EL191_L_1993_03_037_03_1_PF_11,1993-03-21,Parti communiste français,LEFT_PCF,train,1.3447893,False
EL193_L_1993_03_059_05_1_PF_02,1993-03-21,Parti socialiste,LEFT_PS,train,1.3447376,False
EL177_L_1988_06_095_01_2_PF_01,1988-06-12,Rassemblement pour la République;Union pour la démocratie française,RIGHT_URC,train,1.3446652,False
EL198_L_1993_03_094_09_1_PF_05,1993-03-21,Parti communiste français,LEFT_PCF,test,1.344483,False
EL175_L_1988_06_036_03_1_PF_03,1988-06-05,Front national,FAR_RIGHT_FN,test,1.3444074,False
EL137_L_1981_06_087_02_1_PF_01,1981-06-14,Lutte ouvrière,FAR_LEFT,train,1.3442688,False
EL195_L_1993_03_074_04_2_PF_01,1993-03-28,Rassemblement pour la République;Union pour la démocratie française,RIGHT_UPF,train,1.3442626,False
EL137_L_1981_06_088_04_2_PF_02,1981-06-21,Union pour la démocratie française,RIGHT_UDF,train,1.3441056,False
EL194_L_1993_03_068_03_1_PF_05,1993-03-21,Parti communiste français,LEFT_PCF,train,1.3440421,False
EL174_L_1988_06_006_09_1_PF_04,1988-06-05,Front national,FAR_RIGHT_FN,train,1.3438871,False
EL192_L_1993_03_056_04_1_PF_05,1993-03-21,Verts;Génération écologie,ECO,train,1.3436562,False
EL177_L_1988_06_076_05_2_PF_02,1988-06-12,Rassemblement pour la République;Union pour la démocratie française,RIGHT_URC,train,1.3436462,False
EL135_L_1981_06_055_02_1_PF_02,1981-06-14,Parti socialiste,LEFT_PS,train,1.3435519,False
EL177_L_1988_06_079_02_1_PF_05,1988-06-05,Front national,FAR_RIGHT_FN,train,1.3430485,False
EL135_L_1981_06_042_02_1_PF_01,1981-06-14,Parti communiste français,LEFT_PCF,train,1.3426151,False
EL191_L_1993_03_034_04_1_PF_04,1993-03-21,Parti socialiste;Mouvement des radicaux de gauche,LEFT_PS,train,1.3425653,False
EL177_L_1988_06_094_07_2_PF_02,1988-06-12,Parti socialiste,LEFT_PS,train,1.3421729,False
EL196_L_1993_03_076_11_1_PF_01,1993-03-21,Parti communiste français,LEFT_PCF,train,1.3421535,False
EL135_L_1981_06_060_03_1_PF_01,1981-06-14,Lutte ouvrière,FAR_LEFT,test,1.3420819,False
EL197_L_1993_03_083_04_1_PF_02,1993-03-21,Union pour la démocratie française;Rassemblement pour la République,RIGHT_UPF,train,1.3420544,False
EL198_L_1993_03_092_03_1_PF_08,1993-03-21,Verts indépendants,ECO,test,1.3419533,False
EL175_L_1988_06_054_05_1_PF_01,1988-06-05,Front national,FAR_RIGHT_FN,test,1.3416114,False
EL193_L_1993_03_062_13_1_PF_03,1993-03-21,Front national,FAR_RIGHT_FN,train,1.3415122,False
EL175_L_1988_06_038_03_1_PF_04,1988-06-05,Front national,FAR_RIGHT_FN,train,1.3414288,False
EL192_L_1993_03_050_02_1_PF_01,1993-03-21,Parti communiste français,LEFT_PCF,train,1.3413829,False
EL177_L_1988_06_083_02_1_PF_01,1988-06-05,Rassemblement pour la République;Union pour la démocratie française,RIGHT_URC,train,1.3410876,False
EL134_L_1981_06_034_01_1_PF_04,1981-06-14,Parti républicain;Centre des démocrates sociaux;Rassemblement pour la République;Parti radical,RIGHT_RPR,train,1.340737,False
EL175_L_1988_06_030_02_1_PF_02,1988-06-05,Mouvement des radicaux de gauche,LEFT_PS,train,1.340694,False
EL135_L_1981_06_045_03_1_PF_01,1981-06-14,Union pour la démocratie française,RIGHT_UDF,train,1.3405354,False
EL174_L_1988_06_006_04_1_PF_06,1988-06-05,Front national,FAR_RIGHT_FN,test,1.3404461,False
EL190_L_1993_03_027_03_1_PF_07,1993-03-21,Parti socialiste,LEFT_PS,train,1.3400378,False
EL135_L_1981_06_060_03_1_PF_03,1981-06-14,Parti communiste français,LEFT_PCF,test,1.340011,False
EL189_L_1993_03_011_01_1_PF_03,1993-03-21,Parti communiste français,LEFT_PCF,test,1.3399987,False
EL190_L_1993_03_016_01_1_PF_01,1993-03-21,Front national,FAR_RIGHT_FN,train,1.3399259,False
EL197_L_1993_03_091_04_1_PF_06,1993-03-21,Parti socialiste,LEFT_PS,train,1.3393232,False
EL198_L_1993_03_095_02_1_PF_01,1993-03-21,Ligue communiste révolutionnaire,FAR_LEFT,train,1.3391637,False
EL197_L_1993_03_091_03_1_PF_06,1993-03-21,Parti communiste français,LEFT_PCF,test,1.339163,False
EL196_L_1993_03_076_04_1_PF_04,1993-03-21,Union pour la démocratie française;Centre national des indépendants et paysans,RIGHT_UDF,test,1.3387588,False
EL136_L_1981_06_071_01_1_PF_02,1981-06-14,Parti communiste français,LEFT_PCF,train,1.3387302,False
EL198_L_1993_03_095_02_2_PF_02,1993-03-28,Rassemblement pour la République;Union pour la démocratie française,RIGHT_UPF,train,1.3386211,False
EL191_L_1993_03_037_01_1_PF_02,1993-03-21,socialistes,LEFT_PS,train,1.3383821,False
EL135_L_1981_06_044_04_1_PF_05,1981-06-14,Parti socialiste unifié,LEFT_PS,train,1.3383672,False
EL174_L_1988_06_014_05_1_PF_08,1988-06-05,Verts,ECO,train,1.3383582,False
EL191_L_1993_03_042_07_1_PF_06,1993-03-21,Parti socialiste;Mouvement des radicaux de gauche;Association des démocrates,LEFT_PS,train,1.3382629,False
EL134_L_1981_06_022_05_1_PF_02,1981-06-14,Socialiste,LEFT_PS,train,1.3380636,False
EL189_L_1993_03_008_03_1_PF_07,1993-03-21,Parti communiste français,LEFT_PCF,train,1.3379127,False
EL197_L_1993_03_085_04_1_PF_01,1993-03-21,Mouvement des radicaux de gauche,LEFT_PS,train,1.3377762,False
EL198_L_1993_03_095_09_2_PF_02,1993-03-28,Front national,FAR_RIGHT_FN,test,1.3376898,False
EL134_L_1981_06_025_01_2_PF_02,1981-06-21,Rassemblement pour la République;Union pour la démocratie française,RIGHT_UNM,train,1.3373964,False
EL191_L_1993_03_039_02_1_PF_08,1993-03-21,Jura écologie,ECO,train,1.3373463,False
EL174_L_1988_06_024_04_1_PF_02,1988-06-05,Rassemblement pour la République;Union pour la démocratie française,RIGHT_URC,train,1.3372916,False
EL134_L_1981_06_029_02_1_PF_04,1981-06-14,Parti socialiste,LEFT_PS,train,1.3370743,False
EL137_L_1981_06_094_01_1_PF_04,1981-06-14,Mouvement des radicaux de gauche,LEFT_PS,test,1.3368607,False
EL198_L_1993_03_094_08_2_PF_02,1993-03-28,Front national,FAR_RIGHT_FN,test,1.336782,False
EL192_L_1993_03_046_02_1_PF_02,1993-03-21,Parti communiste français,LEFT_PCF,train,1.3366866,False
EL197_L_1993_03_083_04_1_PF_03,1993-03-21,Parti communiste français,LEFT_PCF,train,1.3364533,False
EL136_L_1981_06_069_06_1_PF_03,1981-06-14,Parti communiste français,LEFT_PCF,train,1.3363287,False
EL189_L_1993_03_002_04_2_PF_01,1993-03-28,Union pour la démocratie française;Rassemblement pour la République,RIGHT_UPF,train,1.3361304,False
EL189_L_1993_03_003_02_1_PF_08,1993-03-21,Nouveaux écologistes du rassemblement nature et animaux,ECO,train,1.3360637,False
EL198_L_1993_03_092_08_1_PF_12,1993-03-21,Nouveaux écologistes du rassemblement nature et animaux,ECO,test,1.3360637,False
EL134_L_1981_06_034_04_1_PF_01,1981-06-14,Parti communiste français,LEFT_PCF,train,1.3359901,False
EL197_L_1993_03_089_01_1_PF_03,1993-03-21,Parti communiste français,LEFT_PCF,train,1.3359091,False
EL176_L_1988_06_059_21_1_PF_01,1988-06-05,Front national,FAR_RIGHT_FN,train,1.3357203,False
EL196_L_1993_03_076_06_2_PF_02,1993-03-28,Parti socialiste,LEFT_PS,train,1.3356868,False
EL176_L_1988_06_059_06_1_PF_05,1988-06-05,Front national,FAR_RIGHT_FN,train,1.335501,False
EL176_L_1988_06_065_03_2_PF_03,1988-06-12,Mouvement des radicaux de gauche;Parti communiste français;Parti socialiste,LEFT_PCF,train,1.3354164,False
EL191_L_1993_03_039_03_1_PF_06,1993-03-21,Union pour la démocratie française;Rassemblement pour la République,RIGHT_UPF,train,1.3351458,False
EL189_L_1993_03_009_02_1_PF_05,1993-03-21,Parti communiste français,LEFT_PCF,train,1.3349793,False
EL134_L_1981_06_034_01_1_PF_06,1981-06-14,Mouvement des radicaux de gauche,LEFT_PS,train,1.3347348,False
EL175_L_1988_06_044_10_1_PF_04,1988-06-05,Front national,FAR_RIGHT_FN,train,1.3341324,False
EL177_L_1988_06_075_01_1_PF_07,1988-06-05,Front national,FAR_RIGHT_FN,train,1.334066,False
EL135_L_1981_06_062_10_1_PF_02,1981-06-14,Parti socialiste,LEFT_PS,train,1.3340555,False
EL134_L_1981_06_034_05_1_PF_04,1981-06-14,Parti communiste français,LEFT_PCF,train,1.3340547,False
EL175_L_1988_06_051_03_1_PF_05,1988-06-05,Front national,FAR_RIGHT_FN,test,1.3339409,False
EL198_L_1993_03_092_02_1_PF_05,1993-03-21,Rassemblement pour la République;Union pour la démocratie française,RIGHT_UPF,train,1.3333925,False
EL190_L_1993_03_029_08_1_PF_04,1993-03-21,Union pour la démocratie française;Rassemblement pour la République,RIGHT_UPF,train,1.332565,False
EL195_L_1993_03_075_20_1_PF_11,1993-03-21,Solidarité écologie gauche alternative,ECO,train,1.3324807,False
EL137_L_1981_06_974_01_1_PF_03,1981-06-14,Parti communiste français,LEFT_PCF,train,1.3324091,False
EL197_L_1993_03_083_06_2_PF_01,1993-03-28,Front national,FAR_RIGHT_FN,train,1.3321049,False
EL189_L_1993_03_010_03_1_PF_07,1993-03-21,Rassemblement pour la République,RIGHT_RPR,train,1.3320931,False
EL189_L_1993_03_006_06_1_PF_02,1993-03-21,Rassemblement pour la République;Union pour la démocratie française,RIGHT_UPF,train,1.3320687,False
EL177_L_1988_06_078_05_1_PF_01,1988-06-05,Rassemblement pour la République,RIGHT_RPR,train,1.3316305,False
EL176_L_1988_06_074_04_2_PF_01,1988-06-12,Parti socialiste,LEFT_PS,train,1.3314898,False
EL197_L_1993_03_090_01_1_PF_06,1993-03-21,Front national,FAR_RIGHT_FN,train,1.3314413,False
EL194_L_1993_03_068_06_1_PF_01,1993-03-21,Centre des démocrates sociaux;Union pour la démocratie française;Rassemblement pour la République,RIGHT_UPF,train,1.3313954,False
EL189_L_1993_03_014_01_1_PF_02,1993-03-21,Union pour la démocratie française;Rassemblement pour la République,RIGHT_UPF,train,1.3313601,False
EL192_L_1993_03_056_06_2_PF_02,1993-03-28,Rassemblement pour la République,RIGHT_RPR,train,1.3312835,False
EL190_L_1993_03_019_01_1_PF_04,1993-03-21,Verts;Génération écologie,ECO,test,1.3312795,False
EL177_L_1988_06_091_07_1_PF_04,1988-06-05,Front national,FAR_RIGHT_FN,train,1.3308853,False
EL191_L_1993_03_037_01_1_PF_05,1993-03-21,Parti communiste français,LEFT_PCF,train,1.3306965,False
EL137_L_1981_06_088_04_1_PF_04,1981-06-14,Union pour la démocratie française,RIGHT_UDF,train,1.3306692,False
EL192_L_1993_03_057_06_1_PF_05,1993-03-21,Verts;Génération écologie,ECO,train,1.3304601,False
EL198_L_1993_03_093_12_2_PF_01,1993-03-28,Rassemblement pour la République;Union pour la démocratie française,RIGHT_UPF,train,1.3300239,False
EL190_L_1993_03_028_01_1_PF_05,1993-03-21,Rassemblement pour la République;Union pour la démocratie française,RIGHT_UPF,train,1.3299525,False
EL190_L_1993_03_028_03_1_PF_03,1993-03-21,Parti communiste français,LEFT_PCF,train,1.3298831,False
EL191_L_1993_03_031_04_1_PF_03,1993-03-21,Ligue communiste révolutionnaire,FAR_LEFT,train,1.3298427,False
EL176_L_1988_06_069_07_1_PF_03,1988-06-05,Union pour la démocratie française;Rassemblement pour la République,RIGHT_URC,train,1.3296367,False
EL176_L_1988_06_059_06_1_PF_03,1988-06-05,Union pour la démocratie française;Rassemblement pour la République,RIGHT_URC,train,1.3294952,False
EL176_L_1988_06_063_02_1_PF_01,1988-06-05,Parti communiste français,LEFT_PCF,train,1.3293381,False
EL174_L_1988_06_003_04_1_PF_05,1988-06-05,Parti socialiste,LEFT_PS,test,1.3292408,False
EL177_L_1988_06_078_06_1_PF_04,1988-06-05,Parti communiste français,LEFT_PCF,test,1.3291732,False
EL192_L_1993_03_055_02_2_PF_01,1993-03-28,Parti socialiste;Mouvement des radicaux de gauche,LEFT_PS,train,1.3291299,False
EL175_L_1988_06_039_02_1_PF_05,1988-06-05,Front national,FAR_RIGHT_FN,test,1.3291186,False
EL176_L_1988_06_067_02_1_PF_02,1988-06-05,Union pour la démocratie française;Rassemblement pour la République,RIGHT_URC,test,1.3287207,False
EL190_L_1993_03_029_03_1_PF_06,1993-03-21,Rassemblement pour la République;Union pour la démocratie française,RIGHT_UPF,train,1.3286978,False
EL177_L_1988_06_088_03_1_PF_04,1988-06-05,Front national,FAR_RIGHT_FN,test,1.3282809,False
EL135_L_1981_06_042_02_2_PF_01,1981-06-21,Socialiste,LEFT_PS,test,1.3282199,False
EL135_L_1981_06_036_03_1_PF_03,1981-06-14,Parti communiste français,LEFT_PCF,train,1.3278747,False
EL192_L_1993_03_054_05_2_PF_01,1993-03-28,Union pour la démocratie française;Rassemblement pour la République,RIGHT_UPF,train,1.3273388,False
EL135_L_1981_06_059_07_1_PF_04,1981-06-14,Parti communiste français,LEFT_PCF,train,1.3271611,False
EL175_L_1988_06_045_05_1_PF_01,1988-06-05,Rassemblement pour la République;Union pour la démocratie française,RIGHT_URC,train,1.3271123,False
EL194_L_1993_03_066_02_1_PF_03,1993-03-21,Parti communiste français,LEFT_PCF,train,1.3270457,False
EL189_L_1993_03_012_03_1_PF_03,1993-03-21,Front national,FAR_RIGHT_FN,train,1.3269814,False
EL196_L_1993_03_077_02_1_PF_05,1993-03-21,Front national,FAR_RIGHT_FN,train,1.3267902,False
EL174_L_1988_06_015_01_1_PF_03,1988-06-05,Parti communiste français,LEFT_PCF,train,1.3267604,False
EL177_L_1988_06_075_19_1_PF_06,1988-06-05,Front national,FAR_RIGHT_FN,train,1.3267308,False
EL177_L_1988_06_085_04_1_PF_04,1988-06-05,Parti communiste français,LEFT_PCF,train,1.3263339,False
EL136_L_1981_06_070_02_1_PF_02,1981-06-14,Parti socialiste,LEFT_PS,test,1.3260663,False
EL192_L_1993_03_051_06_1_PF_04,1993-03-21,Front national,FAR_RIGHT_FN,train,1.3260561,False
EL136_L_1981_06_075_02_1_PF_01,1981-06-14,Parti socialiste,LEFT_PS,train,1.3258172,False
EL176_L_1988_06_062_13_1_PF_02,1988-06-05,Front national,FAR_RIGHT_FN,test,1.3258082,False
EL177_L_1988_06_077_06_1_PF_03,1988-06-05,Parti communiste français,LEFT_PCF,test,1.3258027,False
EL137_L_1981_06_076_03_1_PF_02,1981-06-14,Ligue communiste révolutionnaire,FAR_LEFT,train,1.3257421,False
EL190_L_1993_03_021_05_1_PF_01,1993-03-21,Parti communiste français,LEFT_PCF,test,1.3255882,False
EL196_L_1993_03_076_11_1_PF_06,1993-03-21,Parti socialiste,LEFT_PS,train,1.3254068,False
EL175_L_1988_06_034_01_1_PF_03,1988-06-05,Parti républicain;Rassemblement pour la République;Union pour la démocratie française;Centre des démocrates sociaux;Parti radical;Parti social-démocrate,RIGHT_URC,train,1.325376,False
EL192_L_1993_03_045_02_1_PF_06,1993-03-21,Parti socialiste,LEFT_PS,train,1.3252472,False
EL197_L_1993_03_083_03_1_PF_04,1993-03-21,Parti communiste français,LEFT_PCF,train,1.3249897,False
EL134_L_1981_06_006_06_1_PF_03,1981-06-14,Parti socialiste,LEFT_PS,train,1.3246658,False
EL175_L_1988_06_051_02_1_PF_05,1988-06-05,Front national,FAR_RIGHT_FN,train,1.3246654,False
EL177_L_1988_06_089_01_1_PF_06,1988-06-05,Parti communiste français,LEFT_PCF,train,1.3244821,False
EL193_L_1993_03_059_10_2_PF_01,1993-03-28,Rassemblement pour la République;Union pour la démocratie française;Centre national des indépendants,RIGHT_UPF,train,1.3244758,False
EL191_L_1993_03_038_05_2_PF_01,1993-03-28,Centre des démocrates sociaux;Union pour la démocratie française;Rassemblement pour la République,RIGHT_UPF,train,1.3244059,False
EL191_L_1993_03_040_03_1_PF_02,1993-03-21,Parti socialiste,LEFT_PS,train,1.3243836,False
EL189_L_1993_03_003_03_1_PF_03,1993-03-21,Front national,FAR_RIGHT_FN,train,1.3240687,False
EL192_L_1993_03_054_02_1_PF_03,1993-03-21,Front national,FAR_RIGHT_FN,train,1.3240446,False
EL177_L_1988_06_085_02_1_PF_03,1988-06-05,Front national,FAR_RIGHT_FN,train,1.3240329,False
EL190_L_1993_03_029_02_1_PF_03,1993-03-21,Parti communiste français,LEFT_PCF,train,1.3239025,False
EL175_L_1988_06_053_03_1_PF_03,1988-06-05,Front national,FAR_RIGHT_FN,train,1.3238823,False
EL137_L_1981_06_988_02_1_PF_06,1981-06-14,Comité socialiste calédonien,LEFT_PS,test,1.3235437,False
EL198_L_1993_03_095_03_1_PF_07,1993-03-21,Front national,FAR_RIGHT_FN,train,1.3235279,False
EL177_L_1988_06_093_11_1_PF_05,1988-06-05,Front national,FAR_RIGHT_FN,train,1.3233793,False
EL177_L_1988_06_091_05_1_PF_01,1988-06-05,Parti socialiste unifié;Comités Juquin,LEFT_PS,train,1.3233274,False
EL177_L_1988_06_075_11_1_PF_07,1988-06-05,Front national,FAR_RIGHT_FN,test,1.3230612,False
EL196_L_1993_03_076_12_1_PF_05,1993-03-21,Génération écologie;Verts,ECO,train,1.3228711,False
EL177_L_1988_06_076_02_1_PF_01,1988-06-05,Parti communiste français,LEFT_PCF,train,1.322598,False
EL175_L_1988_06_049_06_1_PF_02,1988-06-05,Anjou écologie autogestion;Parti socialiste unifié,LEFT_PS,train,1.3222697,False
EL136_L_1981_06_069_06_1_PF_05,1981-06-14,Parti socialiste unifié,LEFT_PS,train,1.3222383,False
EL194_L_1993_03_066_01_2_PF_01,1993-03-28,Union pour la démocratie française;Rassemblement pour la République,RIGHT_UPF,train,1.3221505,False
EL197_L_1993_03_091_09_2_PF_01,1993-03-28,Rassemblement pour la République;Union pour la démocratie française;Centre national des indépendants,RIGHT_UPF,train,1.3218132,False
EL197_L_1993_03_082_01_2_PF_01,1993-03-28,Union pour la démocratie française;Rassemblement pour la République,RIGHT_UPF,test,1.3214442,False
EL191_L_1993_03_034_06_1_PF_04,1993-03-21,Rassemblement pour la République,RIGHT_RPR,train,1.3213655,False
EL134_L_1981_06_034_01_2_PF_02,1981-06-21,Parti socialiste,LEFT_PS,train,1.3212979,False
EL175_L_1988_06_049_06_1_PF_03,1988-06-05,Parti communiste français,LEFT_PCF,train,1.3211849,False
EL196_L_1993_03_078_10_2_PF_01,1993-03-28,Rassemblement pour la République;Union pour la démocratie française,RIGHT_UPF,test,1.3209801,False
EL198_L_1993_03_095_06_1_PF_01,1993-03-21,Rassemblement pour la République;Union pour la démocratie française,RIGHT_UPF,train,1.3209065,False
EL191_L_1993_03_035_02_1_PF_03,1993-03-21,Parti socialiste,LEFT_PS,train,1.3206532,False
EL174_L_1988_06_017_04_1_PF_04,1988-06-05,Front national,FAR_RIGHT_FN,test,1.3205739,False
EL135_L_1981_06_038_06_2_PF_01,1981-06-21,Socialiste,LEFT_PS,train,1.3205566,False
EL189_L_1993_03_001_03_1_PF_02,1993-03-21,Parti communiste français,LEFT_PCF,test,1.320253,False
EL174_L_1988_06_027_05_1_PF_03,1988-06-05,Front national,FAR_RIGHT_FN,test,1.3202431,False
EL190_L_1993_03_029_04_1_PF_07,1993-03-21,Nouveaux écologistes du rassemblement nature et animaux,ECO,train,1.3202298,False
EL192_L_1993_03_044_04_1_PF_01,1993-03-21,Front national,FAR_RIGHT_FN,train,1.3197341,False
EL177_L_1988_06_078_11_1_PF_03,1988-06-05,Front national,FAR_RIGHT_FN,train,1.3195951,False
EL136_L_1981_06_068_02_2_PF_02,1981-06-21,Rassemblement pour la République;Union pour la démocratie française,RIGHT_UNM,test,1.3193829,False
EL135_L_1981_06_059_20_1_PF_01,1981-06-14,Parti communiste français,LEFT_PCF,test,1.3193824,False
EL135_L_1981_06_066_01_1_PF_02,1981-06-14,Parti communiste français,LEFT_PCF,train,1.3190688,False
EL135_L_1981_06_056_06_1_PF_03,1981-06-14,Parti socialiste,LEFT_PS,train,1.3190297,False
EL137_L_1981_06_094_07_1_PF_03,1981-06-14,Mouvement des radicaux de gauche,LEFT_PS,train,1.3189337,False
EL135_L_1981_06_042_02_1_PF_05,1981-06-14,Ligue communiste révolutionnaire,FAR_LEFT,train,1.3188789,False
EL189_L_1993_03_012_03_1_PF_04,1993-03-21,Rassemblement pour la République;Union pour la démocratie française,RIGHT_UPF,train,1.318678,False
EL174_L_1988_06_008_01_1_PF_01,1988-06-05,Rassemblement pour la République;Union pour la démocratie française,RIGHT_URC,test,1.3185866,False
EL136_L_1981_06_075_26_1_PF_01,1981-06-14,Parti socialiste,LEFT_PS,test,1.3183537,False
EL137_L_1981_06_086_03_1_PF_03,1981-06-14,Mouvement des radicaux de gauche,LEFT_PS,train,1.3182067,False
EL134_L_1981_06_018_01_1_PF_02,1981-06-14,Parti communiste français,LEFT_PCF,train,1.3182031,False
EL177_L_1988_06_087_03_2_PF_02,1988-06-12,Rassemblement pour la République;Union pour la démocratie française,RIGHT_URC,train,1.3181617,False
EL192_L_1993_03_057_05_1_PF_05,1993-03-21,Union pour la démocratie française;Rassemblement pour la République,RIGHT_UPF,train,1.3181312,False
EL198_L_1993_03_094_11_1_PF_05,1993-03-21,Verts;Génération écologie,ECO,train,1.3178853,False
EL191_L_1993_03_038_04_1_PF_05,1993-03-21,Union pour la démocratie française;Rassemblement pour la République,RIGHT_UPF,train,1.3177702,False
EL190_L_1993_03_029_02_1_PF_08,1993-03-21,Union pour la démocratie française,RIGHT_UDF,train,1.317161,False
EL137_L_1981_06_974_02_1_PF_03,1981-06-14,Parti socialiste,LEFT_PS,train,1.3171245,False
EL134_L_1981_06_004_02_2_PF_01,1981-06-21,Parti socialiste,LEFT_PS,train,1.3168529,False
EL192_L_1993_03_044_08_2_PF_01,1993-03-28,Union pour la démocratie française;Rassemblement pour la République,RIGHT_UPF,test,1.316717,False
EL134_L_1981_06_016_01_1_PF_03,1981-06-14,Parti socialiste,LEFT_PS,train,1.3166028,False
EL190_L_1993_03_027_02_1_PF_03,1993-03-21,Parti communiste français,LEFT_PCF,train,1.3165853,False
EL174_L_1988_06_007_03_2_PF_02,1988-06-12,Rassemblement pour la République;Union pour la démocratie française,RIGHT_URC,train,1.3164734,False
EL198_L_1993_03_094_10_1_PF_07,1993-03-21,Parti socialiste;Mouvement des citoyens,LEFT_PS,train,1.3162212,False
EL136_L_1981_06_069_01_2_PF_01,1981-06-21,Parti socialiste,LEFT_PS,train,1.3161532,False
EL176_L_1988_06_059_12_1_PF_04,1988-06-05,Rassemblement pour la République;Union pour la démocratie française;Centre national des indépendants et paysans,RIGHT_URC,train,1.3161155,False
EL176_L_1988_06_057_10_1_PF_02,1988-06-05,Parti communiste français,LEFT_PCF,test,1.3158267,False
EL135_L_1981_06_065_01_2_PF_02,1981-06-21,Rassemblement pour la République;Union pour la démocratie française,RIGHT_UNM,train,1.3155462,False
EL176_L_1988_06_059_13_1_PF_05,1988-06-05,Front national,FAR_RIGHT_FN,train,1.315507,False
EL194_L_1993_03_069_05_1_PF_03,1993-03-21,Génération écologie;Verts,ECO,train,1.3154389,False
EL189_L_1993_03_006_09_1_PF_01,1993-03-21,Front national,FAR_RIGHT_FN,train,1.315395,False
EL192_L_1993_03_054_05_1_PF_09,1993-03-21,Front national,FAR_RIGHT_FN,train,1.3153834,False
EL137_L_1981_06_092_03_2_PF_01,1981-06-21,Mouvement des radicaux de gauche;Parti socialiste;Parti communiste français;Parti socialiste unifié;gaullistes de la majorité présidentielle,LEFT_PCF,test,1.3153323,False
EL191_L_1993_03_037_02_1_PF_05,1993-03-21,Parti communiste français,LEFT_PCF,train,1.3152127,False
EL176_L_1988_06_068_05_1_PF_02,1988-06-05,Union pour la démocratie française;Rassemblement pour la République,RIGHT_URC,train,1.3149564,False
EL134_L_1981_06_031_03_1_PF_03,1981-06-14,Parti communiste français,LEFT_PCF,train,1.3145808,False
EL134_L_1981_06_001_01_1_PF_01,1981-06-14,Parti socialiste unifié,LEFT_PS,train,1.3143117,False
EL177_L_1988_06_080_06_1_PF_01,1988-06-05,Front national,FAR_RIGHT_FN,train,1.3141361,False
EL192_L_1993_03_056_03_1_PF_03,1993-03-21,Parti communiste français,LEFT_PCF,train,1.3139433,False
EL194_L_1993_03_067_01_1_PF_08,1993-03-21,Union pour la démocratie française;Centre national des indépendants,RIGHT_UDF,train,1.3138217,False
EL175_L_1988_06_035_07_1_PF_05,1988-06-05,Front national,FAR_RIGHT_FN,train,1.3134884,False
EL174_L_1988_06_025_04_1_PF_02,1988-06-05,Union pour la démocratie française;Centre des démocrates sociaux,RIGHT_UDF,test,1.3134778,False
EL192_L_1993_03_049_06_1_PF_02,1993-03-21,Parti communiste français,LEFT_PCF,train,1.3131412,False
EL135_L_1981_06_059_09_1_PF_03,1981-06-14,Parti communiste français,LEFT_PCF,train,1.3130978,False
EL174_L_1988_06_015_02_1_PF_03,1988-06-05,Front national,FAR_RIGHT_FN,train,1.3129003,False
EL194_L_1993_03_065_01_1_PF_02,1993-03-21,Parti communiste français,LEFT_PCF,train,1.3126167,False
EL174_L_1988_06_002_03_1_PF_04,1988-06-05,Parti communiste français,LEFT_PCF,train,1.3125918,False
EL135_L_1981_06_054_06_2_PF_01,1981-06-21,Parti communiste français;Parti socialiste;Parti socialiste unifié,LEFT_PCF,train,1.3124839,False
EL177_L_1988_06_093_07_1_PF_05,1988-06-05,Front national,FAR_RIGHT_FN,train,1.312189,False
EL189_L_1993_03_006_02_1_PF_09,1993-03-21,Rassemblement pour la République,RIGHT_RPR,train,1.3119503,False
EL192_L_1993_03_050_04_1_PF_01,1993-03-21,Parti communiste français,LEFT_PCF,train,1.3119317,False
EL198_L_1993_03_092_04_2_PF_02,1993-03-28,Rassemblement pour la République;Union pour la démocratie française;Centre national des indépendants;Parti républicain;Parti radical;Centre des démocrates sociaux;Parti social démocrate,RIGHT_UPF,train,1.3119183,False
EL135_L_1981_06_038_01_1_PF_04,1981-06-14,écologiste,ECO,train,1.3118839,False
EL177_L_1988_06_090_02_1_PF_04,1988-06-05,Front national,FAR_RIGHT_FN,test,1.3115023,False
EL135_L_1981_06_059_02_1_PF_05,1981-06-14,Union pour la démocratie française;Parti républicain,RIGHT_UDF,train,1.3114864,False
EL196_L_1993_03_077_04_1_PF_02,1993-03-21,Parti communiste français,LEFT_PCF,test,1.3112599,False
EL174_L_1988_06_019_02_1_PF_01,1988-06-05,Rassemblement pour la République;Union pour la démocratie française,RIGHT_URC,train,1.3111845,False
EL136_L_1981_06_067_04_2_PF_02,1981-06-21,Centre des démocrates sociaux;Rassemblement pour la République;Parti radical;Centre national des indépendants et paysans,RIGHT_RPR,train,1.311182,False
EL135_L_1981_06_054_07_1_PF_03,1981-06-14,Parti socialiste,LEFT_PS,train,1.3110739,False
EL135_L_1981_06_043_01_1_PF_01,1981-06-14,Parti socialiste,LEFT_PS,train,1.3108121,False
EL189_L_1993_03_012_01_1_PF_02,1993-03-21,Union pour la démocratie française;Rassemblement pour la République,RIGHT_UPF,train,1.310745,False
EL135_L_1981_06_059_03_2_PF_02,1981-06-21,Parti socialiste,LEFT_PS,train,1.3106537,False
EL137_L_1981_06_975_01_1_PF_04,1981-06-14,Parti socialiste,LEFT_PS,test,1.3105483,False
EL135_L_1981_06_055_02_2_PF_01,1981-06-21,Union pour la démocratie française;Rassemblement pour la République;Centre national des indépendants,RIGHT_UNM,train,1.3105407,False
EL135_L_1981_06_056_03_1_PF_02,1981-06-14,Parti socialiste,LEFT_PS,train,1.3104732,False
EL176_L_1988_06_062_06_1_PF_03,1988-06-05,Front national,FAR_RIGHT_FN,test,1.3102193,False
EL177_L_1988_06_094_03_1_PF_01,1988-06-05,Parti socialiste;Mouvement des radicaux de gauche,LEFT_PS,test,1.3101467,False
EL136_L_1981_06_073_03_2_PF_01,1981-06-21,Parti socialiste,LEFT_PS,test,1.3100837,False
EL189_L_1993_03_014_06_2_PF_02,1993-03-28,Union pour la démocratie française;Rassemblement pour la République,RIGHT_UPF,test,1.3100489,False
EL175_L_1988_06_042_05_1_PF_01,1988-06-05,Parti communiste français,LEFT_PCF,test,1.3100318,False
EL175_L_1988_06_033_09_2_PF_02,1988-06-12,Parti socialiste,LEFT_PS,train,1.3099018,False
EL134_L_1981_06_006_04_1_PF_01,1981-06-14,Parti communiste français,LEFT_PCF,train,1.3097675,False
EL175_L_1988_06_043_01_1_PF_03,1988-06-05,Parti communiste français,LEFT_PCF,train,1.3095956,False
EL176_L_1988_06_069_10_1_PF_03,1988-06-05,Union pour la démocratie française;Rassemblement pour la République,RIGHT_URC,test,1.3095604,False
EL193_L_1993_03_059_01_1_PF_01,1993-03-21,Parti socialiste,LEFT_PS,train,1.3094159,False
EL175_L_1988_06_030_05_1_PF_03,1988-06-05,Front national,FAR_RIGHT_FN,train,1.3094121,False
EL135_L_1981_06_044_02_1_PF_09,1981-06-14,Mouvement des radicaux de gauche,LEFT_PS,train,1.3091966,False
EL197_L_1993_03_087_04_1_PF_04,1993-03-21,Ecologie les Verts;Génération écologie,ECO,train,1.3091537,False
EL135_L_1981_06_059_17_1_PF_03,1981-06-14,Rassemblement pour la République;Union pour la démocratie française;Centre des démocrates sociaux;Parti républicain;Parti radical-socialiste;Mouvement des démocrates socialistes;Centre national des indépendants;Démocratie chrétienne,LEFT_PS,train,1.3089979,False
EL192_L_1993_03_051_01_1_PF_07,1993-03-21,Parti socialiste,LEFT_PS,train,1.3088729,False
EL136_L_1981_06_071_01_2_PF_02,1981-06-21,Parti socialiste,LEFT_PS,test,1.3087927,False
EL174_L_1988_06_014_06_1_PF_02,1988-06-05,Parti socialiste,LEFT_PS,train,1.3087752,False
EL193_L_1993_03_059_13_1_PF_07,1993-03-21,Rassemblement pour la République;Union pour la démocratie française;Centre des démocrates sociaux;Parti républicain,RIGHT_UPF,train,1.3087134,False
EL177_L_1988_06_094_01_2_PF_02,1988-06-12,Centre national des indépendants et paysans;Rassemblement pour la République;Union pour la démocratie française,RIGHT_URC,test,1.3086394,False
EL137_L_1981_06_094_05_1_PF_02,1981-06-14,Rassemblement pour la République;Union pour la démocratie française;Centre national des indépendants;Centre des démocrates sociaux;Parti républicain;Parti radical;Mouvement pour le socialisme par la participation;Union gaulliste pour la démocratie;Union des libéraux indépendants,RIGHT_UNM,test,1.3083718,False
EL198_L_1993_03_095_09_1_PF_03,1993-03-21,Front national,FAR_RIGHT_FN,train,1.3083059,False
EL136_L_1981_06_074_02_2_PF_01,1981-06-21,Rassemblement pour la République;Union pour la démocratie française,RIGHT_UNM,train,1.3082503,False
EL135_L_1981_06_050_02_1_PF_02,1981-06-14,Parti socialiste,LEFT_PS,train,1.308093,False
EL175_L_1988_06_052_02_2_PF_02,1988-06-12,Rassemblement pour la République;Union pour la démocratie française,RIGHT_URC,train,1.3072227,False
EL175_L_1988_06_042_05_1_PF_03,1988-06-05,Rassemblement pour la République;Union pour la démocratie française,RIGHT_URC,train,1.3071117,False
EL174_L_1988_06_006_03_1_PF_01,1988-06-05,Parti communiste français,LEFT_PCF,train,1.3070675,False
EL135_L_1981_06_042_01_1_PF_06,1981-06-14,Rassemblement pour la République,RIGHT_RPR,train,1.3064686,False
EL176_L_1988_06_058_02_2_PF_01,1988-06-12,Rassemblement pour la République;Union pour la démocratie française,RIGHT_URC,train,1.3064333,False
EL137_L_1981_06_089_01_1_PF_01,1981-06-14,Parti socialiste,LEFT_PS,train,1.306121,False
EL135_L_1981_06_051_03_1_PF_03,1981-06-14,Parti socialiste,LEFT_PS,train,1.3058807,False
EL175_L_1988_06_045_01_2_PF_02,1988-06-12,Rassemblement pour la République;Union pour la démocratie française,RIGHT_URC,test,1.3058186,False
EL177_L_1988_06_088_01_1_PF_02,1988-06-05,Front national,FAR_RIGHT_FN,train,1.305774,False
EL134_L_1981_06_010_03_1_PF_07,1981-06-14,Rassemblement pour la République,RIGHT_RPR,train,1.3057487,False
EL137_L_1981_06_092_04_1_PF_02,1981-06-14,Rassemblement pour la République,RIGHT_RPR,train,1.305619,False
EL177_L_1988_06_091_05_1_PF_04,1988-06-05,Rassemblement pour la République;Union pour la démocratie française,RIGHT_URC,train,1.3055583,False
EL193_L_1993_03_063_01_1_PF_06,1993-03-21,Rassemblement pour la République;Centre national des indépendants,RIGHT_RPR,train,1.3055526,False
EL136_L_1981_06_075_22_1_PF_05,1981-06-14,Parti socialiste,LEFT_PS,train,1.3054129,False
EL197_L_1993_03_091_01_1_PF_10,1993-03-21,Front national,FAR_RIGHT_FN,train,1.3052937,False
EL137_L_1981_06_077_03_1_PF_04,1981-06-14,Mouvement des radicaux de gauche,LEFT_PS,train,1.3052896,False
EL198_L_1993_03_095_08_2_PF_01,1993-03-28,Rassemblement pour la République;Union pour la démocratie française,RIGHT_UPF,train,1.3051833,False
EL177_L_1988_06_076_10_1_PF_04,1988-06-05,Front national,FAR_RIGHT_FN,train,1.3051267,False
EL176_L_1988_06_070_03_1_PF_02,1988-06-05,Parti communiste français,LEFT_PCF,train,1.3050874,False
EL193_L_1993_03_059_11_1_PF_05,1993-03-21,Front national,FAR_RIGHT_FN,test,1.3048095,False
EL177_L_1988_06_091_05_2_PF_01,1988-06-12,Rassemblement pour la République;Union pour la démocratie française,RIGHT_URC,train,1.3047793,False
EL175_L_1988_06_049_03_1_PF_03,1988-06-05,Anjou écologie autogestion;Mouvement écologique,ECO,train,1.3046123,False
EL135_L_1981_06_064_04_1_PF_04,1981-06-14,Parti socialiste,LEFT_PS,train,1.3041916,False
EL135_L_1981_06_036_03_1_PF_01,1981-06-14,Union pour la démocratie française;Rassemblement pour la République,RIGHT_UNM,train,1.3040855,False
EL137_L_1981_06_094_03_1_PF_01,1981-06-14,Parti communiste français,LEFT_PCF,test,1.3040403,False
EL191_L_1993_03_035_02_1_PF_08,1993-03-21,Front national,FAR_RIGHT_FN,train,1.303682,False
EL177_L_1988_06_078_02_1_PF_03,1988-06-05,Parti communiste français,LEFT_PCF,train,1.3034798,False
EL191_L_1993_03_034_04_2_PF_02,1993-03-28,Union pour la démocratie française;Rassemblement pour la République,RIGHT_UPF,test,1.303367,False
EL135_L_1981_06_036_01_2_PF_02,1981-06-21,Parti socialiste,LEFT_PS,test,1.3031639,False
EL174_L_1988_06_016_02_1_PF_04,1988-06-05,Front national,FAR_RIGHT_FN,test,1.3030227,False
EL191_L_1993_03_034_03_1_PF_01,1993-03-21,Parti communiste français,LEFT_PCF,train,1.3027242,False
EL176_L_1988_06_068_07_2_PF_02,1988-06-12,Rassemblement pour la République;Union pour la démocratie française,RIGHT_URC,train,1.3023603,False
EL190_L_1993_03_027_03_1_PF_06,1993-03-21,Parti communiste français,LEFT_PCF,train,1.3023132,False
EL137_L_1981_06_079_01_1_PF_04,1981-06-14,Union pour la démocratie française,RIGHT_UDF,train,1.302287,False
EL192_L_1993_03_056_01_1_PF_06,1993-03-21,Parti socialiste,LEFT_PS,train,1.3022786,False
EL135_L_1981_06_051_03_2_PF_02,1981-06-21,Union pour la démocratie française;Rassemblement pour la République,RIGHT_UNM,train,1.3022004,False
EL192_L_1993_03_044_01_1_PF_02,1993-03-21,Parti socialiste,LEFT_PS,train,1.3021449,False
EL134_L_1981_06_029_04_1_PF_01,1981-06-14,Parti socialiste unifié;Union démocratique bretonne;Projet Alter Breton,LEFT_PS,train,1.3020785,False
EL176_L_1988_06_063_06_1_PF_01,1988-06-05,Parti communiste français,LEFT_PCF,test,1.302073,False
EL192_L_1993_03_044_04_1_PF_05,1993-03-21,Verts;Génération écologie,ECO,train,1.301991,False
EL174_L_1988_06_007_02_1_PF_05,1988-06-05,Front national,FAR_RIGHT_FN,train,1.3019854,False
EL198_L_1993_03_092_05_1_PF_02,1993-03-21,Front national,FAR_RIGHT_FN,train,1.3019588,False
EL192_L_1993_03_052_02_2_PF_01,1993-03-28,Rassemblement pour la République,RIGHT_RPR,train,1.3019553,False
EL174_L_1988_06_027_01_2_PF_01,1988-06-12,Rassemblement pour la République;Union pour la démocratie française;Parti radical,RIGHT_URC,train,1.3018011,False
EL190_L_1993_03_029_03_2_PF_01,1993-03-28,Rassemblement pour la République;Union pour la démocratie française,RIGHT_UPF,train,1.3016932,False
EL196_L_1993_03_077_07_2_PF_01,1993-03-28,Rassemblement pour la République;Union pour la démocratie française,RIGHT_UPF,train,1.3014971,False
EL176_L_1988_06_059_18_1_PF_02,1988-06-05,Front national,FAR_RIGHT_FN,train,1.3014268,False
EL190_L_1993_03_028_04_2_PF_01,1993-03-28,Rassemblement pour la République;Union pour la démocratie française,RIGHT_UPF,train,1.3014063,False
EL135_L_1981_06_038_04_1_PF_06,1981-06-14,Union pour la démocratie française,RIGHT_UDF,train,1.3013977,False
EL193_L_1993_03_062_12_1_PF_03,1993-03-21,Front national,FAR_RIGHT_FN,test,1.300994,False
EL190_L_1993_03_024_04_1_PF_03,1993-03-21,Parti socialiste;Mouvement des radicaux de gauche,LEFT_PS,train,1.3009613,False
EL195_L_1993_03_074_05_1_PF_03,1993-03-21,Parti socialiste;Mouvement des radicaux de gauche,LEFT_PS,test,1.3009529,False
EL174_L_1988_06_007_03_1_PF_04,1988-06-05,Rassemblement pour la République;Union pour la démocratie française,RIGHT_URC,train,1.3008752,False
EL189_L_1993_03_006_05_1_PF_02,1993-03-21,Rassemblement pour la République;Union pour la démocratie française,RIGHT_UPF,test,1.3008614,False
EL175_L_1988_06_038_01_1_PF_02,1988-06-05,Mouvement des radicaux de gauche,LEFT_PS,test,1.300749,False
EL190_L_1993_03_025_04_1_PF_04,1993-03-21,Parti communiste français,LEFT_PCF,train,1.3006364,False
EL192_L_1993_03_044_04_2_PF_02,1993-03-28,Rassemblement pour la République;Union pour la démocratie française;Centre national des indépendants et paysans,RIGHT_UPF,test,1.3004533,False
EL134_L_1981_06_009_02_1_PF_03,1981-06-14,Parti socialiste,LEFT_PS,test,1.3003464,False
EL176_L_1988_06_059_19_1_PF_04,1988-06-05,Union pour la démocratie française,RIGHT_UDF,train,1.3002796,False
EL175_L_1988_06_029_06_1_PF_03,1988-06-05,Parti communiste français,LEFT_PCF,train,1.3001589,False
EL135_L_1981_06_057_02_1_PF_05,1981-06-14,Union pour la démocratie française;Rassemblement pour la République,RIGHT_UNM,train,1.3001179,False
EL177_L_1988_06_090_01_2_PF_02,1988-06-12,Rassemblement pour la République;Union pour la démocratie française,RIGHT_URC,train,1.30011,False
EL175_L_1988_06_031_08_1_PF_01,1988-06-05,Parti communiste français,LEFT_PCF,train,1.2998376,False
EL174_L_1988_06_028_01_2_PF_02,1988-06-12,Rassemblement pour la République;Union pour la démocratie française,RIGHT_URC,test,1.2998219,False
EL135_L_1981_06_059_14_1_PF_03,1981-06-14,Parti socialiste,LEFT_PS,test,1.2996612,False
EL177_L_1988_06_089_03_2_PF_02,1988-06-12,Rassemblement pour la République;Union pour la démocratie française,RIGHT_URC,train,1.2996325,False
EL190_L_1993_03_025_03_1_PF_02,1993-03-21,Parti communiste français,LEFT_PCF,train,1.2995213,False
EL174_L_1988_06_004_02_1_PF_03,1988-06-05,Parti communiste français,LEFT_PCF,train,1.2995172,False
EL197_L_1993_03_091_05_2_PF_02,1993-03-28,Union pour la démocratie française;Rassemblement pour la République,RIGHT_UPF,train,1.299089,False
EL189_L_1993_03_006_04_2_PF_03,1993-03-28,Union pour la démocratie française,RIGHT_UDF,train,1.2990202,False
EL137_L_1981_06_094_08_2_PF_01,1981-06-21,Union pour la démocratie française,RIGHT_UDF,test,1.2990036,False
EL191_L_1993_03_040_02_1_PF_03,1993-03-21,Parti socialiste,LEFT_PS,train,1.2989268,False
EL135_L_1981_06_059_16_2_PF_01,1981-06-21,Parti socialiste,LEFT_PS,train,1.2988881,False
EL177_L_1988_06_075_08_2_PF_02,1988-06-12,Démocratie chrétienne;Rassemblement pour la République;Union pour la démocratie française,RIGHT_URC,train,1.2987938,False
EL190_L_1993_03_019_02_1_PF_02,1993-03-21,Rassemblement pour la République;Union pour la démocratie française,RIGHT_UPF,train,1.2987499,False
EL174_L_1988_06_017_03_1_PF_04,1988-06-05,Front national,FAR_RIGHT_FN,train,1.2987314,False
EL191_L_1993_03_042_04_1_PF_06,1993-03-21,Rassemblement pour la République,RIGHT_RPR,train,1.2986062,False
EL195_L_1993_03_075_10_1_PF_01,1993-03-21,Parti socialiste,LEFT_PS,train,1.2984586,False
EL197_L_1993_03_088_03_1_PF_03,1993-03-21,Parti communiste français,LEFT_PCF,train,1.2983478,False
EL137_L_1981_06_093_06_1_PF_08,1981-06-14,Rassemblement pour la République;Union pour la démocratie française,RIGHT_UNM,train,1.2982984,False
EL196_L_1993_03_079_03_1_PF_01,1993-03-21,Parti communiste français,LEFT_PCF,train,1.2978181,False
EL137_L_1981_06_090_02_1_PF_01,1981-06-14,Parti socialiste,LEFT_PS,train,1.2978153,False
EL134_L_1981_06_035_04_2_PF_01,1981-06-21,Union pour la démocratie française;Rassemblement pour la République;Parti républicain;Parti radical;Centre des démocrates sociaux;Centre national des indépendants et paysans,RIGHT_UNM,train,1.2976444,False
EL192_L_1993_03_049_02_1_PF_03,1993-03-21,Parti communiste français,LEFT_PCF,train,1.2975897,False
EL175_L_1988_06_049_07_1_PF_01,1988-06-05,Anjou écologie autogestion;Parti socialiste unifié,LEFT_PS,train,1.2975388,False
EL177_L_1988_06_094_09_1_PF_03,1988-06-05,Union pour la démocratie française,RIGHT_UDF,train,1.2973605,False
EL136_L_1981_06_075_09_1_PF_04,1981-06-14,Rassemblement pour la République,RIGHT_RPR,train,1.297312,False
EL175_L_1988_06_041_03_1_PF_04,1988-06-05,Union pour la démocratie française;Centre des démocrates sociaux,RIGHT_UDF,train,1.2972946,False
EL134_L_1981_06_030_03_2_PF_02,1981-06-21,Parti communiste français;Parti socialiste;Parti socialiste unifié,LEFT_PCF,train,1.297197,False
EL177_L_1988_06_077_06_1_PF_02,1988-06-05,Front national,FAR_RIGHT_FN,train,1.2971393,False
EL197_L_1993_03_089_02_1_PF_06,1993-03-21,Ecologie les Verts;Génération écologie,ECO,train,1.2970608,False
EL135_L_1981_06_059_10_2_PF_01,1981-06-21,Parti socialiste,LEFT_PS,train,1.2970545,False
EL189_L_1993_03_014_04_2_PF_02,1993-03-28,Front national,FAR_RIGHT_FN,train,1.2970393,False
EL137_L_1981_06_095_01_2_PF_01,1981-06-21,Parti socialiste;Mouvement des radicaux de gauche;Ligue communiste révolutionnaire;Parti socialiste unifié;Parti communiste français,LEFT_PCF,train,1.2968383,False
EL197_L_1993_03_085_04_1_PF_05,1993-03-21,Front national,FAR_RIGHT_FN,train,1.2964895,False
EL135_L_1981_06_059_23_1_PF_03,1981-06-14,Parti socialiste,LEFT_PS,train,1.2963378,False
EL193_L_1993_03_063_03_1_PF_02,1993-03-21,Parti socialiste,LEFT_PS,train,1.2963251,False
EL174_L_1988_06_009_01_1_PF_04,1988-06-05,Front national,FAR_RIGHT_FN,train,1.2963127,False
EL190_L_1993_03_029_04_2_PF_01,1993-03-28,Union pour la démocratie française;Rassemblement pour la République,RIGHT_UPF,test,1.2961549,False
EL189_L_1993_03_013_01_2_PF_02,1993-03-28,Front national,FAR_RIGHT_FN,train,1.2960905,False
EL134_L_1981_06_005_01_2_PF_02,1981-06-21,Parti socialiste,LEFT_PS,test,1.2957323,False
EL135_L_1981_06_038_02_2_PF_01,1981-06-21,Parti socialiste;Mouvement des radicaux de gauche,LEFT_PS,train,1.2956063,False
EL175_L_1988_06_036_03_1_PF_02,1988-06-05,Parti communiste français,LEFT_PCF,train,1.295565,False
EL191_L_1993_03_033_01_1_PF_02,1993-03-21,Parti communiste français,LEFT_PCF,test,1.2955165,False
EL175_L_1988_06_029_07_1_PF_03,1988-06-05,Parti communiste français,LEFT_PCF,train,1.2955124,False
EL175_L_1988_06_038_08_1_PF_03,1988-06-05,Parti socialiste,LEFT_PS,train,1.2954181,False
EL175_L_1988_06_048_02_1_PF_01,1988-06-05,Parti communiste français,LEFT_PCF,train,1.2951645,False
EL189_L_1993_03_006_04_1_PF_06,1993-03-21,Parti communiste français,LEFT_PCF,train,1.2951232,False
EL192_L_1993_03_044_08_1_PF_04,1993-03-21,Parti communiste français,LEFT_PCF,train,1.2950537,False
EL177_L_1988_06_094_10_1_PF_05,1988-06-05,Parti communiste français,LEFT_PCF,train,1.2950336,False
EL198_L_1993_03_095_05_1_PF_01,1993-03-21,Parti communiste français,LEFT_PCF,train,1.2949606,False
EL195_L_1993_03_075_06_1_PF_06,1993-03-21,Lutte ouvrière,FAR_LEFT,train,1.2949107,False
EL191_L_1993_03_034_02_1_PF_03,1993-03-21,Parti communiste français,LEFT_PCF,train,1.2949024,False
EL193_L_1993_03_059_10_1_PF_02,1993-03-21,Parti socialiste,LEFT_PS,train,1.2947824,False
EL198_L_1993_03_092_08_1_PF_10,1993-03-21,Ecologie 92;Confédération syndicale du cadre de vie;Alternative;Initiatives 92;Ecologie citoyenneté et laïcité;Rencontres écologie et solidarités;Comité de soutien à la coopérative écologique;Dialogues-Cultures et identités;France cultures Islam et laïcité;Mouvement communautaire juif laïc;Ecologie et solidarités multiculturelles;Alliance pour l'écologie et la démocratie,ECO,train,1.2947803,False
EL191_L_1993_03_036_01_2_PF_01,1993-03-28,Union pour la démocratie française;Rassemblement pour la République,RIGHT_UPF,train,1.2945864,False
EL198_L_1993_03_094_11_1_PF_06,1993-03-21,Rassemblement pour la République;Union pour la démocratie française,RIGHT_UPF,train,1.2944782,False
EL192_L_1993_03_057_09_1_PF_04,1993-03-21,Rassemblement pour la République;Union pour la démocratie française,RIGHT_UPF,train,1.2941917,False
EL190_L_1993_03_029_08_1_PF_07,1993-03-21,Front national,FAR_RIGHT_FN,test,1.294141,False
EL191_L_1993_03_035_01_2_PF_02,1993-03-28,Union pour la démocratie française;Rassemblement pour la République,RIGHT_UPF,train,1.2941314,False
EL137_L_1981_06_076_04_1_PF_08,1981-06-14,Union pour la démocratie française,RIGHT_UDF,train,1.2940313,False
EL175_L_1988_06_031_07_1_PF_03,1988-06-05,Front national,FAR_RIGHT_FN,train,1.2939723,False
EL174_L_1988_06_014_05_2_PF_02,1988-06-12,Démocrate de progrès;Parti socialiste,LEFT_PS,test,1.2939446,False
EL135_L_1981_06_059_09_1_PF_04,1981-06-14,Parti socialiste,LEFT_PS,test,1.2938671,False
EL191_L_1993_03_034_01_1_PF_03,1993-03-21,Parti socialiste;Mouvement des radicaux de gauche,LEFT_PS,train,1.2936473,False
EL198_L_1993_03_093_09_1_PF_07,1993-03-21,Alliance pour l'écologie et la démocratie,ECO,train,1.2935127,False
EL136_L_1981_06_069_06_1_PF_07,1981-06-14,Mouvement démocrate socialiste;Union pour la démocratie française,LEFT_PS,train,1.2930698,False
EL196_L_1993_03_076_06_2_PF_01,1993-03-28,Rassemblement pour la République;Union pour la démocratie française;divers modérés,RIGHT_UPF,train,1.2929833,False
EL134_L_1981_06_019_01_1_PF_01,1981-06-14,Parti socialiste unifié,LEFT_PS,train,1.2926865,False
EL176_L_1988_06_058_02_1_PF_02,1988-06-05,Front national,FAR_RIGHT_FN,test,1.2924706,False
EL177_L_1988_06_094_06_2_PF_02,1988-06-12,Rassemblement pour la République;Union pour la démocratie française,RIGHT_URC,train,1.2922813,False
EL135_L_1981_06_060_04_2_PF_01,1981-06-21,Parti socialiste;Parti communiste français,LEFT_PCF,train,1.2922409,False
EL195_L_1993_03_075_08_1_PF_01,1993-03-21,Parti communiste français,LEFT_PCF,test,1.2922409,False
EL176_L_1988_06_069_02_1_PF_01,1988-06-05,Parti communiste français,LEFT_PCF,test,1.2921951,False
EL189_L_1993_03_006_06_2_PF_02,1993-03-28,Rassemblement pour la République;Union pour la démocratie française,RIGHT_UPF,train,1.292142,False
EL174_L_1988_06_022_02_1_PF_01,1988-06-05,Parti communiste français,LEFT_PCF,train,1.2920749,False
EL196_L_1993_03_076_08_2_PF_01,1993-03-28,Rassemblement pour la République;Union pour la démocratie française,RIGHT_UPF,train,1.2915924,False
EL176_L_1988_06_062_02_1_PF_04,1988-06-05,Front national,FAR_RIGHT_FN,train,1.2915713,False
EL174_L_1988_06_004_01_1_PF_06,1988-06-05,Front national,FAR_RIGHT_FN,train,1.291556,False
EL190_L_1993_03_030_01_1_PF_04,1993-03-21,Parti communiste français,LEFT_PCF,train,1.2915477,False
EL137_L_1981_06_077_03_2_PF_02,1981-06-21,Mouvement des radicaux de gauche;Parti communiste français;Parti socialiste,LEFT_PCF,train,1.2914115,False
EL177_L_1988_06_095_08_2_PF_02,1988-06-12,Centre national des indépendants et paysans;Rassemblement pour la République;Union pour la démocratie française;non inscrits,RIGHT_URC,train,1.2913148,False
EL174_L_1988_06_025_03_1_PF_01,1988-06-05,Union pour la démocratie française;Rassemblement pour la République,RIGHT_URC,train,1.2911651,False
EL175_L_1988_06_054_03_1_PF_01,1988-06-05,Front national,FAR_RIGHT_FN,test,1.2909858,False
EL197_L_1993_03_087_02_1_PF_04,1993-03-21,Front national,FAR_RIGHT_FN,test,1.2908908,False
EL191_L_1993_03_041_01_2_PF_01,1993-03-28,indépendant;Génération écologie,ECO,train,1.2908734,False
EL135_L_1981_06_065_02_1_PF_01,1981-06-14,Parti socialiste unifié,LEFT_PS,train,1.2908636,False
EL177_L_1988_06_086_01_1_PF_04,1988-06-05,Parti communiste français,LEFT_PCF,train,1.2907879,False
EL177_L_1988_06_077_04_1_PF_03,1988-06-05,Parti communiste français,LEFT_PCF,train,1.2907822,False
EL135_L_1981_06_044_01_1_PF_06,1981-06-14,Rassemblement pour la République;Union pour la démocratie française,RIGHT_UNM,test,1.2906379,False
EL136_L_1981_06_069_09_1_PF_02,1981-06-14,Mouvement des radicaux de gauche,LEFT_PS,train,1.2906293,False
EL198_L_1993_03_094_08_1_PF_01,1993-03-21,Rassemblement pour la République;Union pour la démocratie française,RIGHT_UPF,train,1.2906214,False
EL189_L_1993_03_007_02_1_PF_08,1993-03-21,Nouveaux écologistes du rassemblement nature et animaux,ECO,train,1.2905735,False
EL192_L_1993_03_044_01_1_PF_06,1993-03-21,Union démocratique bretonne;Solidarité écologie gauche alternative,ECO,train,1.2904531,False
EL134_L_1981_06_012_02_2_PF_02,1981-06-21,Union pour la démocratie française;Rassemblement pour la République,RIGHT_UNM,train,1.2903652,False
EL134_L_1981_06_012_03_1_PF_01,1981-06-14,Parti communiste français,LEFT_PCF,train,1.2903255,False
EL176_L_1988_06_060_03_2_PF_02,1988-06-12,Rassemblement pour la République;Union pour la démocratie française,RIGHT_URC,test,1.2902882,False
EL175_L_1988_06_036_02_1_PF_02,1988-06-05,Parti communiste français,LEFT_PCF,train,1.2901933,False
EL176_L_1988_06_058_02_1_PF_03,1988-06-05,Rassemblement pour la République;Union pour la démocratie française,RIGHT_URC,test,1.2901478,False
EL189_L_1993_03_005_01_1_PF_06,1993-03-21,Union pour la démocratie française,RIGHT_UDF,test,1.2900923,False
EL191_L_1993_03_031_05_1_PF_06,1993-03-21,Parti socialiste,LEFT_PS,train,1.290015,False
EL194_L_1993_03_067_02_1_PF_07,1993-03-21,Génération écologie;Verts,ECO,train,1.2898821,False
EL135_L_1981_06_062_07_2_PF_01,1981-06-21,Parti communiste français;Parti socialiste,LEFT_PCF,test,1.2898542,False
EL196_L_1993_03_076_02_1_PF_03,1993-03-21,Front national,FAR_RIGHT_FN,train,1.2898103,False
EL174_L_1988_06_007_03_1_PF_01,1988-06-05,Parti communiste français,LEFT_PCF,test,1.2897744,False
EL192_L_1993_03_057_04_1_PF_01,1993-03-21,Front national,FAR_RIGHT_FN,train,1.2891443,False
EL192_L_1993_03_058_03_1_PF_06,1993-03-21,Verts;Génération écologie,ECO,train,1.2890638,False
EL189_L_1993_03_010_03_1_PF_06,1993-03-21,Front national,FAR_RIGHT_FN,train,1.2889565,False
EL137_L_1981_06_078_04_1_PF_04,1981-06-14,Mouvement des radicaux de gauche,LEFT_PS,train,1.2889491,False
EL134_L_1981_06_002_05_1_PF_01,1981-06-14,Parti socialiste;Mouvement des radicaux de gauche,LEFT_PS,train,1.2887655,False
EL175_L_1988_06_041_03_1_PF_02,1988-06-05,Front national,FAR_RIGHT_FN,test,1.2887368,False
EL189_L_1993_03_011_03_1_PF_02,1993-03-21,Front national,FAR_RIGHT_FN,train,1.2887007,False
EL177_L_1988_06_091_09_1_PF_05,1988-06-05,Front national,FAR_RIGHT_FN,train,1.2885096,False
EL134_L_1981_06_003_03_2_PF_01,1981-06-21,Parti communiste français,LEFT_PCF,train,1.2884375,False
EL196_L_1993_03_076_04_2_PF_02,1993-03-28,Union pour la démocratie française;Rassemblement pour la République,RIGHT_UPF,train,1.2884172,False
EL134_L_1981_06_013_10_1_PF_04,1981-06-14,Union pour la démocratie française,RIGHT_UDF,train,1.288108,False
EL174_L_1988_06_011_03_1_PF_01,1988-06-05,Rassemblement pour la République;Union pour la démocratie française,RIGHT_URC,train,1.2880656,False
EL191_L_1993_03_042_07_2_PF_02,1993-03-28,Union pour la démocratie française;Rassemblement pour la République,RIGHT_UPF,test,1.2880626,False
EL176_L_1988_06_070_01_1_PF_05,1988-06-05,Parti communiste français,LEFT_PCF,train,1.2878469,False
EL190_L_1993_03_026_01_1_PF_07,1993-03-21,Parti communiste français,LEFT_PCF,train,1.287843,False
EL189_L_1993_03_010_02_1_PF_02,1993-03-21,Ecologie les Verts;Génération écologie,ECO,train,1.287765,False
EL191_L_1993_03_039_03_1_PF_08,1993-03-21,Parti communiste français,LEFT_PCF,train,1.2876649,False
EL192_L_1993_03_057_01_1_PF_04,1993-03-21,Verts;Génération écologie,ECO,train,1.2874273,False
EL135_L_1981_06_059_18_2_PF_02,1981-06-21,Rassemblement pour la République,RIGHT_RPR,train,1.2873012,False
EL191_L_1993_03_034_03_1_PF_06,1993-03-21,Front national,FAR_RIGHT_FN,train,1.287281,False
EL136_L_1981_06_075_10_2_PF_01,1981-06-21,Rassemblement pour la République;Union pour la démocratie française,RIGHT_UNM,train,1.2872549,False
EL134_L_1981_06_031_05_1_PF_04,1981-06-14,Rassemblement pour la République,RIGHT_RPR,train,1.2871665,False
EL195_L_1993_03_071_01_1_PF_06,1993-03-21,Ecologie les Verts;Génération écologie,ECO,train,1.2870033,False
EL196_L_1993_03_077_07_1_PF_02,1993-03-21,Front national,FAR_RIGHT_FN,train,1.2869089,False
EL137_L_1981_06_091_02_1_PF_08,1981-06-14,Rassemblement des radicaux de gauche de l'Essonne,LEFT_PS,test,1.2868965,False
EL196_L_1993_03_079_02_2_PF_02,1993-03-28,Union pour la démocratie française;Rassemblement pour la République,RIGHT_UPF,train,1.2868848,False
EL176_L_1988_06_057_03_1_PF_04,1988-06-05,Front national,FAR_RIGHT_FN,test,1.2865826,False
EL177_L_1988_06_082_01_1_PF_04,1988-06-05,Front national,FAR_RIGHT_FN,test,1.2865311,False
EL190_L_1993_03_029_06_1_PF_03,1993-03-21,Verts;Génération écologie,ECO,train,1.2865169,False
EL194_L_1993_03_067_02_1_PF_02,1993-03-21,Union pour la démocratie française;Rassemblement pour la République,RIGHT_UPF,train,1.2865139,False
EL135_L_1981_06_059_07_1_PF_06,1981-06-14,Parti républicain;Union pour la démocratie française;Parti radical-socialiste;Centre des démocrates sociaux;Centre national des indépendants et paysans;Mouvement des démocrates socialistes de France;Jeunes giscardiens;Clubs Perspectives et réalités,LEFT_PS,train,1.286406,False
EL195_L_1993_03_075_06_1_PF_07,1993-03-21,Solidarité écologie gauche alternative,ECO,test,1.2862011,False
EL134_L_1981_06_034_03_2_PF_01,1981-06-21,Parti socialiste,LEFT_PS,test,1.2861801,False
EL190_L_1993_03_025_03_1_PF_04,1993-03-21,Union pour la démocratie française,RIGHT_UDF,train,1.2861745,False
EL190_L_1993_03_016_04_1_PF_02,1993-03-21,Front national,FAR_RIGHT_FN,train,1.286041,False
EL135_L_1981_06_059_06_2_PF_01,1981-06-21,Parti socialiste,LEFT_PS,test,1.2859921,False
EL137_L_1981_06_093_07_2_PF_02,1981-06-21,Union pour la démocratie française,RIGHT_UDF,train,1.2857407,False
EL191_L_1993_03_038_05_1_PF_06,1993-03-21,Centre des démocrates sociaux;Union pour la démocratie française;Rassemblement pour la République,RIGHT_UPF,train,1.2857316,False
EL136_L_1981_06_075_25_2_PF_01,1981-06-21,Union pour la démocratie française;Rassemblement pour la République;Parti républicain;Centre des démocrates sociaux;Parti radical;Mouvement des démocrates socialistes,LEFT_PS,train,1.2855878,False
EL192_L_1993_03_054_02_1_PF_05,1993-03-21,Union pour la démocratie française;Rassemblement pour la République,RIGHT_UPF,test,1.2855474,False
EL197_L_1993_03_090_02_1_PF_10,1993-03-21,Union pour la démocratie française,RIGHT_UDF,train,1.2851053,False
EL135_L_1981_06_054_07_2_PF_02,1981-06-21,Socialiste,LEFT_PS,train,1.2850047,False
EL134_L_1981_06_030_03_2_PF_01,1981-06-21,Rassemblement pour la République,RIGHT_RPR,train,1.2849274,False
EL197_L_1993_03_084_04_1_PF_02,1993-03-21,Parti communiste français,LEFT_PCF,train,1.2847056,False
EL135_L_1981_06_052_02_2_PF_01,1981-06-21,Parti socialiste,LEFT_PS,test,1.2847034,False
EL137_L_1981_06_094_05_1_PF_04,1981-06-14,Mouvement des radicaux de gauche,LEFT_PS,train,1.2846649,False
EL195_L_1993_03_075_02_1_PF_02,1993-03-21,Front national,FAR_RIGHT_FN,train,1.2846608,False
EL175_L_1988_06_049_05_1_PF_01,1988-06-05,Parti communiste français,LEFT_PCF,train,1.2845834,False
EL196_L_1993_03_079_04_1_PF_04,1993-03-21,Rassemblement pour la République,RIGHT_RPR,train,1.2844077,False
EL190_L_1993_03_025_04_1_PF_06,1993-03-21,Rassemblement pour la République;Union pour la démocratie française,RIGHT_UPF,test,1.2843482,False
EL190_L_1993_03_021_01_1_PF_03,1993-03-21,Ligue communiste révolutionnaire,FAR_LEFT,train,1.2842354,False
EL189_L_1993_03_007_02_2_PF_01,1993-03-28,Rassemblement pour la République;Union pour la démocratie française,RIGHT_UPF,train,1.2841591,False
EL134_L_1981_06_014_01_1_PF_06,1981-06-14,Parti socialiste,LEFT_PS,train,1.2840897,False
EL135_L_1981_06_050_01_1_PF_04,1981-06-14,Parti socialiste unifié;écologistes,LEFT_PS,train,1.2838472,False
EL192_L_1993_03_044_03_2_PF_02,1993-03-28,Union pour la démocratie française;Rassemblement pour la République,RIGHT_UPF,train,1.2838336,False
EL134_L_1981_06_014_02_2_PF_02,1981-06-21,Rassemblement pour la République;Union pour la démocratie française;Centre national des indépendants,RIGHT_UNM,test,1.2837442,False
EL192_L_1993_03_046_01_1_PF_06,1993-03-21,Rassemblement pour la République;Union pour la démocratie française,RIGHT_UPF,train,1.2837074,False
EL137_L_1981_06_089_03_1_PF_02,1981-06-14,Parti républicain;Union pour la démocratie française,RIGHT_UDF,train,1.2836012,False
EL196_L_1993_03_076_09_2_PF_02,1993-03-28,Union pour la démocratie française;Rassemblement pour la République,RIGHT_UPF,train,1.2834898,False
EL177_L_1988_06_078_10_2_PF_01,1988-06-12,Rassemblement pour la République;Union pour la démocratie française,RIGHT_URC,train,1.2834481,False
EL198_L_1993_03_092_12_1_PF_02,1993-03-21,Front national,FAR_RIGHT_FN,train,1.2833369,False
EL194_L_1993_03_064_05_2_PF_01,1993-03-28,Union pour la démocratie française;Rassemblement pour la République,RIGHT_UPF,train,1.283327,False
EL189_L_1993_03_010_02_2_PF_02,1993-03-28,Rassemblement pour la République;Union pour la démocratie française,RIGHT_UPF,train,1.2833103,False
EL195_L_1993_03_075_07_1_PF_01,1993-03-21,Parti communiste français,LEFT_PCF,train,1.283296,False
EL191_L_1993_03_036_02_1_PF_05,1993-03-21,Front national,FAR_RIGHT_FN,train,1.2832546,False
EL174_L_1988_06_009_01_1_PF_01,1988-06-05,Parti communiste français,LEFT_PCF,test,1.2830048,False
EL192_L_1993_03_051_02_1_PF_09,1993-03-21,Verts;Génération écologie,ECO,train,1.2827675,False
EL135_L_1981_06_047_01_2_PF_02,1981-06-21,Rassemblement pour la République,RIGHT_RPR,test,1.2825763,False
EL189_L_1993_03_014_02_1_PF_03,1993-03-21,Verts,ECO,train,1.2824328,False
EL197_L_1993_03_086_01_1_PF_06,1993-03-21,Parti communiste français,LEFT_PCF,test,1.2824242,False
EL176_L_1988_06_074_05_1_PF_06,1988-06-05,Parti socialiste,LEFT_PS,train,1.2823833,False
EL197_L_1993_03_091_02_2_PF_02,1993-03-28,Rassemblement pour la République;Union pour la démocratie française,RIGHT_UPF,train,1.2823695,False
EL177_L_1988_06_093_11_1_PF_04,1988-06-05,Rassemblement pour la République;Union pour la démocratie française,RIGHT_URC,train,1.282322,False
EL137_L_1981_06_076_03_1_PF_05,1981-06-14,Parti socialiste;Mouvement des radicaux de gauche,LEFT_PS,train,1.2820089,False
EL134_L_1981_06_033_08_1_PF_02,1981-06-14,Union pour la démocratie française;Parti républicain;Centre des démocrates sociaux;Mouvement démocrate socialiste de France;Radicaux,LEFT_PS,train,1.2817123,False
EL175_L_1988_06_045_02_1_PF_03,1988-06-05,Parti communiste français,LEFT_PCF,test,1.2816372,False
EL174_L_1988_06_017_01_2_PF_02,1988-06-12,Rassemblement pour la République,RIGHT_RPR,test,1.2813065,False
EL196_L_1993_03_078_03_1_PF_01,1993-03-21,Parti communiste français,LEFT_PCF,train,1.2811332,False
EL194_L_1993_03_069_14_1_PF_02,1993-03-21,Ligue communiste révolutionnaire,FAR_LEFT,train,1.2811146,False
EL192_L_1993_03_054_01_2_PF_02,1993-03-28,Parti socialiste,LEFT_PS,train,1.2810565,False
EL134_L_1981_06_018_03_2_PF_01,1981-06-21,Parti socialiste,LEFT_PS,train,1.2809831,False
EL135_L_1981_06_059_07_2_PF_02,1981-06-21,Parti républicain;Union pour la démocratie française,RIGHT_UDF,train,1.2809749,False
EL198_L_1993_03_093_10_1_PF_06,1993-03-21,Lutte ouvrière,FAR_LEFT,train,1.2809638,False
EL192_L_1993_03_057_10_1_PF_04,1993-03-21,Rassemblement pour la République;Union pour la démocratie française,RIGHT_UPF,train,1.2808999,False
EL194_L_1993_03_067_06_1_PF_05,1993-03-21,Génération écologie;Verts,ECO,train,1.2806785,False
EL176_L_1988_06_059_20_1_PF_03,1988-06-05,Front national,FAR_RIGHT_FN,train,1.2806718,False
EL177_L_1988_06_095_04_1_PF_05,1988-06-05,Front national,FAR_RIGHT_FN,test,1.280573,False
EL137_L_1981_06_076_04_1_PF_04,1981-06-14,Parti socialiste;Mouvement des radicaux de gauche,LEFT_PS,test,1.2804325,False
EL137_L_1981_06_086_01_1_PF_05,1981-06-14,Parti socialiste,LEFT_PS,train,1.280417,False
EL134_L_1981_06_029_07_1_PF_05,1981-06-14,Parti communiste français,LEFT_PCF,train,1.2804013,False
EL137_L_1981_06_974_01_1_PF_04,1981-06-14,Union pour la démocratie française,RIGHT_UDF,train,1.2801439,False
EL135_L_1981_06_050_05_2_PF_01,1981-06-21,Socialiste,LEFT_PS,train,1.2801175,False
EL192_L_1993_03_050_02_1_PF_04,1993-03-21,Rassemblement pour la République;Union pour la démocratie française,RIGHT_UPF,train,1.280046,False
EL175_L_1988_06_047_02_1_PF_01,1988-06-05,Union pour la démocratie française;Rassemblement pour la République;Centre national des indépendants et paysans,RIGHT_URC,train,1.2798795,False
EL137_L_1981_06_089_01_1_PF_02,1981-06-14,Rassemblement pour la République;Union pour la démocratie française,RIGHT_UNM,train,1.2797917,False
EL134_L_1981_06_033_10_1_PF_02,1981-06-14,Rassemblement pour la République,RIGHT_RPR,train,1.2796757,False
EL134_L_1981_06_018_02_1_PF_06,1981-06-14,Rassemblement pour la République;Union pour la démocratie française,RIGHT_UNM,test,1.2795645,False
EL191_L_1993_03_035_03_2_PF_02,1993-03-28,Parti socialiste,LEFT_PS,train,1.2790965,False
EL190_L_1993_03_022_04_1_PF_05,1993-03-21,Front national,FAR_RIGHT_FN,train,1.279047,False
EL134_L_1981_06_025_01_1_PF_02,1981-06-14,Lutte ouvrière,FAR_LEFT,train,1.2789952,False
EL175_L_1988_06_029_08_1_PF_02,1988-06-05,Rassemblement pour la République;Union pour la démocratie française,RIGHT_URC,train,1.2789428,False
EL197_L_1993_03_091_03_1_PF_02,1993-03-21,Rassemblement pour la République;Union pour la démocratie française,RIGHT_UPF,train,1.2787914,False
EL190_L_1993_03_025_02_1_PF_05,1993-03-21,Parti socialiste,LEFT_PS,train,1.2787248,False
EL176_L_1988_06_063_01_1_PF_01,1988-06-05,Parti communiste français,LEFT_PCF,train,1.2786705,False
EL174_L_1988_06_016_03_1_PF_04,1988-06-05,Parti communiste français,LEFT_PCF,train,1.278611,False
EL195_L_1993_03_072_05_1_PF_07,1993-03-21,Union pour la démocratie française;Parti radical;Parti républicain;Centre des démocrates sociaux;Clubs perspectives et réalités,RIGHT_UDF,train,1.2783388,False
EL192_L_1993_03_050_01_1_PF_07,1993-03-21,Front national,FAR_RIGHT_FN,train,1.2782824,False
EL198_L_1993_03_095_07_1_PF_03,1993-03-21,Parti socialiste,LEFT_PS,train,1.2782515,False
EL197_L_1993_03_088_03_1_PF_02,1993-03-21,Front national,FAR_RIGHT_FN,train,1.2782266,False
EL135_L_1981_06_044_04_1_PF_03,1981-06-14,Parti socialiste,LEFT_PS,train,1.2781765,False
EL189_L_1993_03_002_01_1_PF_02,1993-03-21,Parti communiste français,LEFT_PCF,train,1.2781031,False
EL194_L_1993_03_068_02_2_PF_01,1993-03-28,Génération écologie,ECO,train,1.2778053,False
EL137_L_1981_06_974_03_1_PF_02,1981-06-14,Parti socialiste,LEFT_PS,test,1.2775456,False
EL192_L_1993_03_056_04_1_PF_02,1993-03-21,Parti communiste français,LEFT_PCF,test,1.2775347,False
EL137_L_1981_06_974_01_1_PF_01,1981-06-14,Parti socialiste,LEFT_PS,test,1.2774155,False
EL192_L_1993_03_049_04_1_PF_02,1993-03-21,Parti communiste français,LEFT_PCF,train,1.2773898,False
EL134_L_1981_06_026_03_2_PF_01,1981-06-21,Socialiste,LEFT_PS,train,1.2773814,False
EL134_L_1981_06_006_01_2_PF_01,1981-06-21,Rassemblement pour la République;Parti républicain;Centre des démocrates sociaux;Centre national des indépendants et paysans;Mouvement démocrate socialiste;Parti radical,LEFT_PS,test,1.2771806,False
EL134_L_1981_06_031_06_1_PF_01,1981-06-14,Parti socialiste,LEFT_PS,train,1.2771775,False
EL198_L_1993_03_095_09_1_PF_08,1993-03-21,Rassemblement pour la République,RIGHT_RPR,train,1.2770721,False
EL135_L_1981_06_054_06_1_PF_04,1981-06-14,Union pour la démocratie française,RIGHT_UDF,train,1.2770634,False
EL192_L_1993_03_044_08_1_PF_06,1993-03-21,Verts;Génération écologie;Alternative rouge et verte;Union démocratique bretonne,ECO,train,1.2770258,False
EL195_L_1993_03_074_02_1_PF_03,1993-03-21,Verts;Génération écologie,ECO,train,1.2769675,False
EL174_L_1988_06_02B_01_1_PF_04,1988-06-05,Front national,FAR_RIGHT_FN,test,1.2769222,False
EL191_L_1993_03_042_07_1_PF_03,1993-03-21,Union pour la démocratie française;Rassemblement pour la République,RIGHT_UPF,train,1.2766807,False
EL191_L_1993_03_038_09_2_PF_01,1993-03-28,Union pour la démocratie française;Rassemblement pour la République,RIGHT_UPF,train,1.2763809,False
EL193_L_1993_03_063_02_1_PF_08,1993-03-21,Front national,FAR_RIGHT_FN,train,1.2763488,False
EL194_L_1993_03_069_13_2_PF_03,1993-03-28,Union pour la démocratie française;Rassemblement pour la République,RIGHT_UPF,train,1.2763457,False
EL137_L_1981_06_085_02_1_PF_03,1981-06-14,Parti socialiste,LEFT_PS,test,1.2762614,False
EL192_L_1993_03_054_06_2_PF_02,1993-03-28,Union pour la démocratie française;Rassemblement pour la République,RIGHT_UPF,train,1.2762127,False
EL176_L_1988_06_063_01_2_PF_01,1988-06-12,Parti socialiste,LEFT_PS,train,1.2762077,False
EL134_L_1981_06_017_05_1_PF_01,1981-06-14,Parti communiste français,LEFT_PCF,train,1.2759594,False
EL176_L_1988_06_072_05_1_PF_01,1988-06-05,Rassemblement pour la République;Union pour la démocratie française,RIGHT_URC,test,1.275913,False
EL134_L_1981_06_021_03_1_PF_01,1981-06-14,Parti socialiste,LEFT_PS,train,1.2758858,False
EL136_L_1981_06_070_02_1_PF_04,1981-06-14,Parti communiste français,LEFT_PCF,train,1.2756786,False
EL177_L_1988_06_083_05_1_PF_01,1988-06-05,Centre national des indépendants et paysans;Rassemblement pour la République;Union pour la démocratie française,RIGHT_URC,test,1.2756565,False
EL135_L_1981_06_062_12_1_PF_03,1981-06-14,Union pour la démocratie française;Rassemblement pour la République;Centre des démocrates sociaux;Parti radical-socialiste;Mouvement démocrate socialiste de France;Parti républicain,LEFT_PS,train,1.2755715,False
EL176_L_1988_06_057_02_1_PF_04,1988-06-05,Front national,FAR_RIGHT_FN,train,1.2755401,False
EL196_L_1993_03_077_05_1_PF_02,1993-03-21,Parti communiste français,LEFT_PCF,train,1.2754978,False
EL189_L_1993_03_006_09_2_PF_02,1993-03-28,Rassemblement pour la République;Union pour la démocratie française,RIGHT_UPF,train,1.2754532,False
EL137_L_1981_06_085_02_1_PF_02,1981-06-14,Parti communiste français,LEFT_PCF,train,1.2753791,False
EL134_L_1981_06_025_03_1_PF_02,1981-06-14,Parti communiste français,LEFT_PCF,train,1.2753054,False
EL175_L_1988_06_042_06_1_PF_02,1988-06-05,Front national,FAR_RIGHT_FN,train,1.2752801,False
EL195_L_1993_03_075_05_1_PF_08,1993-03-21,Parti communiste français,LEFT_PCF,train,1.2752731,False
EL137_L_1981_06_076_09_1_PF_02,1981-06-14,Parti communiste français,LEFT_PCF,train,1.2752318,False
EL176_L_1988_06_062_11_1_PF_01,1988-06-05,Parti socialiste,LEFT_PS,train,1.2751557,False
EL175_L_1988_06_035_02_1_PF_05,1988-06-05,Front national,FAR_RIGHT_FN,train,1.2751334,False
EL135_L_1981_06_062_14_2_PF_01,1981-06-21,Parti communiste français;Parti socialiste,LEFT_PCF,train,1.275119,False
EL177_L_1988_06_080_02_1_PF_02,1988-06-05,Parti communiste français,LEFT_PCF,train,1.2750962,False
EL196_L_1993_03_077_02_1_PF_01,1993-03-21,Parti communiste français,LEFT_PCF,train,1.2750545,False
EL194_L_1993_03_066_02_1_PF_06,1993-03-21,Union pour la démocratie française;Rassemblement pour la République,RIGHT_UPF,train,1.2749141,False
EL189_L_1993_03_003_04_1_PF_05,1993-03-21,Front national,FAR_RIGHT_FN,train,1.2748536,False
EL134_L_1981_06_017_01_1_PF_02,1981-06-14,Parti communiste français,LEFT_PCF,train,1.2747054,False
EL177_L_1988_06_075_20_1_PF_05,1988-06-05,Front national,FAR_RIGHT_FN,train,1.2745951,False
EL177_L_1988_06_093_10_1_PF_01,1988-06-05,Parti communiste français,LEFT_PCF,test,1.2745435,False
EL190_L_1993_03_023_01_2_PF_01,1993-03-28,Rassemblement pour la République;Union pour la démocratie française,RIGHT_UPF,test,1.2745183,False
EL176_L_1988_06_069_11_1_PF_03,1988-06-05,Union pour la démocratie française;Centre des démocrates sociaux,RIGHT_UDF,train,1.2745088,False
EL135_L_1981_06_062_14_1_PF_03,1981-06-14,radicaux-écologistes,ECO,test,1.2744727,False
EL189_L_1993_03_014_03_1_PF_04,1993-03-21,Rassemblement pour la République;Union pour la démocratie française,RIGHT_UPF,train,1.2743073,False
EL197_L_1993_03_086_01_1_PF_08,1993-03-21,Front national,FAR_RIGHT_FN,test,1.2742445,False
EL192_L_1993_03_047_03_1_PF_02,1993-03-21,Parti communiste français,LEFT_PCF,train,1.2742139,False
EL137_L_1981_06_091_01_1_PF_07,1981-06-14,Parti libéral;Rassemblement pour la République;Union pour la démocratie française,RIGHT_UNM,train,1.2741777,False
EL191_L_1993_03_043_01_1_PF_02,1993-03-21,socialiste,LEFT_PS,test,1.2741036,False
EL174_L_1988_06_018_03_1_PF_04,1988-06-05,Front national,FAR_RIGHT_FN,train,1.2741021,False
EL175_L_1988_06_030_01_1_PF_04,1988-06-05,Front national,FAR_RIGHT_FN,train,1.2736893,False
EL134_L_1981_06_028_02_1_PF_03,1981-06-14,Parti socialiste,LEFT_PS,train,1.2736797,False
EL174_L_1988_06_002_02_1_PF_05,1988-06-05,Front national,FAR_RIGHT_FN,train,1.2736026,False
EL174_L_1988_06_026_03_1_PF_01,1988-06-05,Parti communiste français,LEFT_PCF,train,1.2734444,False
EL196_L_1993_03_080_03_1_PF_02,1993-03-21,Front national,FAR_RIGHT_FN,train,1.2733818,False
EL191_L_1993_03_035_01_1_PF_04,1993-03-21,Parti socialiste,LEFT_PS,train,1.2733756,False
EL174_L_1988_06_016_04_1_PF_02,1988-06-05,Parti communiste français,LEFT_PCF,train,1.273299,False
EL175_L_1988_06_047_03_1_PF_04,1988-06-05,Union pour la démocratie française;Rassemblement pour la République;Centre national des indépendants et paysans,RIGHT_URC,train,1.272949,False
EL137_L_1981_06_094_02_2_PF_02,1981-06-21,Rassemblement pour la République;Union pour la démocratie française,RIGHT_UNM,train,1.272761,False
EL195_L_1993_03_075_01_1_PF_03,1993-03-21,Parti socialiste;Mouvement des radicaux de gauche,LEFT_PS,test,1.272717,False
EL194_L_1993_03_068_02_1_PF_05,1993-03-21,Front national,FAR_RIGHT_FN,train,1.2727,False
EL192_L_1993_03_044_07_1_PF_07,1993-03-21,Union démocratique bretonne;Solidarité écologie gauche alternative,ECO,train,1.2726364,False
EL189_L_1993_03_008_01_1_PF_04,1993-03-21,Union pour la démocratie française;Rassemblement pour la République,RIGHT_UPF,test,1.2726101,False
EL192_L_1993_03_051_06_1_PF_06,1993-03-21,Parti socialiste,LEFT_PS,train,1.2724489,False
EL137_L_1981_06_076_05_2_PF_01,1981-06-21,Parti socialiste;Parti communiste français;Parti socialiste unifié,LEFT_PCF,train,1.2723849,False
EL176_L_1988_06_059_18_1_PF_04,1988-06-05,Parti communiste français,LEFT_PCF,train,1.2723815,False
EL135_L_1981_06_065_01_1_PF_01,1981-06-14,Parti socialiste;Mouvement des radicaux de gauche,LEFT_PS,train,1.2723664,False
EL177_L_1988_06_078_01_1_PF_03,1988-06-05,Parti communiste français,LEFT_PCF,test,1.2723395,False
EL189_L_1993_03_010_02_1_PF_03,1993-03-21,Parti communiste français,LEFT_PCF,test,1.2721905,False
EL177_L_1988_06_085_03_1_PF_04,1988-06-05,Parti communiste français,LEFT_PCF,train,1.2721465,False
EL177_L_1988_06_076_03_1_PF_05,1988-06-05,Front national,FAR_RIGHT_FN,train,1.2720678,False
EL137_L_1981_06_091_04_1_PF_01,1981-06-14,Union pour la démocratie française,RIGHT_UDF,train,1.2719816,False
EL189_L_1993_03_013_13_1_PF_06,1993-03-21,Parti communiste français,LEFT_PCF,train,1.2718531,False
EL175_L_1988_06_031_07_1_PF_01,1988-06-05,Parti communiste français,LEFT_PCF,train,1.2717129,False
EL135_L_1981_06_060_03_1_PF_02,1981-06-14,Parti socialiste unifié,LEFT_PS,train,1.2716172,False
EL197_L_1993_03_085_03_1_PF_04,1993-03-21,Front national,FAR_RIGHT_FN,train,1.2715887,False
EL176_L_1988_06_066_03_1_PF_03,1988-06-05,Parti socialiste,LEFT_PS,train,1.2713912,False
EL191_L_1993_03_033_05_1_PF_01,1993-03-21,Rassemblement pour la République;Union pour la démocratie française;Centre national des indépendants,RIGHT_UPF,test,1.2713797,False
EL134_L_1981_06_003_03_1_PF_02,1981-06-14,Parti socialiste,LEFT_PS,train,1.2713696,False
EL195_L_1993_03_073_03_2_PF_01,1993-03-28,Rassemblement pour la République;Union pour la démocratie française;indépendants,RIGHT_UPF,train,1.271272,False
EL198_L_1993_03_095_04_1_PF_07,1993-03-21,Front national,FAR_RIGHT_FN,train,1.2711912,False
EL194_L_1993_03_068_05_1_PF_09,1993-03-21,Parti communiste français,LEFT_PCF,test,1.2711854,False
EL193_L_1993_03_062_03_1_PF_03,1993-03-21,Front national,FAR_RIGHT_FN,test,1.2711847,False
EL135_L_1981_06_054_06_1_PF_03,1981-06-14,Parti socialiste,LEFT_PS,train,1.2711563,False
EL175_L_1988_06_029_08_1_PF_03,1988-06-05,Front national,FAR_RIGHT_FN,train,1.2711356,False
EL135_L_1981_06_055_01_2_PF_02,1981-06-21,Union pour la démocratie française;Rassemblement pour la République,RIGHT_UNM,train,1.2711354,False
EL198_L_1993_03_093_13_1_PF_06,1993-03-21,Rassemblement pour la République;Union pour la démocratie française,RIGHT_UPF,train,1.271068,False
EL174_L_1988_06_013_04_1_PF_05,1988-06-05,Front national,FAR_RIGHT_FN,train,1.2710233,False
EL196_L_1993_03_077_04_1_PF_03,1993-03-21,Parti socialiste,LEFT_PS,train,1.2710094,False
EL196_L_1993_03_078_10_1_PF_01,1993-03-21,Rassemblement pour la République;Union pour la démocratie française,RIGHT_UPF,train,1.270963,False
EL189_L_1993_03_002_05_1_PF_03,1993-03-21,Parti communiste français,LEFT_PCF,train,1.2708204,False
EL198_L_1993_03_092_12_1_PF_05,1993-03-21,Rassemblement pour la République;Union pour la démocratie française,RIGHT_UPF,test,1.2706422,False
EL195_L_1993_03_075_08_1_PF_03,1993-03-21,Parti socialiste;Mouvement des radicaux de gauche,LEFT_PS,train,1.2705041,False
EL136_L_1981_06_075_16_1_PF_03,1981-06-14,Union pour la démocratie française,RIGHT_UDF,train,1.2704892,False
EL174_L_1988_06_02A_01_1_PF_03,1988-06-05,Front national,FAR_RIGHT_FN,train,1.2704508,False
EL189_L_1993_03_013_06_1_PF_05,1993-03-21,Parti socialiste,LEFT_PS,test,1.2704086,False
EL176_L_1988_06_059_05_1_PF_04,1988-06-05,Rassemblement pour la République;Union pour la démocratie française,RIGHT_URC,train,1.270058,False
EL192_L_1993_03_049_01_2_PF_02,1993-03-28,Parti socialiste,LEFT_PS,train,1.2700195,False
EL134_L_1981_06_017_01_1_PF_01,1981-06-14,Parti socialiste unifié,LEFT_PS,train,1.2700093,False
EL196_L_1993_03_076_01_1_PF_08,1993-03-21,Union pour la démocratie française;Centre national des indépendants,RIGHT_UDF,train,1.2698424,False
EL196_L_1993_03_076_06_1_PF_02,1993-03-21,Parti socialiste,LEFT_PS,train,1.269556,False
EL135_L_1981_06_062_11_2_PF_01,1981-06-21,Parti socialiste,LEFT_PS,train,1.26942,False
EL192_L_1993_03_050_05_1_PF_04,1993-03-21,Verts;Génération écologie,ECO,train,1.2693971,False
EL189_L_1993_03_011_03_2_PF_01,1993-03-28,Rassemblement pour la République;Union pour la démocratie française,RIGHT_UPF,test,1.2693337,False
EL175_L_1988_06_036_02_1_PF_04,1988-06-05,Front national,FAR_RIGHT_FN,train,1.2692734,False
EL177_L_1988_06_088_02_1_PF_03,1988-06-05,Rassemblement pour la République;Union pour la démocratie française,RIGHT_URC,train,1.2691628,False
EL137_L_1981_06_076_10_1_PF_02,1981-06-14,Parti socialiste,LEFT_PS,test,1.2690178,False
EL190_L_1993_03_018_01_1_PF_06,1993-03-21,Front national,FAR_RIGHT_FN,train,1.2690125,False
EL189_L_1993_03_001_04_1_PF_02,1993-03-21,Parti communiste français,LEFT_PCF,train,1.2689201,False
EL174_L_1988_06_018_02_1_PF_05,1988-06-05,Front national,FAR_RIGHT_FN,train,1.2687052,False
EL177_L_1988_06_093_08_2_PF_01,1988-06-12,socialiste,LEFT_PS,train,1.2686654,False
EL136_L_1981_06_071_05_2_PF_01,1981-06-21,Parti socialiste;Parti communiste français;Mouvement des radicaux de gauche,LEFT_PCF,train,1.2686574,False
EL136_L_1981_06_072_05_1_PF_03,1981-06-14,Parti socialiste,LEFT_PS,train,1.2686552,False
EL196_L_1993_03_076_07_1_PF_01,1993-03-21,Génération écologie;Verts,ECO,train,1.2684387,False
EL135_L_1981_06_036_01_1_PF_03,1981-06-14,Parti socialiste,LEFT_PS,train,1.2682998,False
EL176_L_1988_06_072_01_1_PF_03,1988-06-05,Parti communiste français,LEFT_PCF,train,1.2682952,False
EL177_L_1988_06_093_10_2_PF_02,1988-06-12,Parti socialiste;Mouvement des radicaux de gauche;Mouvement des gaullistes populaires,LEFT_PS,train,1.2682654,False
EL174_L_1988_06_02A_01_1_PF_05,1988-06-05,Rassemblement pour la République;Union pour la démocratie française;Centre national des indépendants et paysans;Comité central bonapartiste,RIGHT_URC,test,1.2682086,False
EL189_L_1993_03_013_05_1_PF_03,1993-03-21,Rassemblement pour la République;Union pour la démocratie française,RIGHT_UPF,train,1.2681656,False
EL196_L_1993_03_081_01_1_PF_07,1993-03-21,Front national,FAR_RIGHT_FN,train,1.268025,False
EL175_L_1988_06_039_03_1_PF_04,1988-06-05,Front national,FAR_RIGHT_FN,train,1.2680211,False
EL192_L_1993_03_052_02_1_PF_04,1993-03-21,Parti communiste français,LEFT_PCF,test,1.2679584,False
EL191_L_1993_03_038_03_1_PF_04,1993-03-21,Parti communiste français,LEFT_PCF,test,1.2679267,False
EL189_L_1993_03_013_06_2_PF_01,1993-03-28,Union pour la démocratie française;Rassemblement pour la République,RIGHT_UPF,train,1.2675973,False
EL137_L_1981_06_076_09_1_PF_07,1981-06-14,Union pour la démocratie française,RIGHT_UDF,train,1.2675941,False
EL137_L_1981_06_076_07_1_PF_04,1981-06-14,Parti socialiste,LEFT_PS,test,1.2675607,False
EL135_L_1981_06_061_03_2_PF_02,1981-06-21,Union pour la démocratie française;Rassemblement pour la République,RIGHT_UNM,train,1.2675332,False
EL196_L_1993_03_078_09_2_PF_01,1993-03-28,Union pour la démocratie française;Rassemblement pour la République,RIGHT_UPF,train,1.2675201,False
EL135_L_1981_06_059_21_1_PF_02,1981-06-14,Parti communiste français,LEFT_PCF,test,1.2675185,False
EL176_L_1988_06_069_11_1_PF_01,1988-06-05,Parti communiste français,LEFT_PCF,train,1.2671508,False
EL174_L_1988_06_028_02_1_PF_05,1988-06-05,Parti communiste français,LEFT_PCF,train,1.2670838,False
EL194_L_1993_03_068_05_2_PF_03,1993-03-28,Union pour la démocratie française;Rassemblement pour la République,RIGHT_UPF,test,1.2669126,False
EL193_L_1993_03_059_16_1_PF_02,1993-03-21,Parti socialiste,LEFT_PS,train,1.2665002,False
EL137_L_1981_06_094_02_1_PF_06,1981-06-14,Mouvement socialiste-démocrate européen,LEFT_PS,train,1.2663878,False
EL174_L_1988_06_017_04_1_PF_03,1988-06-05,Rassemblement pour la République;Union pour la démocratie française,RIGHT_URC,test,1.2663788,False
EL177_L_1988_06_095_02_1_PF_03,1988-06-05,Parti communiste français,LEFT_PCF,train,1.2663089,False
EL174_L_1988_06_025_01_2_PF_02,1988-06-12,Rassemblement pour la République,RIGHT_RPR,train,1.266227,False
EL137_L_1981_06_094_08_2_PF_02,1981-06-21,Parti socialiste;Mouvement des radicaux de gauche;Parti socialiste unifié;Parti communiste français,LEFT_PCF,train,1.2662205,False
EL175_L_1988_06_040_02_1_PF_03,1988-06-05,Rassemblement pour la République;Union pour la démocratie française,RIGHT_URC,train,1.2662133,False
EL175_L_1988_06_049_06_1_PF_06,1988-06-05,Front national,FAR_RIGHT_FN,train,1.2660354,False
EL195_L_1993_03_072_02_1_PF_07,1993-03-21,Rassemblement pour la République,RIGHT_RPR,test,1.2657009,False
EL194_L_1993_03_065_03_2_PF_02,1993-03-28,Union pour la démocratie française;Rassemblement pour la République,RIGHT_UPF,train,1.2656791,False
EL175_L_1988_06_035_04_1_PF_04,1988-06-05,Front national,FAR_RIGHT_FN,train,1.2655507,False
EL196_L_1993_03_080_01_1_PF_03,1993-03-21,Front national,FAR_RIGHT_FN,train,1.2655414,False
EL135_L_1981_06_060_03_1_PF_05,1981-06-14,Rassemblement pour la République,RIGHT_RPR,train,1.2652547,False
EL137_L_1981_06_091_01_1_PF_02,1981-06-14,Mouvement des radicaux de gauche;Rassemblement des radicaux de gauche de l'Essonne,LEFT_PS,train,1.2652454,False
EL177_L_1988_06_095_01_1_PF_02,1988-06-05,Rassemblement pour la République;Union pour la démocratie française,RIGHT_URC,test,1.2650796,False
EL137_L_1981_06_092_09_2_PF_01,1981-06-21,Centre national des indépendants;Rassemblement pour la République;Union pour la démocratie française;Centre des démocrates sociaux;Parti républicain;Parti radical;Mouvement des démocrates socialistes,LEFT_PS,train,1.2650344,False
EL196_L_1993_03_077_08_1_PF_10,1993-03-21,Front national,FAR_RIGHT_FN,train,1.264962,False
EL175_L_1988_06_052_01_1_PF_03,1988-06-05,Parti communiste français,LEFT_PCF,train,1.2648796,False
EL190_L_1993_03_017_04_1_PF_04,1993-03-21,Rassemblement pour la République;Union pour la démocratie française,RIGHT_UPF,train,1.2648766,False
EL197_L_1993_03_091_01_1_PF_08,1993-03-21,Responsabilités partagées;Alliance pour l'écologie et la démocratie,ECO,train,1.2648321,False
EL177_L_1988_06_089_03_1_PF_04,1988-06-05,Parti communiste français,LEFT_PCF,test,1.2645823,False
EL174_L_1988_06_014_03_1_PF_01,1988-06-05,Front national,FAR_RIGHT_FN,train,1.2645714,False
EL196_L_1993_03_078_07_1_PF_01,1993-03-21,Union pour la démocratie française;Rassemblement pour la République,RIGHT_UPF,train,1.2644613,False
EL176_L_1988_06_057_09_1_PF_05,1988-06-05,Front national,FAR_RIGHT_FN,test,1.264407,False
EL135_L_1981_06_061_02_1_PF_02,1981-06-14,Parti socialiste,LEFT_PS,train,1.2642862,False
EL175_L_1988_06_038_04_1_PF_05,1988-06-05,Front national,FAR_RIGHT_FN,train,1.2641579,False
EL135_L_1981_06_044_08_1_PF_04,1981-06-14,Socialiste,LEFT_PS,test,1.2641253,False
EL134_L_1981_06_031_02_1_PF_03,1981-06-14,Parti communiste français,LEFT_PCF,train,1.2640109,False
EL194_L_1993_03_067_04_2_PF_01,1993-03-28,Union pour la démocratie française;Rassemblement pour la République,RIGHT_UPF,test,1.2639493,False
EL134_L_1981_06_035_02_1_PF_05,1981-06-14,Ligue communiste révolutionnaire,FAR_LEFT,train,1.2637267,False
EL190_L_1993_03_027_01_1_PF_02,1993-03-21,Parti socialiste;Mouvement des radicaux de gauche,LEFT_PS,test,1.2637213,False
EL196_L_1993_03_077_09_1_PF_03,1993-03-21,Parti communiste français,LEFT_PCF,train,1.263653,False
EL134_L_1981_06_028_02_2_PF_01,1981-06-21,Parti socialiste;Mouvement des radicaux de gauche;Parti communiste français;Ligue communiste révolutionnaire,LEFT_PCF,train,1.2636374,False
EL177_L_1988_06_076_02_1_PF_03,1988-06-05,Rassemblement pour la République;Union pour la démocratie française,RIGHT_URC,train,1.2635864,False
EL197_L_1993_03_085_02_1_PF_03,1993-03-21,Parti communiste français,LEFT_PCF,train,1.2632508,False
EL189_L_1993_03_014_05_1_PF_06,1993-03-21,En Calvados l'écologie n'est pas à vendre,ECO,train,1.2632148,False
EL177_L_1988_06_078_04_1_PF_01,1988-06-05,Rassemblement pour la République;Union pour la démocratie française,RIGHT_URC,train,1.2631747,False
EL193_L_1993_03_061_03_1_PF_07,1993-03-21,Verts;Génération écologie,ECO,train,1.2631704,False
EL177_L_1988_06_093_10_1_PF_04,1988-06-05,Front national,FAR_RIGHT_FN,train,1.2630478,False
EL176_L_1988_06_063_01_1_PF_03,1988-06-05,Parti socialiste,LEFT_PS,test,1.2629801,False
EL190_L_1993_03_022_05_1_PF_07,1993-03-21,Alternative rouge et verte;Solidarité écologie gauche alternative,ECO,train,1.2629226,False
EL190_L_1993_03_019_03_1_PF_05,1993-03-21,Parti communiste français,LEFT_PCF,test,1.2627097,False
EL174_L_1988_06_014_05_1_PF_02,1988-06-05,Centre national des indépendants et paysans;Union pour la démocratie française;Rassemblement pour la République,RIGHT_URC,train,1.262691,False
EL198_L_1993_03_095_08_1_PF_10,1993-03-21,Rassemblement pour la République;Union pour la démocratie française,RIGHT_UPF,train,1.2624683,False
EL177_L_1988_06_078_05_2_PF_01,1988-06-12,Rassemblement pour la République;Union pour la démocratie française,RIGHT_URC,train,1.2622888,False
EL189_L_1993_03_012_03_1_PF_01,1993-03-21,Ecologie les Verts;Génération écologie,ECO,train,1.2622825,False
EL177_L_1988_06_084_03_2_PF_02,1988-06-12,Parti socialiste,LEFT_PS,train,1.26219,False
EL177_L_1988_06_078_02_1_PF_01,1988-06-05,Rassemblement pour la République;Union pour la démocratie française,RIGHT_URC,train,1.2621036,False
EL193_L_1993_03_063_01_1_PF_04,1993-03-21,Parti socialiste,LEFT_PS,test,1.2621014,False
EL134_L_1981_06_003_01_2_PF_02,1981-06-21,Parti socialiste,LEFT_PS,test,1.2619368,False
EL191_L_1993_03_042_04_1_PF_04,1993-03-21,Parti socialiste,LEFT_PS,train,1.2618773,False
EL174_L_1988_06_022_05_2_PF_02,1988-06-12,Rassemblement pour la République;Union pour la démocratie française,RIGHT_URC,test,1.2618737,False
EL192_L_1993_03_049_06_1_PF_01,1993-03-21,Union pour la démocratie française;Rassemblement pour la République,RIGHT_UPF,train,1.2618204,False
EL174_L_1988_06_019_01_2_PF_01,1988-06-12,Parti socialiste,LEFT_PS,train,1.261803,False
EL198_L_1993_03_092_08_1_PF_03,1993-03-21,Rassemblement pour la République,RIGHT_RPR,train,1.2617306,False
EL177_L_1988_06_091_09_1_PF_04,1988-06-05,Rassemblement pour la République;Union pour la démocratie française,RIGHT_URC,train,1.2616913,False
EL137_L_1981_06_971_02_2_PF_02,1981-06-21,Parti socialiste,LEFT_PS,test,1.2616016,False
EL195_L_1993_03_071_04_2_PF_02,1993-03-28,Rassemblement pour la République;Union pour la démocratie française,RIGHT_UPF,train,1.2615705,False
EL189_L_1993_03_006_08_1_PF_08,1993-03-21,Union pour la démocratie française,RIGHT_UDF,test,1.2614335,False
EL193_L_1993_03_063_06_1_PF_06,1993-03-21,Front national,FAR_RIGHT_FN,test,1.2612725,False
EL195_L_1993_03_075_03_1_PF_01,1993-03-21,Rassemblement pour la République;Union pour la démocratie française,RIGHT_UPF,test,1.2611896,False
EL190_L_1993_03_025_04_1_PF_08,1993-03-21,Nouveaux écologistes du rassemblement nature et animaux,ECO,train,1.2611709,False
EL189_L_1993_03_009_01_1_PF_02,1993-03-21,Rassemblement pour la République;Union pour la démocratie française;Centre national des indépendants,RIGHT_UPF,train,1.2610728,False
EL177_L_1988_06_095_05_1_PF_03,1988-06-05,Rassemblement pour la République;Union pour la démocratie française,RIGHT_URC,train,1.2610723,False
EL189_L_1993_03_006_01_1_PF_04,1993-03-21,Parti communiste français,LEFT_PCF,train,1.2606422,False
EL189_L_1993_03_009_02_1_PF_04,1993-03-21,Parti socialiste;Mouvement des radicaux de gauche,LEFT_PS,train,1.2606243,False
EL177_L_1988_06_078_03_1_PF_03,1988-06-05,Parti communiste français,LEFT_PCF,train,1.260622,False
EL197_L_1993_03_090_01_2_PF_02,1993-03-28,Rassemblement pour la République;Union pour la démocratie française,RIGHT_UPF,test,1.2605512,False
EL136_L_1981_06_072_02_1_PF_03,1981-06-14,Union pour la démocratie française,RIGHT_UDF,test,1.2604903,False
EL177_L_1988_06_075_20_2_PF_02,1988-06-12,Centre national des indépendants et paysans;Rassemblement pour la République;Union pour la démocratie française,RIGHT_URC,train,1.2602116,False
EL189_L_1993_03_006_02_1_PF_01,1993-03-21,Front national,FAR_RIGHT_FN,train,1.2599691,False
EL190_L_1993_03_024_03_1_PF_06,1993-03-21,Union pour la démocratie française;Centre national des indépendants;non inscrits;Rassemblement pour la République,RIGHT_UPF,train,1.2599499,False
EL192_L_1993_03_049_05_1_PF_01,1993-03-21,Parti communiste français,LEFT_PCF,test,1.2598687,False
EL191_L_1993_03_041_01_2_PF_02,1993-03-28,Union pour la démocratie française;Rassemblement pour la République,RIGHT_UPF,train,1.2597977,False
EL135_L_1981_06_059_10_1_PF_04,1981-06-14,Rassemblement pour la République;Union pour la démocratie française;Centre national des indépendants et paysans,RIGHT_UNM,train,1.2596768,False
EL191_L_1993_03_038_07_1_PF_05,1993-03-21,Union pour la démocratie française;Rassemblement pour la République,RIGHT_UPF,train,1.2595096,False
EL177_L_1988_06_079_01_1_PF_02,1988-06-05,Parti socialiste,LEFT_PS,train,1.2592603,False
EL193_L_1993_03_062_07_1_PF_06,1993-03-21,Rassemblement pour la République;Centre national des indépendants,RIGHT_RPR,train,1.2592365,False
EL176_L_1988_06_057_03_2_PF_01,1988-06-12,Parti socialiste,LEFT_PS,train,1.259171,False
EL136_L_1981_06_069_12_2_PF_02,1981-06-21,Rassemblement pour la République;Union pour la démocratie française,RIGHT_UNM,train,1.2591116,False
EL175_L_1988_06_042_05_2_PF_02,1988-06-12,Parti socialiste;Mouvement des radicaux de gauche,LEFT_PS,test,1.2589523,False
EL194_L_1993_03_069_07_2_PF_01,1993-03-28,Union pour la démocratie française;Rassemblement pour la République,RIGHT_UPF,train,1.2588493,False
EL176_L_1988_06_062_06_1_PF_02,1988-06-05,Rassemblement pour la République;Union pour la démocratie française,RIGHT_URC,test,1.2588221,False
EL192_L_1993_03_058_01_2_PF_02,1993-03-28,Rassemblement pour la République;Union pour la démocratie française,RIGHT_UPF,train,1.2587792,False
EL198_L_1993_03_093_05_1_PF_06,1993-03-21,Ligue communiste révolutionnaire,FAR_LEFT,train,1.2585281,False
EL137_L_1981_06_080_02_1_PF_04,1981-06-14,Parti socialiste,LEFT_PS,test,1.2584575,False
EL137_L_1981_06_093_04_1_PF_03,1981-06-14,Parti communiste français,LEFT_PCF,train,1.2583811,False
EL198_L_1993_03_095_09_1_PF_02,1993-03-21,Parti communiste français,LEFT_PCF,test,1.2583077,False
EL137_L_1981_06_084_03_2_PF_01,1981-06-21,Rassemblement pour la République,RIGHT_RPR,train,1.2581239,False
EL134_L_1981_06_032_02_1_PF_04,1981-06-14,Rassemblement pour la République;Union pour la démocratie française;Centre national des indépendants et paysans;Démocratie chrétienne,RIGHT_UNM,train,1.2580619,False
EL190_L_1993_03_018_01_2_PF_01,1993-03-28,Union pour la démocratie française,RIGHT_UDF,train,1.2578129,False
EL177_L_1988_06_091_02_1_PF_05,1988-06-05,Front national,FAR_RIGHT_FN,train,1.2577648,False
EL137_L_1981_06_086_03_1_PF_01,1981-06-14,Parti socialiste,LEFT_PS,train,1.2576892,False
EL195_L_1993_03_075_15_1_PF_06,1993-03-21,Parti communiste français,LEFT_PCF,train,1.2575223,False
EL134_L_1981_06_02B_02_2_PF_01,1981-06-21,Mouvement des radicaux de gauche,LEFT_PS,test,1.2573295,False
EL198_L_1993_03_093_08_1_PF_06,1993-03-21,Parti socialiste;Mouvement des radicaux de gauche,LEFT_PS,train,1.2572278,False
EL134_L_1981_06_002_02_1_PF_04,1981-06-14,Rassemblement pour la République,RIGHT_RPR,train,1.2572116,False
EL191_L_1993_03_037_04_2_PF_02,1993-03-28,socialistes,LEFT_PS,train,1.2571539,False
EL189_L_1993_03_010_01_1_PF_08,1993-03-21,Parti socialiste,LEFT_PS,train,1.2570196,False
EL135_L_1981_06_047_02_1_PF_03,1981-06-14,Parti socialiste,LEFT_PS,train,1.2569839,False
EL134_L_1981_06_030_02_1_PF_03,1981-06-14,Parti socialiste;Mouvement des radicaux de gauche,LEFT_PS,train,1.2569093,False
EL176_L_1988_06_062_02_1_PF_02,1988-06-05,Union pour la démocratie française;Rassemblement pour la République,RIGHT_URC,train,1.2567393,False
EL176_L_1988_06_071_04_1_PF_04,1988-06-05,Front national,FAR_RIGHT_FN,test,1.2567286,False
EL137_L_1981_06_077_02_1_PF_02,1981-06-14,Parti socialiste,LEFT_PS,train,1.2565513,False
EL195_L_1993_03_075_12_1_PF_01,1993-03-21,Parti socialiste;Mouvement des radicaux de gauche,LEFT_PS,train,1.2564063,False
EL189_L_1993_03_013_06_1_PF_04,1993-03-21,Union pour la démocratie française;Rassemblement pour la République,RIGHT_UPF,train,1.2563909,False
EL135_L_1981_06_060_02_1_PF_02,1981-06-14,Parti socialiste unifié,LEFT_PS,train,1.2563637,False
EL190_L_1993_03_030_02_1_PF_01,1993-03-21,Parti communiste français,LEFT_PCF,test,1.2561535,False
EL190_L_1993_03_022_05_2_PF_01,1993-03-28,Union pour la démocratie française;Rassemblement pour la République,RIGHT_UPF,train,1.2561175,False
EL192_L_1993_03_046_01_1_PF_01,1993-03-21,Parti communiste français,LEFT_PCF,train,1.2559464,False
EL190_L_1993_03_021_04_1_PF_07,1993-03-21,Front national,FAR_RIGHT_FN,test,1.2559273,False
EL135_L_1981_06_059_08_1_PF_02,1981-06-14,Lutte ouvrière,FAR_LEFT,train,1.2558845,False
EL177_L_1988_06_092_03_1_PF_01,1988-06-05,Front national,FAR_RIGHT_FN,train,1.255872,False
EL136_L_1981_06_075_02_1_PF_05,1981-06-14,Union pour la démocratie française;Rassemblement pour la République,RIGHT_UNM,test,1.2557881,False
EL177_L_1988_06_080_02_1_PF_05,1988-06-05,Parti socialiste,LEFT_PS,train,1.2557544,False
EL175_L_1988_06_054_06_2_PF_02,1988-06-12,Parti socialiste,LEFT_PS,train,1.2557259,False
EL191_L_1993_03_038_09_1_PF_08,1993-03-21,Verts,ECO,train,1.25554,False
EL136_L_1981_06_069_11_2_PF_01,1981-06-21,Parti socialiste,LEFT_PS,test,1.2555301,False
EL175_L_1988_06_044_05_1_PF_04,1988-06-05,Rassemblement pour la République,RIGHT_RPR,train,1.2555254,False
EL175_L_1988_06_031_04_1_PF_04,1988-06-05,Front national,FAR_RIGHT_FN,train,1.2553675,False
EL195_L_1993_03_075_02_1_PF_04,1993-03-21,Parti socialiste;Mouvement des radicaux de gauche,LEFT_PS,train,1.2553313,False
EL177_L_1988_06_084_03_1_PF_02,1988-06-05,Parti communiste français,LEFT_PCF,train,1.2552356,False
EL137_L_1981_06_076_03_1_PF_09,1981-06-14,Union pour la démocratie française,RIGHT_UDF,train,1.2552071,False
EL190_L_1993_03_026_04_2_PF_01,1993-03-28,Union pour la démocratie française;Rassemblement pour la République,RIGHT_UPF,train,1.2551612,False
EL175_L_1988_06_049_01_1_PF_01,1988-06-05,Parti communiste français,LEFT_PCF,train,1.2549758,False
EL195_L_1993_03_071_04_1_PF_02,1993-03-21,Parti communiste français,LEFT_PCF,train,1.2549025,False
EL134_L_1981_06_002_02_1_PF_01,1981-06-14,Front national,FAR_RIGHT_FN,train,1.2548505,False
EL175_L_1988_06_042_03_1_PF_01,1988-06-05,Rassemblement pour la République;Union pour la démocratie française,RIGHT_URC,train,1.2547181,False
EL190_L_1993_03_030_05_1_PF_02,1993-03-21,Parti communiste français,LEFT_PCF,train,1.2547154,False
EL174_L_1988_06_025_04_2_PF_02,1988-06-12,Union pour la démocratie française;Centre des démocrates sociaux,RIGHT_UDF,train,1.2547042,False
EL175_L_1988_06_045_02_1_PF_01,1988-06-05,Union pour la démocratie française;Rassemblement pour la République;Parti radical;Centre national des indépendants et paysans;Centre des démocrates sociaux;Parti républicain,RIGHT_URC,test,1.2545509,False
EL198_L_1993_03_092_08_2_PF_01,1993-03-28,Rassemblement pour la République;Union pour la démocratie française,RIGHT_UPF,train,1.254548,False
EL135_L_1981_06_047_03_2_PF_01,1981-06-21,Socialiste,LEFT_PS,test,1.2545283,False
EL176_L_1988_06_062_05_1_PF_03,1988-06-05,Front national,FAR_RIGHT_FN,train,1.2544696,False
EL177_L_1988_06_085_01_1_PF_01,1988-06-05,Parti communiste français,LEFT_PCF,train,1.2544264,False
EL175_L_1988_06_049_02_1_PF_01,1988-06-05,Parti communiste français,LEFT_PCF,train,1.254421,False
EL191_L_1993_03_032_01_1_PF_07,1993-03-21,Front national,FAR_RIGHT_FN,test,1.2543919,False
EL193_L_1993_03_062_01_1_PF_04,1993-03-21,Front national,FAR_RIGHT_FN,test,1.2541574,False
EL135_L_1981_06_042_06_1_PF_01,1981-06-14,Parti communiste français,LEFT_PCF,train,1.2539499,False
EL135_L_1981_06_039_01_2_PF_01,1981-06-21,Socialiste,LEFT_PS,train,1.2539194,False
EL189_L_1993_03_002_02_1_PF_04,1993-03-21,Parti socialiste,LEFT_PS,train,1.2538922,False
EL177_L_1988_06_078_11_1_PF_04,1988-06-05,Parti communiste français,LEFT_PCF,test,1.2536155,False
EL192_L_1993_03_058_01_1_PF_08,1993-03-21,Nouveaux écologistes du rassemblement nature et animaux;Union nationale écologiste;Parti pour la défense des animaux;Mouvement universaliste,ECO,train,1.253557,False
EL135_L_1981_06_059_10_2_PF_02,1981-06-21,Rassemblement pour la République;Union pour la démocratie française;Centre national des indépendants et paysans,RIGHT_UNM,train,1.253524,False
EL174_L_1988_06_025_01_1_PF_01,1988-06-05,Parti communiste français,LEFT_PCF,train,1.253487,False
EL177_L_1988_06_078_10_1_PF_01,1988-06-05,Rassemblement pour la République;Union pour la démocratie française,RIGHT_URC,train,1.2534149,False
EL198_L_1993_03_094_03_1_PF_10,1993-03-21,Parti socialiste;Mouvement des radicaux de gauche,LEFT_PS,train,1.2533432,False
EL198_L_1993_03_095_01_1_PF_09,1993-03-21,Front national,FAR_RIGHT_FN,train,1.2532462,False
EL189_L_1993_03_003_01_2_PF_01,1993-03-28,Rassemblement pour la République;divers droite,RIGHT_RPR,test,1.2531158,False
EL177_L_1988_06_075_19_2_PF_02,1988-06-12,Rassemblement pour la République;Union pour la démocratie française,RIGHT_URC,train,1.2530935,False
EL195_L_1993_03_074_02_2_PF_02,1993-03-28,Front national,FAR_RIGHT_FN,train,1.2530873,False
EL177_L_1988_06_075_09_1_PF_02,1988-06-05,Front national,FAR_RIGHT_FN,test,1.2529709,False
EL137_L_1981_06_089_03_1_PF_05,1981-06-14,Parti socialiste unifié,LEFT_PS,test,1.2528132,False
EL134_L_1981_06_02B_02_1_PF_03,1981-06-14,Rassemblement pour la République;Union pour la démocratie française;Centre national des indépendants,RIGHT_UNM,train,1.2523708,False
EL192_L_1993_03_054_02_1_PF_02,1993-03-21,Verts;Génération écologie,ECO,train,1.2523516,False
EL190_L_1993_03_029_01_1_PF_05,1993-03-21,Rassemblement pour la République;Union pour la démocratie française,RIGHT_UPF,train,1.2522702,False
EL136_L_1981_06_069_06_1_PF_01,1981-06-14,Lutte ouvrière,FAR_LEFT,train,1.2522167,False
EL174_L_1988_06_018_02_1_PF_02,1988-06-05,socialiste,LEFT_PS,train,1.2521174,False
EL135_L_1981_06_063_05_2_PF_01,1981-06-21,Parti socialiste;Parti communiste français,LEFT_PCF,train,1.2520816,False
EL177_L_1988_06_087_01_2_PF_02,1988-06-12,Centre national des indépendants et paysans;Rassemblement pour la République;Union pour la démocratie française;Mouvement solidarité participation,RIGHT_URC,train,1.2520181,False
EL177_L_1988_06_091_04_1_PF_01,1988-06-05,Parti communiste français,LEFT_PCF,train,1.2516583,False
EL192_L_1993_03_052_02_1_PF_03,1993-03-21,Rassemblement pour la République,RIGHT_RPR,train,1.2515079,False
EL134_L_1981_06_026_03_1_PF_02,1981-06-14,Parti socialiste,LEFT_PS,train,1.2514681,False
EL176_L_1988_06_073_02_1_PF_03,1988-06-05,Parti communiste français,LEFT_PCF,train,1.2512128,False
EL196_L_1993_03_077_08_1_PF_03,1993-03-21,Parti communiste français,LEFT_PCF,train,1.2512072,False
EL191_L_1993_03_033_08_2_PF_01,1993-03-28,Union pour la démocratie française;Rassemblement pour la République,RIGHT_UPF,train,1.2512041,False
EL191_L_1993_03_033_08_1_PF_06,1993-03-21,Union pour la démocratie française;Rassemblement pour la République,RIGHT_UPF,train,1.2512041,False
EL198_L_1993_03_094_05_1_PF_02,1993-03-21,Rassemblement pour la République;Union pour la démocratie française,RIGHT_UPF,train,1.2511085,False
EL196_L_1993_03_078_03_1_PF_06,1993-03-21,Rassemblement pour la République,RIGHT_RPR,test,1.2510512,False
EL137_L_1981_06_087_03_1_PF_02,1981-06-14,écologiste;Parti socialiste unifié,LEFT_PS,train,1.2508837,False
EL175_L_1988_06_048_01_1_PF_01,1988-06-05,Parti communiste français,LEFT_PCF,train,1.2508537,False
EL195_L_1993_03_075_17_2_PF_01,1993-03-28,Parti socialiste,LEFT_PS,train,1.250805,False
EL134_L_1981_06_006_04_1_PF_02,1981-06-14,Parti socialiste,LEFT_PS,train,1.2507507,False
EL175_L_1988_06_038_07_1_PF_01,1988-06-05,Front national,FAR_RIGHT_FN,train,1.2507303,False
EL137_L_1981_06_093_08_1_PF_06,1981-06-14,Mouvement des radicaux de gauche,LEFT_PS,train,1.2507049,False
EL135_L_1981_06_060_03_2_PF_01,1981-06-21,Parti socialiste;Parti communiste français,LEFT_PCF,train,1.2506596,False
EL177_L_1988_06_077_07_2_PF_02,1988-06-12,Parti socialiste,LEFT_PS,train,1.250505,False
EL189_L_1993_03_006_06_1_PF_08,1993-03-21,Verts associatifs,ECO,train,1.2504078,False
EL176_L_1988_06_062_13_1_PF_05,1988-06-05,Rassemblement pour la République;Union pour la démocratie française,RIGHT_URC,train,1.2503484,False
EL177_L_1988_06_085_01_1_PF_03,1988-06-05,Parti socialiste,LEFT_PS,train,1.2502466,False
EL191_L_1993_03_038_02_1_PF_05,1993-03-21,Alliance pour l'écologie et la démocratie,ECO,train,1.2501614,False
EL198_L_1993_03_093_12_1_PF_11,1993-03-21,Alliance pour l'écologie et la démocratie,ECO,train,1.2501608,False
EL191_L_1993_03_035_03_2_PF_01,1993-03-28,Union pour la démocratie française;Rassemblement pour la République,RIGHT_UPF,train,1.2499751,False
EL175_L_1988_06_047_02_2_PF_02,1988-06-12,Union pour la démocratie française;Rassemblement pour la République;Centre national des indépendants et paysans,RIGHT_URC,train,1.2499306,False
EL175_L_1988_06_035_06_1_PF_04,1988-06-05,Front national,FAR_RIGHT_FN,train,1.2498479,False
EL137_L_1981_06_084_03_1_PF_03,1981-06-14,Parti socialiste,LEFT_PS,train,1.2498187,False
EL192_L_1993_03_047_03_2_PF_02,1993-03-28,Rassemblement pour la République;Union pour la démocratie française,RIGHT_UPF,train,1.2497237,False
EL194_L_1993_03_069_08_1_PF_02,1993-03-21,Génération écologie;Verts,ECO,train,1.2496623,False
EL137_L_1981_06_086_03_2_PF_01,1981-06-21,Parti socialiste,LEFT_PS,test,1.2496246,False
EL174_L_1988_06_022_01_1_PF_04,1988-06-05,Parti communiste français,LEFT_PCF,train,1.249573,False
EL135_L_1981_06_062_12_1_PF_01,1981-06-14,Parti communiste français,LEFT_PCF,test,1.2495207,False
EL198_L_1993_03_095_07_1_PF_07,1993-03-21,Union pour la démocratie française,RIGHT_UDF,train,1.2494038,False
EL190_L_1993_03_02A_01_1_PF_09,1993-03-21,Nouveaux écologistes du rassemblement nature et animaux,ECO,test,1.2492845,False
EL134_L_1981_06_014_05_1_PF_03,1981-06-14,Parti socialiste,LEFT_PS,train,1.2491821,False
EL191_L_1993_03_037_04_1_PF_08,1993-03-21,Parti communiste français,LEFT_PCF,test,1.2491485,False
EL174_L_1988_06_024_03_1_PF_02,1988-06-05,Parti communiste français,LEFT_PCF,train,1.2490171,False
EL191_L_1993_03_043_01_1_PF_07,1993-03-21,Front national,FAR_RIGHT_FN,test,1.2490023,False
EL137_L_1981_06_091_04_2_PF_01,1981-06-21,Parti socialiste,LEFT_PS,train,1.2489268,False
EL177_L_1988_06_078_08_2_PF_02,1988-06-12,Rassemblement pour la République;Union pour la démocratie française,RIGHT_URC,train,1.2488952,False
EL134_L_1981_06_033_02_1_PF_04,1981-06-14,Parti communiste français,LEFT_PCF,test,1.2488892,False
EL175_L_1988_06_037_05_2_PF_01,1988-06-12,Rassemblement pour la République;Union pour la démocratie française,RIGHT_URC,train,1.248884,False
EL134_L_1981_06_028_03_1_PF_03,1981-06-14,Parti socialiste,LEFT_PS,train,1.2486085,False
EL194_L_1993_03_067_09_1_PF_05,1993-03-21,Parti communiste français,LEFT_PCF,test,1.2484716,False
EL176_L_1988_06_060_06_1_PF_04,1988-06-05,Front national,FAR_RIGHT_FN,train,1.2484714,False
EL190_L_1993_03_016_04_1_PF_05,1993-03-21,Union pour la démocratie française;Centre des démocrates sociaux,RIGHT_UDF,test,1.2484559,False
EL134_L_1981_06_030_01_1_PF_04,1981-06-14,écologiste indépendant,ECO,train,1.2484418,False
EL135_L_1981_06_062_04_1_PF_04,1981-06-14,Union pour la démocratie française,RIGHT_UDF,train,1.2481399,False
EL198_L_1993_03_093_07_1_PF_06,1993-03-21,Parti socialiste,LEFT_PS,train,1.2480532,False
EL177_L_1988_06_084_01_2_PF_02,1988-06-12,Rassemblement pour la République;Union pour la démocratie française,RIGHT_URC,train,1.2478849,False
EL177_L_1988_06_095_03_2_PF_01,1988-06-12,Centre national des indépendants et paysans;Rassemblement pour la République;Union pour la démocratie française,RIGHT_URC,test,1.2477317,False
EL194_L_1993_03_065_02_1_PF_07,1993-03-21,Nouveaux écologistes du rassemblement nature et animaux,ECO,train,1.2477138,False
EL193_L_1993_03_059_23_1_PF_01,1993-03-21,Parti socialiste,LEFT_PS,train,1.2475897,False
EL134_L_1981_06_025_02_1_PF_01,1981-06-14,Lutte ouvrière,FAR_LEFT,train,1.2474797,False
EL176_L_1988_06_066_04_1_PF_06,1988-06-05,Front national,FAR_RIGHT_FN,train,1.2474028,False
EL135_L_1981_06_055_01_1_PF_04,1981-06-14,Parti socialiste,LEFT_PS,train,1.2473366,False
EL174_L_1988_06_027_03_1_PF_04,1988-06-05,Front national,FAR_RIGHT_FN,train,1.247319,False
EL137_L_1981_06_095_03_2_PF_01,1981-06-21,Parti communiste français;Parti socialiste;Mouvement des radicaux de gauche;Parti socialiste unifié,LEFT_PCF,train,1.2473165,False
EL177_L_1988_06_075_08_1_PF_02,1988-06-05,Mouvement des radicaux de gauche;Parti socialiste;Républicains de progrès,LEFT_PS,test,1.2473106,False
EL190_L_1993_03_027_03_2_PF_01,1993-03-28,Rassemblement pour la République;Union pour la démocratie française,RIGHT_UPF,train,1.2472725,False
EL137_L_1981_06_076_08_1_PF_02,1981-06-14,Parti socialiste,LEFT_PS,train,1.2471511,False
EL191_L_1993_03_033_02_1_PF_03,1993-03-21,Parti communiste français,LEFT_PCF,train,1.2471081,False
EL196_L_1993_03_076_01_1_PF_01,1993-03-21,Union pour la démocratie française;Rassemblement pour la République,RIGHT_UPF,train,1.2469578,False
EL177_L_1988_06_085_03_1_PF_03,1988-06-05,Front national,FAR_RIGHT_FN,train,1.2468982,False
EL191_L_1993_03_031_03_1_PF_01,1993-03-21,Lutte ouvrière,FAR_LEFT,train,1.246855,False
EL134_L_1981_06_002_01_2_PF_01,1981-06-21,Socialiste,LEFT_PS,train,1.2467587,False
EL136_L_1981_06_068_02_1_PF_02,1981-06-14,Parti socialiste,LEFT_PS,train,1.24671,False
EL136_L_1981_06_067_02_1_PF_01,1981-06-14,Lutte ouvrière,FAR_LEFT,train,1.2466935,False
EL190_L_1993_03_019_02_1_PF_04,1993-03-21,Parti socialiste,LEFT_PS,test,1.2465286,False
EL195_L_1993_03_072_02_1_PF_08,1993-03-21,Union pour la démocratie française,RIGHT_UDF,test,1.2465127,False
EL193_L_1993_03_062_02_1_PF_01,1993-03-21,Parti socialiste,LEFT_PS,test,1.2462767,False
EL194_L_1993_03_069_13_1_PF_07,1993-03-21,Génération écologie;Verts;Alternative rouge et verte,ECO,train,1.2459295,False
EL190_L_1993_03_024_04_1_PF_02,1993-03-21,Parti communiste français,LEFT_PCF,test,1.2458318,False
EL176_L_1988_06_057_02_1_PF_02,1988-06-05,Union pour la démocratie française;Rassemblement pour la République,RIGHT_URC,train,1.2458125,False
EL190_L_1993_03_028_04_1_PF_03,1993-03-21,Verts;Génération écologie,ECO,test,1.2457087,False
EL197_L_1993_03_087_02_2_PF_01,1993-03-28,Rassemblement pour la République;Union pour la démocratie française,RIGHT_UPF,test,1.2455997,False
EL197_L_1993_03_091_02_1_PF_03,1993-03-21,Front national,FAR_RIGHT_FN,train,1.2455809,False
EL192_L_1993_03_058_01_1_PF_03,1993-03-21,Parti communiste français,LEFT_PCF,train,1.245577,False
EL195_L_1993_03_074_03_2_PF_01,1993-03-28,Rassemblement pour la République;Union pour la démocratie française,RIGHT_UPF,test,1.2453434,False
EL177_L_1988_06_082_02_1_PF_04,1988-06-05,Front national,FAR_RIGHT_FN,train,1.2452927,False
EL189_L_1993_03_002_03_2_PF_02,1993-03-28,Union pour la démocratie française;Rassemblement pour la République,RIGHT_UPF,test,1.2452655,False
EL174_L_1988_06_008_03_1_PF_03,1988-06-05,Front national,FAR_RIGHT_FN,train,1.2452009,False
EL134_L_1981_06_006_01_1_PF_06,1981-06-14,Parti communiste français,LEFT_PCF,train,1.2449015,False
EL196_L_1993_03_077_02_1_PF_04,1993-03-21,Rassemblement pour la République;Union pour la démocratie française,RIGHT_UPF,train,1.2448344,False
EL137_L_1981_06_089_02_1_PF_01,1981-06-14,Parti socialiste;Mouvement des radicaux de gauche,LEFT_PS,train,1.2448308,False
EL192_L_1993_03_055_02_1_PF_04,1993-03-21,Verts;Génération écologie,ECO,train,1.2446374,False
EL195_L_1993_03_074_03_2_PF_02,1993-03-28,Front national,FAR_RIGHT_FN,train,1.2445829,False
EL176_L_1988_06_064_06_1_PF_04,1988-06-05,Front national,FAR_RIGHT_FN,train,1.2444717,False
EL176_L_1988_06_070_02_1_PF_02,1988-06-05,Parti socialiste,LEFT_PS,train,1.2444276,False
EL137_L_1981_06_077_02_1_PF_03,1981-06-14,Parti communiste français,LEFT_PCF,test,1.2443227,False
EL198_L_1993_03_092_13_2_PF_01,1993-03-28,Union pour la démocratie française;Centre des démocrates sociaux,RIGHT_UDF,train,1.244244,False
EL194_L_1993_03_067_04_1_PF_06,1993-03-21,Parti communiste français,LEFT_PCF,test,1.2441654,False
EL177_L_1988_06_076_06_2_PF_02,1988-06-12,Rassemblement pour la République;Union pour la démocratie française,RIGHT_URC,train,1.2440792,False
EL190_L_1993_03_019_01_1_PF_01,1993-03-21,Rassemblement pour la République;Union pour la démocratie française,RIGHT_UPF,train,1.244057,False
EL197_L_1993_03_083_01_1_PF_05,1993-03-21,Parti communiste français,LEFT_PCF,train,1.2440015,False
EL134_L_1981_06_013_07_1_PF_01,1981-06-14,Parti communiste français,LEFT_PCF,train,1.243943,False
EL135_L_1981_06_060_01_1_PF_01,1981-06-14,Lutte ouvrière,FAR_LEFT,train,1.2438607,False
EL137_L_1981_06_091_01_1_PF_06,1981-06-14,Lutte ouvrière,FAR_LEFT,train,1.2438184,False
EL190_L_1993_03_029_01_1_PF_07,1993-03-21,Parti communiste français,LEFT_PCF,train,1.2438012,False
EL193_L_1993_03_060_02_1_PF_02,1993-03-21,Ligue communiste révolutionnaire,FAR_LEFT,train,1.2437632,False
EL197_L_1993_03_091_09_1_PF_02,1993-03-21,Parti socialiste,LEFT_PS,train,1.2437365,False
EL195_L_1993_03_075_09_1_PF_07,1993-03-21,Parti socialiste,LEFT_PS,train,1.2436551,False
EL176_L_1988_06_062_02_2_PF_01,1988-06-12,Union pour la démocratie française;Rassemblement pour la République,RIGHT_URC,train,1.2435174,False
EL197_L_1993_03_085_05_1_PF_01,1993-03-21,Parti communiste français,LEFT_PCF,train,1.2434781,False
EL137_L_1981_06_094_06_1_PF_04,1981-06-14,Mouvement des radicaux de gauche,LEFT_PS,test,1.2433581,False
EL134_L_1981_06_017_05_1_PF_03,1981-06-14,écologiste,ECO,test,1.2432115,False
EL174_L_1988_06_010_02_2_PF_02,1988-06-12,Union pour la démocratie française;Rassemblement pour la République,RIGHT_URC,test,1.2431518,False
EL134_L_1981_06_018_01_1_PF_04,1981-06-14,Lutte ouvrière,FAR_LEFT,train,1.2431265,False
EL193_L_1993_03_059_21_1_PF_04,1993-03-21,Parti socialiste,LEFT_PS,train,1.2430335,False
EL196_L_1993_03_076_07_1_PF_05,1993-03-21,Parti communiste français,LEFT_PCF,train,1.2429986,False
EL198_L_1993_03_092_12_1_PF_07,1993-03-21,Solidarité écologie gauche alternative,ECO,test,1.2429484,False
EL175_L_1988_06_038_03_2_PF_02,1988-06-12,Rassemblement pour la République;Union pour la démocratie française,RIGHT_URC,test,1.2429221,False
EL197_L_1993_03_091_10_1_PF_03,1993-03-21,Parti communiste français,LEFT_PCF,train,1.2428621,False
EL136_L_1981_06_067_01_2_PF_01,1981-06-21,Parti socialiste,LEFT_PS,train,1.2427508,False
EL135_L_1981_06_059_02_1_PF_03,1981-06-14,Parti socialiste,LEFT_PS,train,1.2422975,False
EL194_L_1993_03_067_09_1_PF_01,1993-03-21,Génération écologie;Verts,ECO,train,1.2422566,False
EL191_L_1993_03_035_05_1_PF_03,1993-03-21,Parti socialiste,LEFT_PS,train,1.242201,False
EL195_L_1993_03_075_15_1_PF_04,1993-03-21,Parti socialiste;Mouvement des radicaux de gauche,LEFT_PS,train,1.2419376,False
EL135_L_1981_06_059_11_1_PF_04,1981-06-14,Parti socialiste,LEFT_PS,test,1.2419307,False
EL196_L_1993_03_078_08_1_PF_02,1993-03-21,Front national,FAR_RIGHT_FN,train,1.2418659,False
EL190_L_1993_03_016_02_1_PF_08,1993-03-21,Verts;Génération écologie,ECO,train,1.2418525,False
EL134_L_1981_06_02A_01_1_PF_01,1981-06-14,Parti communiste français,LEFT_PCF,train,1.2416949,False
EL176_L_1988_06_060_05_1_PF_04,1988-06-05,Front national,FAR_RIGHT_FN,train,1.241535,False
EL192_L_1993_03_052_01_2_PF_02,1993-03-28,Rassemblement pour la République;Union pour la démocratie française,RIGHT_UPF,train,1.2414818,False
EL135_L_1981_06_062_04_2_PF_02,1981-06-21,Union pour la démocratie française;Rassemblement pour la République,RIGHT_UNM,train,1.2414463,False
EL174_L_1988_06_013_16_1_PF_01,1988-06-05,Parti communiste français,LEFT_PCF,train,1.2413563,False
EL191_L_1993_03_034_07_1_PF_06,1993-03-21,Front national,FAR_RIGHT_FN,train,1.2412778,False
EL134_L_1981_06_001_03_1_PF_04,1981-06-14,Rassemblement pour la République,RIGHT_RPR,train,1.2412101,False
EL135_L_1981_06_050_01_1_PF_03,1981-06-14,Parti communiste français,LEFT_PCF,train,1.2411758,False
EL134_L_1981_06_021_02_1_PF_04,1981-06-14,Parti socialiste,LEFT_PS,train,1.2411187,False
EL193_L_1993_03_059_19_1_PF_01,1993-03-21,Parti socialiste,LEFT_PS,test,1.2409664,False
EL134_L_1981_06_006_06_1_PF_02,1981-06-14,Parti communiste français,LEFT_PCF,train,1.2409586,False
EL175_L_1988_06_044_01_1_PF_04,1988-06-05,Front national,FAR_RIGHT_FN,train,1.2409356,False
EL135_L_1981_06_043_02_1_PF_02,1981-06-14,Parti communiste français,LEFT_PCF,train,1.2408469,False
EL198_L_1993_03_094_12_1_PF_03,1993-03-21,Parti communiste français,LEFT_PCF,train,1.2406751,False
EL174_L_1988_06_010_03_1_PF_06,1988-06-05,Front national,FAR_RIGHT_FN,train,1.2406596,False
EL134_L_1981_06_027_01_1_PF_01,1981-06-14,Parti socialiste,LEFT_PS,train,1.2406592,False
EL190_L_1993_03_027_01_1_PF_04,1993-03-21,Rassemblement pour la République;Union pour la démocratie française,RIGHT_UPF,test,1.2406018,False
EL134_L_1981_06_034_04_2_PF_02,1981-06-21,Union pour la démocratie française;Rassemblement pour la République,RIGHT_UNM,train,1.2404974,False
EL136_L_1981_06_074_03_1_PF_01,1981-06-14,Union pour la démocratie française;Rassemblement pour la République,RIGHT_UNM,train,1.2404851,False
EL195_L_1993_03_072_03_1_PF_06,1993-03-21,Union pour la démocratie française,RIGHT_UDF,test,1.2403969,False
EL177_L_1988_06_077_08_2_PF_01,1988-06-12,Centre national des indépendants et paysans;Rassemblement pour la République;Union pour la démocratie française,RIGHT_URC,test,1.2403502,False
EL175_L_1988_06_038_03_1_PF_05,1988-06-05,Rassemblement pour la République;Union pour la démocratie française,RIGHT_URC,train,1.2402357,False
EL192_L_1993_03_057_02_1_PF_06,1993-03-21,Front national,FAR_RIGHT_FN,train,1.2402194,False
EL192_L_1993_03_054_06_1_PF_09,1993-03-21,Verts,ECO,train,1.2400835,False
EL176_L_1988_06_062_07_2_PF_01,1988-06-12,Parti socialiste,LEFT_PS,train,1.2399756,False
EL196_L_1993_03_080_02_1_PF_06,1993-03-21,Union pour la démocratie française;Rassemblement pour la République,RIGHT_UPF,train,1.2399546,False
EL177_L_1988_06_076_01_1_PF_03,1988-06-05,Rassemblement pour la République;Union pour la démocratie française,RIGHT_URC,test,1.239914,False
EL137_L_1981_06_079_01_1_PF_01,1981-06-14,Parti communiste français,LEFT_PCF,train,1.2398496,False
EL176_L_1988_06_059_19_1_PF_03,1988-06-05,Parti communiste français,LEFT_PCF,train,1.2398067,False
EL176_L_1988_06_066_03_2_PF_01,1988-06-12,Parti socialiste,LEFT_PS,train,1.2397878,False
EL197_L_1993_03_086_04_1_PF_06,1993-03-21,Parti socialiste,LEFT_PS,test,1.2397709,False
EL190_L_1993_03_021_01_1_PF_06,1993-03-21,Verts;Génération écologie,ECO,train,1.239769,False
EL190_L_1993_03_019_02_1_PF_05,1993-03-21,Verts;Génération écologie,ECO,train,1.2397288,False
EL137_L_1981_06_077_04_1_PF_03,1981-06-14,Parti communiste français,LEFT_PCF,train,1.2394985,False
EL136_L_1981_06_069_13_1_PF_05,1981-06-14,Lutte ouvrière,FAR_LEFT,train,1.2393972,False
EL192_L_1993_03_047_01_1_PF_02,1993-03-21,Parti communiste français,LEFT_PCF,test,1.2393922,False
EL190_L_1993_03_02B_02_1_PF_01,1993-03-21,Parti communiste français,LEFT_PCF,train,1.2393473,False
EL197_L_1993_03_091_06_1_PF_06,1993-03-21,Parti socialiste;Mouvement des radicaux de gauche,LEFT_PS,test,1.239284,False
EL197_L_1993_03_091_01_1_PF_06,1993-03-21,Parti communiste français,LEFT_PCF,train,1.239096,False
EL137_L_1981_06_988_02_1_PF_02,1981-06-14,Union pour la démocratie française;Fédération pour une nouvelle société calédonienne,RIGHT_UDF,train,1.2390819,False
EL175_L_1988_06_050_03_1_PF_01,1988-06-05,Rassemblement pour la République;Union pour la démocratie française,RIGHT_URC,train,1.2390405,False
EL135_L_1981_06_049_03_1_PF_01,1981-06-14,Parti communiste français,LEFT_PCF,train,1.2390077,False
EL198_L_1993_03_093_03_1_PF_02,1993-03-21,Rassemblement pour la République;Union pour la démocratie française,RIGHT_UPF,train,1.2389491,False
EL175_L_1988_06_031_06_1_PF_02,1988-06-05,Parti communiste français,LEFT_PCF,train,1.23893,False
EL135_L_1981_06_036_03_2_PF_01,1981-06-21,Union pour la démocratie française;Rassemblement pour la République,RIGHT_UNM,train,1.2389263,False
EL176_L_1988_06_068_05_2_PF_02,1988-06-12,Union pour la démocratie française;Rassemblement pour la République,RIGHT_URC,test,1.2389,False
EL192_L_1993_03_049_07_1_PF_02,1993-03-21,Parti communiste français,LEFT_PCF,test,1.2388953,False
EL192_L_1993_03_054_06_1_PF_01,1993-03-21,Union pour la démocratie française;Rassemblement pour la République,RIGHT_UPF,train,1.2387697,False
EL175_L_1988_06_040_03_1_PF_01,1988-06-05,Parti communiste français,LEFT_PCF,test,1.238743,False
EL135_L_1981_06_063_02_1_PF_06,1981-06-14,Front national,FAR_RIGHT_FN,test,1.2386286,False
EL194_L_1993_03_064_05_1_PF_07,1993-03-21,Union pour la démocratie française;Rassemblement pour la République,RIGHT_UPF,train,1.2385957,False
EL175_L_1988_06_038_01_1_PF_04,1988-06-05,Front national,FAR_RIGHT_FN,train,1.238538,False
EL176_L_1988_06_057_09_1_PF_03,1988-06-05,Rassemblement pour la République;Union pour la démocratie française;Centre national des indépendants et paysans,RIGHT_URC,train,1.238505,False
EL135_L_1981_06_062_14_1_PF_05,1981-06-14,Union pour la démocratie française,RIGHT_UDF,train,1.2384498,False
EL196_L_1993_03_080_03_1_PF_06,1993-03-21,Union pour la démocratie française;Rassemblement pour la République,RIGHT_UPF,train,1.2383925,False
EL174_L_1988_06_025_04_1_PF_04,1988-06-05,Parti communiste français,LEFT_PCF,test,1.2383517,False
EL177_L_1988_06_077_02_1_PF_02,1988-06-05,Parti communiste français,LEFT_PCF,train,1.2382295,False
EL195_L_1993_03_073_02_1_PF_05,1993-03-21,Verts;Génération écologie,ECO,train,1.2380728,False
EL136_L_1981_06_069_07_1_PF_03,1981-06-14,Parti communiste français,LEFT_PCF,train,1.2380387,False
EL192_L_1993_03_054_04_2_PF_02,1993-03-28,Parti socialiste,LEFT_PS,train,1.2379954,False
EL135_L_1981_06_039_02_1_PF_02,1981-06-14,Parti socialiste unifié;Mouvement pour une alternative non-violente;Amis de la Terre,LEFT_PS,train,1.237928,False
EL135_L_1981_06_057_01_2_PF_02,1981-06-21,Union pour la démocratie française;Rassemblement pour la République,RIGHT_UNM,train,1.2376829,False
EL134_L_1981_06_026_01_1_PF_03,1981-06-14,Parti socialiste,LEFT_PS,train,1.2376187,False
EL176_L_1988_06_065_02_1_PF_04,1988-06-05,Front national,FAR_RIGHT_FN,train,1.237486,False
EL176_L_1988_06_069_14_1_PF_01,1988-06-05,Parti communiste français,LEFT_PCF,test,1.2374756,False
EL135_L_1981_06_051_03_1_PF_02,1981-06-14,Parti communiste français,LEFT_PCF,train,1.2372398,False
EL136_L_1981_06_069_01_1_PF_05,1981-06-14,Parti socialiste,LEFT_PS,train,1.2371476,False
EL197_L_1993_03_091_09_1_PF_07,1993-03-21,Front national,FAR_RIGHT_FN,train,1.2371076,False
EL135_L_1981_06_057_01_2_PF_01,1981-06-21,Socialiste,LEFT_PS,test,1.2370259,False
EL177_L_1988_06_091_07_2_PF_02,1988-06-12,Centre national des indépendants et paysans;Rassemblement pour la République;Union pour la démocratie française,RIGHT_URC,train,1.2369787,False
EL137_L_1981_06_091_01_1_PF_09,1981-06-14,Rassemblement pour la République,RIGHT_RPR,train,1.236923,False
EL135_L_1981_06_041_01_2_PF_01,1981-06-21,Union pour la démocratie française;Rassemblement pour la République,RIGHT_UNM,train,1.2367809,False
EL175_L_1988_06_042_03_2_PF_01,1988-06-12,Rassemblement pour la République;Union pour la démocratie française,RIGHT_URC,test,1.2366369,False
EL136_L_1981_06_069_03_1_PF_07,1981-06-14,Union pour la démocratie française;Rassemblement pour la République,RIGHT_UNM,test,1.2366291,False
EL137_L_1981_06_092_04_1_PF_06,1981-06-14,Lutte ouvrière,FAR_LEFT,train,1.2364535,False
EL135_L_1981_06_059_23_1_PF_05,1981-06-14,Démocrate socialiste,LEFT_PS,train,1.2364488,False
EL137_L_1981_06_080_01_1_PF_02,1981-06-14,Lutte ouvrière,FAR_LEFT,train,1.2363992,False
EL177_L_1988_06_087_04_2_PF_01,1988-06-12,Parti socialiste,LEFT_PS,train,1.2363973,False
EL191_L_1993_03_033_10_1_PF_01,1993-03-21,Parti communiste français,LEFT_PCF,train,1.2363865,False
EL134_L_1981_06_033_03_1_PF_01,1981-06-14,Parti socialiste,LEFT_PS,train,1.2363585,False
EL198_L_1993_03_095_07_2_PF_01,1993-03-28,Rassemblement pour la République;Union pour la démocratie française,RIGHT_UPF,train,1.2363095,False
EL194_L_1993_03_068_04_1_PF_07,1993-03-21,Parti communiste français,LEFT_PCF,train,1.2362971,False
EL191_L_1993_03_033_11_1_PF_07,1993-03-21,Parti communiste français,LEFT_PCF,test,1.2362554,False
EL134_L_1981_06_002_01_1_PF_02,1981-06-14,Union pour la démocratie française,RIGHT_UDF,train,1.2362106,False
EL175_L_1988_06_055_02_2_PF_02,1988-06-12,Rassemblement pour la République;Union pour la démocratie française,RIGHT_URC,train,1.2361981,False
EL190_L_1993_03_029_04_1_PF_05,1993-03-21,Union pour la démocratie française;Rassemblement pour la République,RIGHT_UPF,train,1.2361896,False
EL196_L_1993_03_081_03_1_PF_03,1993-03-21,Front national,FAR_RIGHT_FN,test,1.2361579,False
EL192_L_1993_03_050_01_1_PF_04,1993-03-21,Rassemblement pour la République,RIGHT_RPR,test,1.236129,False
EL134_L_1981_06_022_03_1_PF_01,1981-06-14,Parti socialiste,LEFT_PS,train,1.23611,False
EL195_L_1993_03_075_10_1_PF_02,1993-03-21,Parti communiste français,LEFT_PCF,train,1.2360607,False
EL189_L_1993_03_003_02_1_PF_04,1993-03-21,Front national,FAR_RIGHT_FN,train,1.2359829,False
EL137_L_1981_06_084_01_1_PF_02,1981-06-14,Parti socialiste,LEFT_PS,train,1.2359319,False
EL198_L_1993_03_094_01_1_PF_04,1993-03-21,Parti communiste français,LEFT_PCF,train,1.2358981,False
EL134_L_1981_06_029_01_2_PF_01,1981-06-21,Parti socialiste,LEFT_PS,train,1.2358475,False
EL175_L_1988_06_029_02_1_PF_03,1988-06-05,Parti communiste français,LEFT_PCF,train,1.2356943,False
EL198_L_1993_03_093_02_1_PF_12,1993-03-21,Solidarité écologie gauche alternative,ECO,train,1.2356815,False
EL193_L_1993_03_063_05_1_PF_06,1993-03-21,Front national,FAR_RIGHT_FN,test,1.2356778,False
EL176_L_1988_06_062_14_1_PF_04,1988-06-05,Front national,FAR_RIGHT_FN,train,1.235658,False
EL174_L_1988_06_001_04_2_PF_01,1988-06-12,Union pour la démocratie française;Rassemblement pour la République;Centre national des indépendants et paysans,RIGHT_URC,train,1.2354361,False
EL189_L_1993_03_002_04_1_PF_05,1993-03-21,Jeunes sociaux libéraux;Union pour la démocratie française;Rassemblement pour la République,RIGHT_UPF,train,1.2350875,False
EL137_L_1981_06_088_03_1_PF_02,1981-06-14,Parti communiste français,LEFT_PCF,train,1.2350835,False
EL198_L_1993_03_095_08_1_PF_05,1993-03-21,Parti socialiste,LEFT_PS,train,1.2350675,False
EL136_L_1981_06_075_03_1_PF_02,1981-06-14,Parti communiste français,LEFT_PCF,train,1.2350538,False
EL135_L_1981_06_056_05_1_PF_02,1981-06-14,Union pour la démocratie française,RIGHT_UDF,train,1.2348002,False
EL194_L_1993_03_067_08_1_PF_06,1993-03-21,Parti communiste français,LEFT_PCF,train,1.234799,False
EL135_L_1981_06_042_01_1_PF_07,1981-06-14,écologiste,ECO,test,1.2347856,False
EL176_L_1988_06_057_01_1_PF_04,1988-06-05,Front national,FAR_RIGHT_FN,train,1.234705,False
EL137_L_1981_06_091_04_1_PF_04,1981-06-14,Mouvement des radicaux de gauche,LEFT_PS,test,1.2347041,False
EL198_L_1993_03_093_09_2_PF_02,1993-03-28,Rassemblement pour la République;Union pour la démocratie française,RIGHT_UPF,train,1.2345943,False
EL137_L_1981_06_084_02_2_PF_02,1981-06-21,Parti socialiste,LEFT_PS,train,1.2345642,False
EL191_L_1993_03_042_07_1_PF_02,1993-03-21,Parti communiste français,LEFT_PCF,train,1.2345203,False
EL134_L_1981_06_018_02_1_PF_03,1981-06-14,Parti socialiste,LEFT_PS,train,1.23431,False
EL196_L_1993_03_076_05_1_PF_07,1993-03-21,Union pour la démocratie française;Union des démocrates de progrès;Rassemblement pour la République;Mouvement solidarité participation;Union des jeunes pour le progrès;Femme avenir,RIGHT_UPF,test,1.2341245,False
EL137_L_1981_06_094_08_1_PF_04,1981-06-14,Parti socialiste unifié,LEFT_PS,train,1.2340385,False
EL134_L_1981_06_030_04_1_PF_01,1981-06-14,Parti communiste français,LEFT_PCF,train,1.2339472,False
EL194_L_1993_03_069_06_1_PF_08,1993-03-21,Parti socialiste;Mouvement des radicaux de gauche,LEFT_PS,train,1.233851,False
EL191_L_1993_03_033_07_1_PF_04,1993-03-21,Génération écologie;Verts,ECO,test,1.2338356,False
EL177_L_1988_06_083_03_1_PF_02,1988-06-05,Front national,FAR_RIGHT_FN,train,1.2337654,False
EL198_L_1993_03_095_08_2_PF_02,1993-03-28,Parti socialiste,LEFT_PS,train,1.2337049,False
EL137_L_1981_06_094_05_2_PF_02,1981-06-21,Parti socialiste,LEFT_PS,test,1.2336373,False
EL135_L_1981_06_040_02_1_PF_02,1981-06-14,Parti socialiste,LEFT_PS,test,1.233606,False
EL191_L_1993_03_042_05_1_PF_02,1993-03-21,Parti communiste français,LEFT_PCF,train,1.2335862,False
EL176_L_1988_06_058_01_1_PF_03,1988-06-05,Rassemblement pour la République;Union pour la démocratie française,RIGHT_URC,train,1.2335536,False
EL189_L_1993_03_003_01_1_PF_06,1993-03-21,Front national,FAR_RIGHT_FN,train,1.2335314,False
EL176_L_1988_06_071_03_1_PF_02,1988-06-05,Parti socialiste,LEFT_PS,train,1.2334787,False
EL176_L_1988_06_067_09_1_PF_01,1988-06-05,Rassemblement pour la République,RIGHT_RPR,train,1.2334583,False
EL198_L_1993_03_095_06_2_PF_01,1993-03-28,Rassemblement pour la République;Union pour la démocratie française,RIGHT_UPF,train,1.2333602,False
EL176_L_1988_06_057_10_1_PF_03,1988-06-05,Front national,FAR_RIGHT_FN,train,1.2333008,False
EL135_L_1981_06_042_01_1_PF_05,1981-06-14,Lutte ouvrière,FAR_LEFT,train,1.2331866,False
EL193_L_1993_03_060_06_1_PF_02,1993-03-21,Parti communiste français,LEFT_PCF,train,1.2330874,False
EL190_L_1993_03_016_01_1_PF_03,1993-03-21,Lutte ouvrière,FAR_LEFT,train,1.2330855,False
EL134_L_1981_06_031_01_1_PF_03,1981-06-14,Parti communiste français,LEFT_PCF,train,1.2329084,False
EL135_L_1981_06_049_03_1_PF_02,1981-06-14,Parti socialiste,LEFT_PS,train,1.2328954,False
EL177_L_1988_06_092_05_1_PF_03,1988-06-05,Parti communiste français,LEFT_PCF,train,1.2328292,False
EL192_L_1993_03_057_06_2_PF_01,1993-03-28,Rassemblement pour la République,RIGHT_RPR,train,1.2327982,False
EL175_L_1988_06_045_05_2_PF_01,1988-06-12,Rassemblement pour la République;Union pour la démocratie française,RIGHT_URC,train,1.2327944,False
EL191_L_1993_03_042_05_1_PF_05,1993-03-21,Rassemblement pour la République,RIGHT_RPR,train,1.2327349,False
EL195_L_1993_03_075_04_1_PF_06,1993-03-21,Verts;Génération écologie,ECO,train,1.2327163,False
EL175_L_1988_06_049_04_1_PF_01,1988-06-05,Parti communiste français,LEFT_PCF,train,1.2325786,False
EL198_L_1993_03_092_08_1_PF_04,1993-03-21,Mouvement des radicaux de gauche,LEFT_PS,train,1.2323763,False
EL189_L_1993_03_007_02_1_PF_01,1993-03-21,Parti communiste français,LEFT_PCF,test,1.2322094,False
EL176_L_1988_06_074_02_1_PF_01,1988-06-05,Union pour la démocratie française;Rassemblement pour la République,RIGHT_URC,test,1.232147,False
EL137_L_1981_06_988_02_1_PF_07,1981-06-14,Mouvement des radicaux de gauche,LEFT_PS,train,1.2321309,False
EL191_L_1993_03_034_06_1_PF_01,1993-03-21,Parti communiste français,LEFT_PCF,train,1.2321047,False
EL135_L_1981_06_054_06_2_PF_02,1981-06-21,Union pour la démocratie française,RIGHT_UDF,test,1.2320359,False
EL135_L_1981_06_065_02_1_PF_04,1981-06-14,Parti communiste français,LEFT_PCF,train,1.2320122,False
EL190_L_1993_03_030_04_1_PF_11,1993-03-21,Front national,FAR_RIGHT_FN,train,1.2320011,False
EL135_L_1981_06_038_02_1_PF_01,1981-06-14,Lutte ouvrière,FAR_LEFT,train,1.2318332,False
EL190_L_1993_03_017_05_1_PF_01,1993-03-21,Parti communiste français,LEFT_PCF,train,1.2317585,False
EL189_L_1993_03_013_02_2_PF_01,1993-03-28,Union pour la démocratie française;Rassemblement pour la République,RIGHT_UPF,train,1.2315208,False
EL135_L_1981_06_059_06_1_PF_01,1981-06-14,Parti socialiste,LEFT_PS,train,1.2314563,False
EL174_L_1988_06_014_01_1_PF_01,1988-06-05,Front national,FAR_RIGHT_FN,test,1.2312146,False
EL192_L_1993_03_054_01_1_PF_08,1993-03-21,Front national,FAR_RIGHT_FN,train,1.2311949,False
EL192_L_1993_03_057_09_1_PF_07,1993-03-21,Parti communiste français,LEFT_PCF,test,1.2311937,False
EL137_L_1981_06_078_06_1_PF_02,1981-06-14,Parti communiste français,LEFT_PCF,train,1.2310511,False
EL174_L_1988_06_023_01_2_PF_01,1988-06-12,Rassemblement pour la République;Union pour la démocratie française,RIGHT_URC,train,1.2310158,False
EL136_L_1981_06_069_13_1_PF_04,1981-06-14,Parti communiste français,LEFT_PCF,train,1.2309598,False
EL134_L_1981_06_029_07_1_PF_02,1981-06-14,Parti socialiste,LEFT_PS,train,1.230842,False
EL190_L_1993_03_026_02_1_PF_03,1993-03-21,Parti communiste français,LEFT_PCF,train,1.2308267,False
EL193_L_1993_03_059_19_1_PF_05,1993-03-21,Rassemblement pour la République,RIGHT_RPR,train,1.2307906,False
EL193_L_1993_03_060_04_1_PF_01,1993-03-21,Parti communiste français,LEFT_PCF,train,1.2306252,False
EL136_L_1981_06_069_09_1_PF_01,1981-06-14,Union pour la démocratie française;Rassemblement pour la République,RIGHT_UNM,train,1.2306187,False
EL135_L_1981_06_039_01_1_PF_02,1981-06-14,Parti socialiste,LEFT_PS,train,1.2304717,False
EL134_L_1981_06_029_07_2_PF_02,1981-06-21,Union pour la démocratie française;Centre des démocrates sociaux;Rassemblement pour la République;indépendants,RIGHT_UNM,test,1.2303737,False
EL195_L_1993_03_075_12_1_PF_05,1993-03-21,Front national,FAR_RIGHT_FN,train,1.2303592,False
EL135_L_1981_06_042_01_1_PF_04,1981-06-14,Parti radical-socialiste;Mouvement des démocrates sociaux;Parti républicain;Centre des démocrates sociaux;Union pour la démocratie française,LEFT_PS,train,1.2302873,False
EL196_L_1993_03_076_03_1_PF_05,1993-03-21,Parti socialiste,LEFT_PS,train,1.2302499,False
EL177_L_1988_06_093_11_2_PF_01,1988-06-12,Mouvement des radicaux de gauche;Parti communiste français;Parti socialiste;Parti socialiste unifié,LEFT_PCF,train,1.2300802,False
EL137_L_1981_06_086_02_1_PF_05,1981-06-14,écologiste;Parti socialiste unifié,LEFT_PS,train,1.230062,False
EL174_L_1988_06_017_01_1_PF_02,1988-06-05,Mouvement des radicaux de gauche,LEFT_PS,train,1.2300308,False
EL191_L_1993_03_033_07_2_PF_02,1993-03-28,Union pour la démocratie française;Rassemblement pour la République,RIGHT_UPF,train,1.2299695,False
EL195_L_1993_03_075_21_1_PF_05,1993-03-21,Parti socialiste;Mouvement des radicaux de gauche,LEFT_PS,train,1.229913,False
EL197_L_1993_03_086_03_1_PF_03,1993-03-21,Rassemblement pour la République;Union pour la démocratie française,RIGHT_UPF,test,1.2297367,False
EL190_L_1993_03_02A_01_2_PF_01,1993-03-28,Union pour la démocratie française,RIGHT_UDF,train,1.2297043,False
EL134_L_1981_06_013_01_1_PF_01,1981-06-14,Rassemblement pour la République,RIGHT_RPR,train,1.2296399,False
EL196_L_1993_03_077_01_2_PF_01,1993-03-28,Union pour la démocratie française;Rassemblement pour la République,RIGHT_UPF,test,1.2296048,False
EL194_L_1993_03_066_03_2_PF_02,1993-03-28,Union pour la démocratie française;Rassemblement pour la République,RIGHT_UPF,train,1.2295532,False
EL198_L_1993_03_095_05_1_PF_05,1993-03-21,Ligue communiste révolutionnaire,FAR_LEFT,train,1.229512,False
EL193_L_1993_03_063_04_1_PF_06,1993-03-21,Front national,FAR_RIGHT_FN,train,1.2293968,False
EL198_L_1993_03_092_05_1_PF_15,1993-03-21,Nouveaux écologistes du rassemblement nature et animaux,ECO,train,1.2293849,False
EL176_L_1988_06_056_04_1_PF_04,1988-06-05,Front national,FAR_RIGHT_FN,test,1.2292007,False
EL134_L_1981_06_034_05_1_PF_03,1981-06-14,Parti socialiste,LEFT_PS,train,1.2290913,False
EL189_L_1993_03_015_02_1_PF_05,1993-03-21,Rassemblement pour la République;Union pour la démocratie française,RIGHT_UPF,train,1.2290633,False
EL135_L_1981_06_060_02_1_PF_04,1981-06-14,Parti socialiste,LEFT_PS,train,1.2290378,False
EL177_L_1988_06_095_09_2_PF_01,1988-06-12,Rassemblement pour la République;Union pour la démocratie française;Centre national des indépendants et paysans;non inscrits,RIGHT_URC,train,1.228886,False
EL174_L_1988_06_025_05_2_PF_01,1988-06-12,socialiste,LEFT_PS,train,1.2287787,False
EL198_L_1993_03_093_03_1_PF_08,1993-03-21,Parti socialiste,LEFT_PS,train,1.228625,False
EL137_L_1981_06_091_03_2_PF_02,1981-06-21,Rassemblement pour la République,RIGHT_RPR,train,1.2285112,False
EL136_L_1981_06_075_04_1_PF_04,1981-06-14,Parti socialiste unifié,LEFT_PS,train,1.2284834,False
EL195_L_1993_03_075_01_1_PF_04,1993-03-21,Verts;Génération écologie,ECO,train,1.2284398,False
EL134_L_1981_06_028_02_2_PF_02,1981-06-21,Rassemblement pour la République;Union pour la démocratie française,RIGHT_UNM,test,1.2282318,False
EL174_L_1988_06_016_02_1_PF_03,1988-06-05,Parti communiste français,LEFT_PCF,train,1.2281622,False
EL137_L_1981_06_077_01_1_PF_02,1981-06-14,Parti socialiste unifié,LEFT_PS,train,1.2280877,False
EL192_L_1993_03_045_04_1_PF_03,1993-03-21,Parti communiste français,LEFT_PCF,train,1.2278501,False
EL175_L_1988_06_037_04_1_PF_01,1988-06-05,Parti communiste français,LEFT_PCF,test,1.2278459,False
EL198_L_1993_03_093_12_1_PF_10,1993-03-21,Parti communiste français,LEFT_PCF,train,1.2278095,False
EL190_L_1993_03_025_04_1_PF_02,1993-03-21,Alternative rouge et verte;Génération écologie,ECO,train,1.2277542,False
EL196_L_1993_03_079_02_1_PF_04,1993-03-21,Verts,ECO,test,1.2277284,False
EL176_L_1988_06_073_01_1_PF_02,1988-06-05,Front national,FAR_RIGHT_FN,train,1.2276251,False
EL191_L_1993_03_034_02_1_PF_07,1993-03-21,Rassemblement pour la République,RIGHT_RPR,train,1.227487,False
EL135_L_1981_06_054_06_1_PF_01,1981-06-14,Parti socialiste unifié,LEFT_PS,train,1.2274859,False
EL192_L_1993_03_057_01_1_PF_12,1993-03-21,Parti communiste français,LEFT_PCF,train,1.2273792,False
EL135_L_1981_06_056_02_1_PF_02,1981-06-14,Parti socialiste,LEFT_PS,train,1.2272649,False
EL192_L_1993_03_054_03_2_PF_01,1993-03-28,Union pour la démocratie française;Rassemblement pour la République,RIGHT_UPF,train,1.2271217,False
EL135_L_1981_06_045_02_2_PF_02,1981-06-21,Parti socialiste,LEFT_PS,test,1.2270885,False
EL134_L_1981_06_024_03_1_PF_04,1981-06-14,Union pour la démocratie française;Parti radical;Centre des démocrates sociaux;Parti républicain,RIGHT_UDF,train,1.2269074,False
EL135_L_1981_06_062_10_1_PF_03,1981-06-14,Parti radical-socialiste,LEFT_PS,train,1.2268943,False
EL191_L_1993_03_034_04_1_PF_11,1993-03-21,Front national,FAR_RIGHT_FN,test,1.2268394,False
EL135_L_1981_06_038_02_1_PF_06,1981-06-14,Union pour la démocratie française;Rassemblement pour la République,RIGHT_UNM,train,1.2267181,False
EL195_L_1993_03_075_01_1_PF_02,1993-03-21,Front national,FAR_RIGHT_FN,test,1.2266238,False
EL134_L_1981_06_027_01_1_PF_05,1981-06-14,Front national,FAR_RIGHT_FN,train,1.2265763,False
EL135_L_1981_06_037_03_1_PF_04,1981-06-14,Parti socialiste,LEFT_PS,train,1.2264514,False
EL135_L_1981_06_059_04_1_PF_01,1981-06-14,Parti socialiste,LEFT_PS,train,1.2264448,False
EL134_L_1981_06_025_01_2_PF_01,1981-06-21,Parti socialiste,LEFT_PS,train,1.2261856,False
EL134_L_1981_06_013_04_1_PF_04,1981-06-14,Parti communiste français,LEFT_PCF,train,1.2261331,False
EL137_L_1981_06_091_02_2_PF_02,1981-06-21,Centre national des indépendants;Rassemblement pour la République;Union pour la démocratie française,RIGHT_UNM,train,1.2260792,False
EL196_L_1993_03_076_08_1_PF_05,1993-03-21,socialiste,LEFT_PS,train,1.2260436,False
EL191_L_1993_03_042_02_1_PF_05,1993-03-21,Parti communiste français,LEFT_PCF,test,1.2260387,False
EL190_L_1993_03_022_03_1_PF_06,1993-03-21,Front national,FAR_RIGHT_FN,train,1.2260126,False
EL197_L_1993_03_089_01_1_PF_01,1993-03-21,Parti socialiste,LEFT_PS,train,1.2259941,False
EL176_L_1988_06_057_08_1_PF_04,1988-06-05,Parti communiste français,LEFT_PCF,train,1.2259248,False
EL134_L_1981_06_021_02_1_PF_05,1981-06-14,Socialiste,LEFT_PS,test,1.2258662,False
EL134_L_1981_06_02A_01_1_PF_05,1981-06-14,Union pour la démocratie française,RIGHT_UDF,train,1.2257612,False
EL174_L_1988_06_019_02_1_PF_03,1988-06-05,Parti communiste français,LEFT_PCF,train,1.2257049,False
EL193_L_1993_03_063_06_2_PF_01,1993-03-28,Rassemblement pour la République;Union pour la démocratie française,RIGHT_UPF,test,1.2256829,False
EL176_L_1988_06_059_19_1_PF_02,1988-06-05,Front national,FAR_RIGHT_FN,train,1.225682,False
EL198_L_1993_03_093_03_1_PF_05,1993-03-21,Verts;Génération écologie,ECO,train,1.2255112,False
EL174_L_1988_06_013_04_2_PF_01,1988-06-12,Parti communiste français,LEFT_PCF,train,1.225442,False
EL134_L_1981_06_033_04_1_PF_02,1981-06-14,Lutte ouvrière,FAR_LEFT,test,1.2254118,False
EL135_L_1981_06_044_06_1_PF_06,1981-06-14,Parti socialiste unifié,LEFT_PS,test,1.2253557,False
EL137_L_1981_06_084_03_1_PF_01,1981-06-14,Parti communiste français,LEFT_PCF,train,1.2253426,False
EL191_L_1993_03_037_05_1_PF_03,1993-03-21,Parti communiste français,LEFT_PCF,train,1.2251071,False
EL174_L_1988_06_02B_02_1_PF_06,1988-06-05,Parti communiste français,LEFT_PCF,train,1.2246399,False
EL191_L_1993_03_043_02_1_PF_01,1993-03-21,Ligue communiste révolutionnaire,FAR_LEFT,train,1.2246282,False
EL175_L_1988_06_052_02_1_PF_03,1988-06-05,Rassemblement pour la République;Union pour la démocratie française,RIGHT_URC,train,1.224626,False
EL193_L_1993_03_060_06_2_PF_01,1993-03-28,Rassemblement pour la République;Union pour la démocratie française,RIGHT_UPF,train,1.2246134,False
EL177_L_1988_06_075_16_1_PF_03,1988-06-05,Rassemblement pour la République;Union pour la démocratie française,RIGHT_URC,train,1.2244037,False
EL194_L_1993_03_064_02_1_PF_06,1993-03-21,Front national,FAR_RIGHT_FN,train,1.2243198,False
EL135_L_1981_06_037_03_1_PF_03,1981-06-14,Parti communiste français,LEFT_PCF,train,1.2243012,False
EL194_L_1993_03_069_10_2_PF_01,1993-03-28,Union pour la démocratie française;Rassemblement pour la République,RIGHT_UPF,train,1.2242938,False
EL137_L_1981_06_093_04_1_PF_05,1981-06-14,Rassemblement pour la République;Union pour la démocratie française,RIGHT_UNM,train,1.2242898,False
EL135_L_1981_06_059_21_2_PF_02,1981-06-21,Rassemblement pour la République,RIGHT_RPR,train,1.2241914,False
EL196_L_1993_03_078_10_1_PF_02,1993-03-21,Front national,FAR_RIGHT_FN,train,1.2241176,False
EL134_L_1981_06_017_04_1_PF_01,1981-06-14,Parti communiste français,LEFT_PCF,train,1.2240616,False
EL177_L_1988_06_078_08_1_PF_05,1988-06-05,Parti communiste français,LEFT_PCF,train,1.2240204,False
EL136_L_1981_06_075_10_1_PF_06,1981-06-14,Rassemblement pour la République;Union pour la démocratie française,RIGHT_UNM,train,1.2239939,False
EL198_L_1993_03_093_05_1_PF_04,1993-03-21,Verts;Génération écologie,ECO,train,1.2239664,False
EL135_L_1981_06_059_05_1_PF_04,1981-06-14,Rassemblement pour la République;Union pour la démocratie française,RIGHT_UNM,train,1.2238756,False
EL135_L_1981_06_062_12_1_PF_02,1981-06-14,Parti socialiste,LEFT_PS,test,1.2238632,False
EL176_L_1988_06_064_04_1_PF_05,1988-06-05,Front national,FAR_RIGHT_FN,train,1.2238332,False
EL177_L_1988_06_093_13_1_PF_02,1988-06-05,Centre national des indépendants et paysans;Rassemblement pour la République;Union pour la démocratie française,RIGHT_URC,test,1.223821,False
EL190_L_1993_03_022_04_1_PF_02,1993-03-21,Parti communiste français,LEFT_PCF,train,1.2238134,False
EL196_L_1993_03_080_03_2_PF_01,1993-03-28,Union pour la démocratie française;Rassemblement pour la République,RIGHT_UPF,train,1.2237824,False
EL195_L_1993_03_071_04_1_PF_07,1993-03-21,Verts;Génération écologie,ECO,train,1.2237478,False
EL191_L_1993_03_033_03_1_PF_06,1993-03-21,Lutte ouvrière,FAR_LEFT,train,1.2235897,False
EL190_L_1993_03_021_02_1_PF_02,1993-03-21,Parti communiste français,LEFT_PCF,train,1.223571,False
EL190_L_1993_03_021_04_1_PF_06,1993-03-21,Union pour la démocratie française;Rassemblement pour la République,RIGHT_UPF,train,1.2235352,False
EL194_L_1993_03_064_03_1_PF_04,1993-03-21,Union pour la démocratie française;Rassemblement pour la République,RIGHT_UPF,test,1.2234123,False
EL176_L_1988_06_069_04_1_PF_02,1988-06-05,Parti communiste français,LEFT_PCF,train,1.2234037,False
EL195_L_1993_03_073_03_1_PF_01,1993-03-21,Parti communiste français,LEFT_PCF,train,1.2233322,False
EL192_L_1993_03_047_02_1_PF_02,1993-03-21,Parti communiste français,LEFT_PCF,train,1.223285,False
EL134_L_1981_06_010_03_1_PF_06,1981-06-14,Lutte ouvrière,FAR_LEFT,train,1.223278,False
EL134_L_1981_06_008_02_2_PF_02,1981-06-21,Parti socialiste,LEFT_PS,test,1.2231212,False
EL134_L_1981_06_031_02_2_PF_01,1981-06-21,Parti socialiste;Parti communiste français;Parti socialiste unifié;Mouvement pour le socialisme par la participation,LEFT_PCF,train,1.2231066,False
EL177_L_1988_06_093_13_1_PF_05,1988-06-05,Front national,FAR_RIGHT_FN,train,1.2230064,False
EL177_L_1988_06_075_07_1_PF_04,1988-06-05,Rassemblement pour la République;Union pour la démocratie française,RIGHT_URC,train,1.2229459,False
EL177_L_1988_06_093_09_1_PF_01,1988-06-05,Parti communiste français,LEFT_PCF,train,1.2228354,False
EL194_L_1993_03_068_06_1_PF_02,1993-03-21,Front national,FAR_RIGHT_FN,test,1.222796,False
EL191_L_1993_03_042_01_1_PF_04,1993-03-21,Parti communiste français;Alternative rouge et verte;Refondations;Convergences et démocratie;espoirs 93,LEFT_PCF,train,1.2227725,False
EL176_L_1988_06_069_01_1_PF_04,1988-06-05,Parti socialiste,LEFT_PS,train,1.2227286,False
EL189_L_1993_03_008_01_1_PF_06,1993-03-21,Parti communiste français,LEFT_PCF,train,1.2227179,False
EL134_L_1981_06_030_01_2_PF_01,1981-06-21,Parti communiste français;Parti socialiste;Mouvement des radicaux de gauche;Parti socialiste unifié,LEFT_PCF,train,1.2226652,False
EL189_L_1993_03_007_01_1_PF_03,1993-03-21,Verts;Génération écologie,ECO,train,1.2223964,False
EL192_L_1993_03_051_04_1_PF_09,1993-03-21,Ligue communiste révolutionnaire,FAR_LEFT,test,1.2223958,False
EL191_L_1993_03_037_02_1_PF_02,1993-03-21,Front national,FAR_RIGHT_FN,test,1.2223309,False
EL175_L_1988_06_051_06_1_PF_03,1988-06-05,Verts alternatifs,ECO,train,1.2222282,False
EL175_L_1988_06_051_03_1_PF_03,1988-06-05,Verts alternatifs,ECO,train,1.2222282,False
EL175_L_1988_06_051_04_1_PF_03,1988-06-05,Verts alternatifs,ECO,train,1.2222282,False
EL135_L_1981_06_064_01_1_PF_06,1981-06-14,Union pour la démocratie française,RIGHT_UDF,train,1.2222095,False
EL189_L_1993_03_011_02_1_PF_05,1993-03-21,Parti communiste français,LEFT_PCF,train,1.2221946,False
EL194_L_1993_03_069_05_1_PF_01,1993-03-21,Parti socialiste,LEFT_PS,test,1.2221806,False
EL136_L_1981_06_067_07_1_PF_03,1981-06-14,Union pour la démocratie française;Rassemblement pour la République,RIGHT_UNM,train,1.2220645,False
EL194_L_1993_03_067_01_1_PF_07,1993-03-21,Parti communiste français,LEFT_PCF,test,1.2219622,False
EL196_L_1993_03_079_03_1_PF_03,1993-03-21,Génération écologie;Verts,ECO,train,1.2219332,False
EL191_L_1993_03_040_03_2_PF_02,1993-03-28,Union pour la démocratie française;Rassemblement pour la République,RIGHT_UPF,train,1.2218049,False
EL137_L_1981_06_088_02_1_PF_03,1981-06-14,Rassemblement pour la République;Union pour la démocratie française,RIGHT_UNM,train,1.2218047,False
EL136_L_1981_06_075_14_1_PF_04,1981-06-14,Union pour la démocratie française,RIGHT_UDF,train,1.2217714,False
EL135_L_1981_06_036_02_2_PF_01,1981-06-21,Parti socialiste,LEFT_PS,train,1.2217587,False
EL137_L_1981_06_077_03_2_PF_01,1981-06-21,Rassemblement pour la République;Union pour la démocratie française,RIGHT_UNM,test,1.2215933,False
EL194_L_1993_03_067_07_1_PF_05,1993-03-21,Parti communiste français,LEFT_PCF,test,1.2213712,False
EL189_L_1993_03_013_11_1_PF_04,1993-03-21,Parti communiste français,LEFT_PCF,train,1.2213222,False
EL197_L_1993_03_088_01_1_PF_06,1993-03-21,Front national,FAR_RIGHT_FN,train,1.2212328,False
EL136_L_1981_06_069_04_1_PF_03,1981-06-14,Mouvement des radicaux de gauche,LEFT_PS,train,1.2211596,False
EL135_L_1981_06_056_01_1_PF_02,1981-06-14,Socialiste,LEFT_PS,train,1.2210723,False
EL175_L_1988_06_042_06_1_PF_04,1988-06-05,Parti socialiste,LEFT_PS,train,1.2209933,False
EL136_L_1981_06_075_15_1_PF_05,1981-06-14,Parti communiste français,LEFT_PCF,train,1.2209519,False
EL177_L_1988_06_091_08_2_PF_02,1988-06-12,Centre national des indépendants et paysans;Rassemblement pour la République;Union pour la démocratie française,RIGHT_URC,train,1.2209036,False
EL177_L_1988_06_076_06_2_PF_01,1988-06-12,Parti socialiste,LEFT_PS,train,1.2208579,False
EL192_L_1993_03_054_03_2_PF_02,1993-03-28,Parti socialiste,LEFT_PS,test,1.2208576,False
EL196_L_1993_03_076_11_1_PF_02,1993-03-21,Rassemblement pour la République;Union pour la démocratie française,RIGHT_UPF,train,1.220649,False
EL134_L_1981_06_006_01_1_PF_02,1981-06-14,Rassemblement pour la République;Parti républicain;Centre des démocrates sociaux;Centre national des indépendants et paysans;Mouvement démocrate socialiste;Parti radical,LEFT_PS,train,1.220467,False
EL174_L_1988_06_021_05_2_PF_01,1988-06-12,Parti socialiste,LEFT_PS,train,1.2203356,False
EL134_L_1981_06_02A_01_1_PF_02,1981-06-14,Parti socialiste,LEFT_PS,train,1.2203248,False
EL135_L_1981_06_037_01_1_PF_07,1981-06-14,Parti socialiste,LEFT_PS,train,1.2201583,False
EL177_L_1988_06_079_03_1_PF_01,1988-06-05,Parti communiste français,LEFT_PCF,train,1.2201512,False
EL134_L_1981_06_029_03_1_PF_03,1981-06-14,Parti socialiste,LEFT_PS,train,1.2201133,False
EL175_L_1988_06_049_07_1_PF_02,1988-06-05,Parti communiste français,LEFT_PCF,train,1.2200876,False
EL135_L_1981_06_044_07_1_PF_05,1981-06-14,Parti socialiste,LEFT_PS,train,1.2200779,False
EL137_L_1981_06_088_01_1_PF_02,1981-06-14,Parti socialiste,LEFT_PS,train,1.219944,False
EL176_L_1988_06_058_03_1_PF_01,1988-06-05,Parti communiste français,LEFT_PCF,train,1.2199296,False
EL135_L_1981_06_062_11_1_PF_02,1981-06-14,Parti socialiste,LEFT_PS,test,1.2199132,False
EL175_L_1988_06_033_02_1_PF_04,1988-06-05,Front national,FAR_RIGHT_FN,train,1.2198747,False
EL195_L_1993_03_075_09_1_PF_13,1993-03-21,Front national,FAR_RIGHT_FN,test,1.2198309,False
EL134_L_1981_06_002_05_2_PF_02,1981-06-21,Socialiste,LEFT_PS,train,1.219817,False
EL176_L_1988_06_057_03_2_PF_02,1988-06-12,Union pour la démocratie française;Rassemblement pour la République,RIGHT_URC,train,1.2197824,False
EL177_L_1988_06_094_05_2_PF_02,1988-06-12,Centre national des indépendants et paysans;Rassemblement pour la République;Union pour la démocratie française,RIGHT_URC,train,1.2197468,False
EL176_L_1988_06_071_03_1_PF_03,1988-06-05,Union pour la démocratie française,RIGHT_UDF,test,1.2197312,False
EL137_L_1981_06_095_03_1_PF_01,1981-06-14,Parti communiste français,LEFT_PCF,train,1.2195672,False
EL197_L_1993_03_091_05_1_PF_10,1993-03-21,Parti socialiste;Mouvement des citoyens,LEFT_PS,train,1.2192271,False
EL135_L_1981_06_042_02_1_PF_03,1981-06-14,Parti socialiste;Mouvement des radicaux de gauche;Parti socialiste unifié,LEFT_PS,train,1.2192173,False
EL177_L_1988_06_093_02_1_PF_04,1988-06-05,Front national,FAR_RIGHT_FN,train,1.2192079,False
EL136_L_1981_06_075_18_1_PF_02,1981-06-14,Rassemblement pour la République;Union pour la démocratie française,RIGHT_UNM,train,1.2188882,False
EL198_L_1993_03_092_05_1_PF_01,1993-03-21,Parti communiste français,LEFT_PCF,train,1.2188818,False
EL195_L_1993_03_075_10_1_PF_03,1993-03-21,Rassemblement pour la République;Union pour la démocratie française,RIGHT_UPF,train,1.2188351,False
EL174_L_1988_06_006_07_1_PF_02,1988-06-05,Union pour la démocratie française;Rassemblement pour la République,RIGHT_URC,test,1.2187729,False
EL135_L_1981_06_044_01_1_PF_01,1981-06-14,Parti socialiste,LEFT_PS,test,1.2186048,False
EL174_L_1988_06_011_01_2_PF_02,1988-06-12,Parti socialiste,LEFT_PS,test,1.2185004,False
EL192_L_1993_03_050_02_1_PF_03,1993-03-21,Verts;Génération écologie,ECO,train,1.2184218,False
EL196_L_1993_03_076_06_1_PF_08,1993-03-21,Front national,FAR_RIGHT_FN,test,1.2183433,False
EL137_L_1981_06_077_04_1_PF_06,1981-06-14,Mouvement des radicaux de gauche,LEFT_PS,train,1.2182852,False
EL198_L_1993_03_094_09_1_PF_02,1993-03-21,Lutte ouvrière,FAR_LEFT,train,1.2182465,False
EL191_L_1993_03_035_04_1_PF_02,1993-03-21,Parti socialiste,LEFT_PS,train,1.2181765,False
EL192_L_1993_03_054_03_1_PF_01,1993-03-21,Union pour la démocratie française;Rassemblement pour la République,RIGHT_UPF,train,1.2181664,False
EL174_L_1988_06_014_05_1_PF_06,1988-06-05,Parti communiste français,LEFT_PCF,train,1.2180775,False
EL191_L_1993_03_038_09_1_PF_03,1993-03-21,Parti communiste français,LEFT_PCF,train,1.2180595,False
EL134_L_1981_06_025_02_2_PF_01,1981-06-21,Parti socialiste,LEFT_PS,train,1.2179881,False
EL134_L_1981_06_034_03_1_PF_02,1981-06-14,Parti socialiste,LEFT_PS,train,1.2179636,False
EL190_L_1993_03_025_01_1_PF_04,1993-03-21,Lutte ouvrière,FAR_LEFT,test,1.2179409,False
EL193_L_1993_03_062_10_1_PF_01,1993-03-21,Parti socialiste,LEFT_PS,test,1.2178955,False
EL137_L_1981_06_095_04_1_PF_01,1981-06-14,Rassemblement pour la République;Union pour la démocratie française,RIGHT_UNM,train,1.2177957,False
EL195_L_1993_03_075_12_1_PF_10,1993-03-21,Alliance pour l'écologie et la démocratie,ECO,train,1.2177813,False
EL174_L_1988_06_025_03_2_PF_01,1988-06-12,Union pour la démocratie française;Rassemblement pour la République,RIGHT_URC,train,1.2176893,False
EL135_L_1981_06_054_01_1_PF_01,1981-06-14,Union pour la démocratie française;Rassemblement pour la République,RIGHT_UNM,train,1.2175983,False
EL176_L_1988_06_069_06_1_PF_03,1988-06-05,Front national,FAR_RIGHT_FN,test,1.217598,False
EL189_L_1993_03_003_03_1_PF_06,1993-03-21,Verts,ECO,train,1.21743,False
EL174_L_1988_06_027_04_1_PF_03,1988-06-05,Parti communiste français,LEFT_PCF,train,1.2174294,False
EL190_L_1993_03_021_05_1_PF_04,1993-03-21,Union pour la démocratie française;Rassemblement pour la République;Centre national des indépendants,RIGHT_UPF,test,1.2174016,False
EL177_L_1988_06_083_05_2_PF_02,1988-06-12,Centre national des indépendants et paysans;Rassemblement pour la République;Union pour la démocratie française,RIGHT_URC,train,1.2173505,False
EL193_L_1993_03_059_03_1_PF_03,1993-03-21,Front national,FAR_RIGHT_FN,test,1.2170615,False
EL135_L_1981_06_059_21_1_PF_01,1981-06-14,Parti socialiste,LEFT_PS,test,1.2169755,False
EL196_L_1993_03_076_10_1_PF_03,1993-03-21,Parti socialiste;Mouvement des radicaux de gauche,LEFT_PS,test,1.2168442,False
EL175_L_1988_06_049_01_1_PF_04,1988-06-05,Front national,FAR_RIGHT_FN,train,1.2168411,False
EL137_L_1981_06_087_01_1_PF_06,1981-06-14,Parti radical-socialiste;Parti républicain;Rassemblement pour la République;Centre des démocrates sociaux;Clubs Perspectives et réalités,LEFT_PS,train,1.2168325,False
EL191_L_1993_03_031_06_1_PF_04,1993-03-21,Parti communiste français,LEFT_PCF,train,1.2167727,False
EL135_L_1981_06_059_19_2_PF_01,1981-06-21,Parti communiste français;Parti socialiste;Mouvement des radicaux de gauche;Parti socialiste unifié,LEFT_PCF,train,1.2167575,False
EL196_L_1993_03_076_01_1_PF_05,1993-03-21,Parti communiste français,LEFT_PCF,train,1.2166862,False
EL197_L_1993_03_087_02_1_PF_05,1993-03-21,Solidarité écologie gauche alternative,ECO,train,1.2166475,False
EL137_L_1981_06_093_01_2_PF_01,1981-06-21,Parti socialiste;Mouvement des radicaux de gauche;Parti communiste français;Parti socialiste unifié,LEFT_PCF,train,1.2164799,False
EL192_L_1993_03_051_01_1_PF_05,1993-03-21,Verts;Génération écologie,ECO,train,1.2164651,False
EL195_L_1993_03_075_10_2_PF_01,1993-03-28,Parti socialiste,LEFT_PS,test,1.2164644,False
EL189_L_1993_03_009_01_1_PF_05,1993-03-21,Parti communiste français,LEFT_PCF,train,1.2163938,False
EL177_L_1988_06_075_15_1_PF_03,1988-06-05,Rassemblement pour la République;Union pour la démocratie française,RIGHT_URC,test,1.2163488,False
EL190_L_1993_03_022_03_1_PF_01,1993-03-21,Parti communiste français,LEFT_PCF,train,1.2163008,False
EL177_L_1988_06_092_02_2_PF_01,1988-06-12,Centre national des indépendants et paysans;Rassemblement pour la République;Union pour la démocratie française,RIGHT_URC,train,1.216295,False
EL137_L_1981_06_975_01_1_PF_02,1981-06-14,Union pour la démocratie française;Parti républicain,RIGHT_UDF,train,1.2162843,False
EL135_L_1981_06_059_06_2_PF_02,1981-06-21,Rassemblement pour la République,RIGHT_RPR,test,1.2162601,False
EL189_L_1993_03_013_07_1_PF_04,1993-03-21,Rassemblement pour la République;Union pour la démocratie française,RIGHT_UPF,train,1.2161987,False
EL197_L_1993_03_084_03_2_PF_01,1993-03-28,Rassemblement pour la République;Union pour la démocratie française;Centre national des indépendants,RIGHT_UPF,train,1.2161126,False
EL174_L_1988_06_007_02_1_PF_01,1988-06-05,Parti communiste français,LEFT_PCF,train,1.2160842,False
EL192_L_1993_03_056_04_1_PF_03,1993-03-21,Parti socialiste,LEFT_PS,train,1.2160431,False
EL197_L_1993_03_085_01_1_PF_01,1993-03-21,Parti communiste français,LEFT_PCF,train,1.2159693,False
EL193_L_1993_03_060_06_1_PF_04,1993-03-21,Verts;Génération écologie,ECO,train,1.2159636,False
EL174_L_1988_06_010_01_1_PF_01,1988-06-05,Parti communiste français,LEFT_PCF,train,1.2158668,False
EL175_L_1988_06_037_05_1_PF_02,1988-06-05,Parti communiste français,LEFT_PCF,train,1.2158563,False
EL135_L_1981_06_059_07_1_PF_03,1981-06-14,Parti socialiste unifié;Mouvement pour une alternative non-violente,LEFT_PS,train,1.2158558,False
EL198_L_1993_03_094_08_1_PF_03,1993-03-21,Parti communiste français,LEFT_PCF,train,1.2158171,False
EL191_L_1993_03_036_01_1_PF_01,1993-03-21,Union pour la démocratie française;Rassemblement pour la République,RIGHT_UPF,train,1.2157714,False
EL137_L_1981_06_076_07_1_PF_01,1981-06-14,Lutte ouvrière,FAR_LEFT,test,1.2156048,False
EL174_L_1988_06_019_03_1_PF_02,1988-06-05,Parti socialiste,LEFT_PS,train,1.2155755,False
EL198_L_1993_03_093_02_1_PF_09,1993-03-21,Rassemblement pour la République;Union pour la démocratie française,RIGHT_UPF,train,1.2155359,False
EL137_L_1981_06_095_02_1_PF_02,1981-06-14,Parti communiste français,LEFT_PCF,test,1.2155014,False
EL177_L_1988_06_078_10_2_PF_02,1988-06-12,Parti socialiste,LEFT_PS,test,1.2154064,False
EL177_L_1988_06_081_03_1_PF_01,1988-06-05,Parti communiste français,LEFT_PCF,train,1.2152398,False
EL196_L_1993_03_076_09_1_PF_03,1993-03-21,Parti communiste français,LEFT_PCF,test,1.2152394,False
EL189_L_1993_03_006_02_1_PF_06,1993-03-21,Parti socialiste,LEFT_PS,train,1.2151736,False
EL198_L_1993_03_092_08_1_PF_01,1993-03-21,Front national,FAR_RIGHT_FN,test,1.2150925,False
EL135_L_1981_06_052_02_1_PF_02,1981-06-14,Parti socialiste,LEFT_PS,test,1.2150917,False
EL192_L_1993_03_049_03_1_PF_02,1993-03-21,Parti communiste français,LEFT_PCF,train,1.2150913,False
EL195_L_1993_03_075_16_1_PF_04,1993-03-21,Parti socialiste;Mouvement des radicaux de gauche;Mouvement des citoyens,LEFT_PS,train,1.215051,False
EL194_L_1993_03_064_03_2_PF_02,1993-03-28,Union pour la démocratie française;Rassemblement pour la République,RIGHT_UPF,test,1.2149253,False
EL189_L_1993_03_006_03_2_PF_01,1993-03-28,Front national,FAR_RIGHT_FN,test,1.2148911,False
EL191_L_1993_03_032_01_1_PF_04,1993-03-21,Rassemblement pour la République;Centre national des indépendants,RIGHT_RPR,train,1.2148792,False
EL134_L_1981_06_035_01_1_PF_05,1981-06-14,Parti socialiste,LEFT_PS,train,1.2148193,False
EL135_L_1981_06_062_11_1_PF_03,1981-06-14,Centre des démocrates sociaux;Union pour la démocratie française,RIGHT_UDF,train,1.2147092,False
EL137_L_1981_06_091_03_1_PF_08,1981-06-14,Rassemblement des radicaux de gauche de l'Essonne,LEFT_PS,train,1.2146505,False
EL176_L_1988_06_059_11_2_PF_01,1988-06-12,Parti socialiste,LEFT_PS,test,1.2146102,False
EL189_L_1993_03_010_03_1_PF_02,1993-03-21,Ecologie les Verts;Génération écologie,ECO,train,1.2145602,False
EL191_L_1993_03_035_05_1_PF_05,1993-03-21,Syndicat national de défense du droit des agriculteurs;Collectif du monde rural pour le non à Maastricht;Coordination rurale;Union des indépendants;écologiste indépendant,ECO,train,1.2144752,False
EL176_L_1988_06_063_03_1_PF_01,1988-06-05,Parti communiste français,LEFT_PCF,train,1.214465,False
EL175_L_1988_06_050_02_1_PF_01,1988-06-05,Union pour la démocratie française;Rassemblement pour la République;Centre des démocrates sociaux;Parti républicain,RIGHT_URC,test,1.2143891,False
EL135_L_1981_06_042_02_1_PF_04,1981-06-14,Rassemblement pour la République,RIGHT_RPR,train,1.2142994,False
EL135_L_1981_06_053_03_1_PF_03,1981-06-14,Parti socialiste,LEFT_PS,test,1.2142646,False
EL137_L_1981_06_079_01_1_PF_03,1981-06-14,Mouvement des radicaux de gauche,LEFT_PS,train,1.21421,False
EL176_L_1988_06_060_06_2_PF_01,1988-06-12,Rassemblement pour la République;Union pour la démocratie française;Centre national des indépendants et paysans,RIGHT_URC,train,1.2141283,False
EL177_L_1988_06_095_07_2_PF_01,1988-06-12,Centre national des indépendants et paysans;Rassemblement pour la République;Union pour la démocratie française,RIGHT_URC,train,1.2139298,False
EL135_L_1981_06_063_04_1_PF_01,1981-06-14,Lutte ouvrière,FAR_LEFT,train,1.2139032,False
EL134_L_1981_06_013_08_1_PF_06,1981-06-14,Rassemblement pour la République,RIGHT_RPR,train,1.2138574,False
EL134_L_1981_06_001_03_1_PF_03,1981-06-14,Union pour la démocratie française,RIGHT_UDF,test,1.2137799,False
EL135_L_1981_06_038_03_1_PF_03,1981-06-14,Parti socialiste,LEFT_PS,test,1.2137606,False
EL190_L_1993_03_017_03_1_PF_02,1993-03-21,Mouvement des radicaux de gauche;Parti socialiste,LEFT_PS,test,1.2136835,False
EL137_L_1981_06_093_04_1_PF_01,1981-06-14,Lutte ouvrière,FAR_LEFT,train,1.2136288,False
EL135_L_1981_06_046_02_1_PF_01,1981-06-14,Parti communiste français,LEFT_PCF,train,1.2136275,False
EL176_L_1988_06_068_06_1_PF_01,1988-06-05,Union pour la démocratie française;Rassemblement pour la République,RIGHT_URC,train,1.213627,False
EL136_L_1981_06_072_02_1_PF_02,1981-06-14,Parti communiste français,LEFT_PCF,train,1.2135943,False
EL191_L_1993_03_033_03_1_PF_12,1993-03-21,Nouveaux écologistes du rassemblement nature et animaux;Union nationale écologiste;Parti pour la défense des animaux;Mouvement universaliste,ECO,train,1.2135587,False
EL195_L_1993_03_071_02_1_PF_07,1993-03-21,Nouveaux écologistes du rassemblement nature et animaux,ECO,train,1.2135587,False
EL177_L_1988_06_076_06_1_PF_01,1988-06-05,Parti communiste français,LEFT_PCF,train,1.2135024,False
EL177_L_1988_06_092_08_1_PF_03,1988-06-05,Parti communiste français,LEFT_PCF,train,1.213211,False
EL190_L_1993_03_017_05_2_PF_01,1993-03-28,Rassemblement pour la République;Union pour la démocratie française,RIGHT_UPF,train,1.213062,False
EL177_L_1988_06_092_06_1_PF_02,1988-06-05,Front national,FAR_RIGHT_FN,train,1.2130378,False
EL177_L_1988_06_078_07_1_PF_04,1988-06-05,Front national,FAR_RIGHT_FN,train,1.2130181,False
EL135_L_1981_06_044_01_1_PF_05,1981-06-14,Amis de la Terre;Parti socialiste unifié,LEFT_PS,train,1.2129595,False
EL174_L_1988_06_022_05_1_PF_06,1988-06-05,Rassemblement pour la République;Union pour la démocratie française,RIGHT_URC,test,1.2127242,False
EL176_L_1988_06_065_01_1_PF_02,1988-06-05,Union pour la démocratie française;Rassemblement pour la République,RIGHT_URC,train,1.2127151,False
EL135_L_1981_06_050_02_1_PF_03,1981-06-14,Parti communiste français,LEFT_PCF,train,1.2126851,False
EL191_L_1993_03_034_06_1_PF_06,1993-03-21,Front national,FAR_RIGHT_FN,test,1.2126204,False
EL190_L_1993_03_025_04_2_PF_01,1993-03-28,Parti socialiste,LEFT_PS,train,1.212604,False
EL135_L_1981_06_059_20_1_PF_03,1981-06-14,Rassemblement pour la République;Union pour la démocratie française,RIGHT_UNM,train,1.2125536,False
EL174_L_1988_06_027_04_2_PF_01,1988-06-12,Rassemblement pour la République;Union pour la démocratie française,RIGHT_URC,train,1.2124057,False
EL191_L_1993_03_033_03_1_PF_04,1993-03-21,Ligue communiste révolutionnaire,FAR_LEFT,train,1.2123705,False
EL135_L_1981_06_047_01_1_PF_01,1981-06-14,Parti communiste français,LEFT_PCF,train,1.2123191,False
EL137_L_1981_06_080_02_1_PF_01,1981-06-14,Rassemblement pour la République;Union pour la démocratie française,RIGHT_UNM,train,1.2121928,False
EL137_L_1981_06_971_03_1_PF_03,1981-06-14,Union pour la démocratie française,RIGHT_UDF,train,1.2121919,False
EL196_L_1993_03_076_08_1_PF_08,1993-03-21,Front national,FAR_RIGHT_FN,train,1.21208,False
EL194_L_1993_03_064_05_1_PF_03,1993-03-21,Parti socialiste,LEFT_PS,train,1.2120546,False
EL190_L_1993_03_029_03_1_PF_05,1993-03-21,Rassemblement pour la République;Union pour la démocratie française,RIGHT_UPF,test,1.2120413,False
EL175_L_1988_06_042_01_2_PF_02,1988-06-12,Parti socialiste,LEFT_PS,train,1.2119914,False
EL197_L_1993_03_088_04_2_PF_01,1993-03-28,Rassemblement pour la République;Union pour la démocratie française,RIGHT_UPF,test,1.2119774,False
EL135_L_1981_06_042_05_1_PF_03,1981-06-14,Rassemblement pour la République,RIGHT_RPR,test,1.2115711,False
EL137_L_1981_06_086_02_1_PF_02,1981-06-14,Parti socialiste,LEFT_PS,train,1.2115211,False
EL191_L_1993_03_035_04_1_PF_05,1993-03-21,Front national,FAR_RIGHT_FN,test,1.2114333,False
EL135_L_1981_06_055_02_1_PF_01,1981-06-14,Parti communiste français,LEFT_PCF,test,1.2113446,False
EL136_L_1981_06_072_03_1_PF_03,1981-06-14,Parti communiste français,LEFT_PCF,train,1.2111436,False
EL137_L_1981_06_087_03_1_PF_04,1981-06-14,Parti socialiste,LEFT_PS,train,1.2110718,False
EL136_L_1981_06_067_01_1_PF_06,1981-06-14,Parti socialiste unifié,LEFT_PS,train,1.2110043,False
EL177_L_1988_06_077_01_1_PF_02,1988-06-05,Front national,FAR_RIGHT_FN,train,1.2109485,False
EL134_L_1981_06_033_07_2_PF_01,1981-06-21,Parti socialiste,LEFT_PS,train,1.210434,False
EL177_L_1988_06_084_04_1_PF_01,1988-06-05,Union pour la démocratie française;Parti républicain,RIGHT_UDF,train,1.2103076,False
EL196_L_1993_03_077_03_1_PF_05,1993-03-21,Verts;Génération écologie,ECO,train,1.210237,False
EL134_L_1981_06_003_01_1_PF_04,1981-06-14,Parti socialiste,LEFT_PS,train,1.2101402,False
EL190_L_1993_03_027_05_1_PF_04,1993-03-21,Rassemblement pour la République;Union pour la démocratie française,RIGHT_UPF,test,1.2100832,False
EL190_L_1993_03_022_04_1_PF_03,1993-03-21,Parti socialiste,LEFT_PS,train,1.2098999,False
EL176_L_1988_06_069_11_2_PF_02,1988-06-12,Union pour la démocratie française;Rassemblement pour la République,RIGHT_URC,train,1.2097392,False
EL134_L_1981_06_02A_01_1_PF_04,1981-06-14,Rassemblement pour la République;Centre national des indépendants et paysans,RIGHT_RPR,test,1.2096871,False
EL191_L_1993_03_040_02_2_PF_01,1993-03-28,Union pour la démocratie française;Rassemblement pour la République,RIGHT_UPF,test,1.2096099,False
EL191_L_1993_03_035_04_1_PF_04,1993-03-21,Union pour la démocratie française;Rassemblement pour la République,RIGHT_UPF,test,1.2095147,False
EL195_L_1993_03_075_06_1_PF_03,1993-03-21,Parti socialiste;Mouvement des radicaux de gauche;Mouvement des citoyens,LEFT_PS,train,1.2095045,False
EL137_L_1981_06_080_05_1_PF_05,1981-06-14,Parti socialiste,LEFT_PS,test,1.2094295,False
EL174_L_1988_06_023_01_1_PF_02,1988-06-05,Front national,FAR_RIGHT_FN,train,1.2091582,False
EL198_L_1993_03_095_03_1_PF_02,1993-03-21,Parti socialiste,LEFT_PS,train,1.2090659,False
EL193_L_1993_03_060_03_1_PF_03,1993-03-21,Parti communiste français,LEFT_PCF,train,1.2090052,False
EL177_L_1988_06_093_06_1_PF_01,1988-06-05,Parti communiste français,LEFT_PCF,train,1.2089939,False
EL196_L_1993_03_076_08_1_PF_06,1993-03-21,Parti communiste français,LEFT_PCF,train,1.2089076,False
EL176_L_1988_06_060_01_1_PF_04,1988-06-05,Front national,FAR_RIGHT_FN,test,1.2088245,False
EL194_L_1993_03_069_14_1_PF_03,1993-03-21,Génération écologie;Verts;Alternative rouge et verte,ECO,test,1.2087985,False
EL174_L_1988_06_013_13_1_PF_02,1988-06-05,Parti communiste français,LEFT_PCF,train,1.2087371,False
EL174_L_1988_06_007_02_1_PF_03,1988-06-05,Rassemblement pour la République;Union pour la démocratie française,RIGHT_URC,train,1.2086785,False
EL195_L_1993_03_075_10_1_PF_07,1993-03-21,Verts;Génération écologie,ECO,train,1.2086238,False
EL193_L_1993_03_059_06_1_PF_01,1993-03-21,Parti socialiste,LEFT_PS,train,1.2085985,False
EL135_L_1981_06_059_18_1_PF_02,1981-06-14,Parti socialiste,LEFT_PS,train,1.2085786,False
EL196_L_1993_03_078_09_1_PF_05,1993-03-21,Verts,ECO,train,1.2083143,False
EL134_L_1981_06_027_04_1_PF_02,1981-06-14,Rassemblement pour la République;Union pour la démocratie française,RIGHT_UNM,train,1.2080065,False
EL196_L_1993_03_077_06_2_PF_01,1993-03-28,Rassemblement pour la République;Centre national des indépendants;Union pour la démocratie française,RIGHT_UPF,test,1.2077445,False
EL196_L_1993_03_077_08_1_PF_04,1993-03-21,Mouvement des citoyens;Mouvement des radicaux de gauche;Alternative démocratie socialisme,LEFT_PS,test,1.2077006,False
EL137_L_1981_06_078_07_1_PF_09,1981-06-14,Front national,FAR_RIGHT_FN,train,1.2075304,False
EL174_L_1988_06_009_02_1_PF_01,1988-06-05,Parti communiste français,LEFT_PCF,test,1.2074863,False
EL198_L_1993_03_095_07_1_PF_09,1993-03-21,Verts;Génération écologie,ECO,test,1.2073821,False
EL135_L_1981_06_052_01_1_PF_02,1981-06-14,Parti communiste français,LEFT_PCF,train,1.2073326,False
EL191_L_1993_03_036_03_1_PF_01,1993-03-21,Union pour la démocratie française;Rassemblement pour la République,RIGHT_UPF,test,1.2073201,False
EL192_L_1993_03_045_02_1_PF_01,1993-03-21,Rassemblement pour la République;Union pour la démocratie française;Centre national des indépendants et paysans,RIGHT_UPF,train,1.2071724,False
EL193_L_1993_03_062_06_1_PF_03,1993-03-21,Front national,FAR_RIGHT_FN,train,1.207119,False
EL176_L_1988_06_073_02_1_PF_02,1988-06-05,Front national,FAR_RIGHT_FN,train,1.2070858,False
EL191_L_1993_03_035_06_2_PF_01,1993-03-28,Union pour la démocratie française;Rassemblement pour la République,RIGHT_UPF,train,1.2070652,False
EL135_L_1981_06_044_07_1_PF_01,1981-06-14,écologistes,ECO,train,1.2070317,False
EL177_L_1988_06_077_04_1_PF_02,1988-06-05,Front national,FAR_RIGHT_FN,train,1.2069848,False
EL175_L_1988_06_034_01_2_PF_02,1988-06-12,Parti républicain;Rassemblement pour la République;Union pour la démocratie française;Centre des démocrates sociaux;Parti radical;Parti social-démocrate,RIGHT_URC,train,1.2069217,False
EL195_L_1993_03_072_03_2_PF_01,1993-03-28,Rassemblement pour la République;Union pour la démocratie française;Centre national des indépendants,RIGHT_UPF,train,1.2066061,False
EL135_L_1981_06_060_03_1_PF_06,1981-06-14,Union pour la démocratie française;Centre des démocrates sociaux;Parti républicain;Parti radical-socialiste;Mouvement démocrate socialiste;Clubs Perspectives et réalités;Mouvement des enseignants libéraux,LEFT_PS,train,1.2063668,False
EL189_L_1993_03_012_02_1_PF_03,1993-03-21,Génération écologie,ECO,train,1.2063631,False
EL195_L_1993_03_072_03_1_PF_03,1993-03-21,Rassemblement pour la République,RIGHT_RPR,train,1.2062685,False
EL134_L_1981_06_010_01_1_PF_04,1981-06-14,Parti communiste français,LEFT_PCF,train,1.2062602,False
EL134_L_1981_06_025_01_1_PF_07,1981-06-14,Rassemblement pour la République;Union pour la démocratie française,RIGHT_UNM,train,1.2062589,False
EL196_L_1993_03_076_05_1_PF_08,1993-03-21,Front national,FAR_RIGHT_FN,train,1.2061327,False
EL137_L_1981_06_092_04_2_PF_01,1981-06-21,Parti socialiste;Mouvement des radicaux de gauche;Parti communiste français;Parti socialiste unifié;Lutte ouvrière,LEFT_PCF,train,1.2060958,False
EL177_L_1988_06_081_04_1_PF_03,1988-06-05,Centre national des indépendants et paysans;Rassemblement pour la République;Union pour la démocratie française,RIGHT_URC,test,1.2058955,False
EL189_L_1993_03_008_03_1_PF_03,1993-03-21,Rassemblement pour la République;Union pour la démocratie française,RIGHT_UPF,train,1.2058787,False
EL190_L_1993_03_025_03_1_PF_05,1993-03-21,Solidarité écologie gauche alternative;Alternative rouge et verte,ECO,train,1.205859,False
EL137_L_1981_06_088_03_1_PF_03,1981-06-14,Parti socialiste,LEFT_PS,train,1.2058102,False
EL137_L_1981_06_076_09_2_PF_02,1981-06-21,Rassemblement pour la République;Union pour la démocratie française,RIGHT_UNM,train,1.205732,False
EL134_L_1981_06_024_01_2_PF_02,1981-06-21,Rassemblement pour la République,RIGHT_RPR,train,1.2056993,False
EL135_L_1981_06_046_01_1_PF_01,1981-06-14,Parti communiste français,LEFT_PCF,train,1.2056916,False
EL175_L_1988_06_044_04_1_PF_05,1988-06-05,Front national,FAR_RIGHT_FN,test,1.2055936,False
EL174_L_1988_06_021_02_2_PF_01,1988-06-12,Rassemblement pour la République;Union pour la démocratie française,RIGHT_URC,train,1.2053914,False
EL175_L_1988_06_029_03_1_PF_04,1988-06-05,Parti communiste français,LEFT_PCF,train,1.2053627,False
EL193_L_1993_03_059_19_1_PF_02,1993-03-21,Parti communiste français,LEFT_PCF,train,1.2052351,False
EL197_L_1993_03_091_07_1_PF_01,1993-03-21,Parti communiste français,LEFT_PCF,train,1.2052065,False
EL189_L_1993_03_006_02_1_PF_04,1993-03-21,Verts,ECO,train,1.2051544,False
EL137_L_1981_06_077_02_1_PF_01,1981-06-14,Union pour la démocratie française,RIGHT_UDF,train,1.20514,False
EL195_L_1993_03_075_17_1_PF_04,1993-03-21,Verts;Génération écologie,ECO,test,1.2051142,False
EL174_L_1988_06_013_10_1_PF_03,1988-06-05,Rassemblement pour la République;Union pour la démocratie française,RIGHT_URC,train,1.2050357,False
EL137_L_1981_06_090_01_1_PF_01,1981-06-14,Parti socialiste,LEFT_PS,train,1.2049409,False
EL135_L_1981_06_059_10_1_PF_01,1981-06-14,Parti socialiste,LEFT_PS,test,1.2049075,False
EL177_L_1988_06_078_12_1_PF_02,1988-06-05,Parti communiste français,LEFT_PCF,test,1.2048032,False
EL177_L_1988_06_092_04_1_PF_03,1988-06-05,Union pour la démocratie française;Rassemblement pour la République;Centre national des indépendants et paysans;Centre des démocrates sociaux;Mouvement solidarité participation;Parti républicain;Parti radical,RIGHT_URC,train,1.2047791,False
EL196_L_1993_03_080_04_1_PF_06,1993-03-21,Front national,FAR_RIGHT_FN,test,1.2047029,False
EL190_L_1993_03_026_01_2_PF_02,1993-03-28,Parti socialiste;Mouvement des radicaux de gauche,LEFT_PS,train,1.2045505,False
EL134_L_1981_06_024_02_1_PF_03,1981-06-14,Parti socialiste,LEFT_PS,train,1.204473,False
EL137_L_1981_06_971_03_1_PF_02,1981-06-14,Rassemblement pour la République,RIGHT_RPR,train,1.2044319,False
EL177_L_1988_06_080_02_1_PF_01,1988-06-05,Front national,FAR_RIGHT_FN,train,1.2044187,False
EL190_L_1993_03_021_02_1_PF_05,1993-03-21,Rassemblement pour la République;Union pour la démocratie française,RIGHT_UPF,train,1.2043529,False
EL135_L_1981_06_049_06_1_PF_02,1981-06-14,Parti socialiste unifié,LEFT_PS,train,1.2043254,False
EL189_L_1993_03_010_02_1_PF_07,1993-03-21,Parti socialiste,LEFT_PS,train,1.2042097,False
EL134_L_1981_06_027_01_1_PF_02,1981-06-14,Rassemblement pour la République;Union pour la démocratie française,RIGHT_UNM,test,1.2042053,False
EL191_L_1993_03_032_02_1_PF_01,1993-03-21,Parti communiste français,LEFT_PCF,train,1.2041503,False
EL196_L_1993_03_078_02_1_PF_01,1993-03-21,Rassemblement pour la République;Union pour la démocratie française,RIGHT_UPF,train,1.2041206,False
EL134_L_1981_06_017_03_1_PF_02,1981-06-14,Mouvement des radicaux de gauche;Parti socialiste,LEFT_PS,train,1.2039996,False
EL134_L_1981_06_007_02_1_PF_01,1981-06-14,Parti communiste français,LEFT_PCF,train,1.2036319,False
EL137_L_1981_06_086_03_1_PF_04,1981-06-14,écologiste;Parti socialiste unifié,LEFT_PS,train,1.2036239,False
EL190_L_1993_03_023_02_1_PF_05,1993-03-21,Rassemblement pour la République,RIGHT_RPR,train,1.2035937,False
EL177_L_1988_06_083_06_2_PF_02,1988-06-12,Union pour la démocratie française;Parti républicain,RIGHT_UDF,train,1.2035346,False
EL137_L_1981_06_080_04_1_PF_04,1981-06-14,Rassemblement pour la République,RIGHT_RPR,train,1.2033958,False
EL174_L_1988_06_013_12_1_PF_05,1988-06-05,Front national,FAR_RIGHT_FN,test,1.2033827,False
EL189_L_1993_03_006_09_1_PF_07,1993-03-21,Parti socialiste;Mouvement des radicaux de gauche,LEFT_PS,train,1.2033775,False
EL137_L_1981_06_083_04_1_PF_04,1981-06-14,Parti communiste français,LEFT_PCF,test,1.2033389,False
EL134_L_1981_06_02B_02_1_PF_02,1981-06-14,Mouvement des radicaux de gauche,LEFT_PS,train,1.2032447,False
EL175_L_1988_06_034_04_2_PF_02,1988-06-12,Rassemblement pour la République;Union pour la démocratie française;Centre national des indépendants et paysans,RIGHT_URC,train,1.2032065,False
EL192_L_1993_03_057_07_1_PF_06,1993-03-21,Parti communiste français,LEFT_PCF,train,1.2030575,False
EL177_L_1988_06_095_09_1_PF_04,1988-06-05,Parti socialiste,LEFT_PS,train,1.2029264,False
EL135_L_1981_06_057_03_1_PF_03,1981-06-14,Rassemblement pour la République,RIGHT_RPR,train,1.202824,False
EL177_L_1988_06_075_16_1_PF_05,1988-06-05,Front national,FAR_RIGHT_FN,train,1.202715,False
EL189_L_1993_03_007_01_1_PF_01,1993-03-21,Parti communiste français,LEFT_PCF,train,1.2026782,False
EL197_L_1993_03_085_01_1_PF_05,1993-03-21,Front national,FAR_RIGHT_FN,train,1.2026726,False
EL177_L_1988_06_092_13_1_PF_03,1988-06-05,Front national,FAR_RIGHT_FN,train,1.202579,False
EL137_L_1981_06_084_01_2_PF_02,1981-06-21,Rassemblement pour la République;Union pour la démocratie française,RIGHT_UNM,train,1.2023807,False
EL176_L_1988_06_071_02_1_PF_01,1988-06-05,Parti communiste français,LEFT_PCF,train,1.2023679,False
EL137_L_1981_06_077_04_2_PF_02,1981-06-21,Parti socialiste,LEFT_PS,train,1.202146,False
EL135_L_1981_06_054_05_1_PF_04,1981-06-14,Parti socialiste,LEFT_PS,train,1.201935,False
EL189_L_1993_03_010_02_1_PF_06,1993-03-21,Front national,FAR_RIGHT_FN,train,1.2018559,False
EL194_L_1993_03_066_03_1_PF_07,1993-03-21,Front national,FAR_RIGHT_FN,train,1.2017792,False
EL196_L_1993_03_080_04_1_PF_02,1993-03-21,Parti communiste français,LEFT_PCF,train,1.2016966,False
EL191_L_1993_03_038_01_1_PF_06,1993-03-21,Union pour la démocratie française;Rassemblement pour la République,RIGHT_UPF,test,1.2015239,False
EL136_L_1981_06_075_11_1_PF_04,1981-06-14,Parti socialiste unifié,LEFT_PS,train,1.2013582,False
EL136_L_1981_06_069_09_1_PF_04,1981-06-14,Parti socialiste,LEFT_PS,train,1.2012074,False
EL198_L_1993_03_093_13_2_PF_01,1993-03-28,Rassemblement pour la République;Union pour la démocratie française,RIGHT_UPF,train,1.2011162,False
EL196_L_1993_03_078_06_1_PF_03,1993-03-21,Parti communiste français,LEFT_PCF,train,1.2011058,False
EL134_L_1981_06_017_05_1_PF_02,1981-06-14,Parti socialiste,LEFT_PS,train,1.2010376,False
EL177_L_1988_06_078_09_2_PF_02,1988-06-12,Parti socialiste,LEFT_PS,train,1.2009875,False
EL137_L_1981_06_092_04_2_PF_02,1981-06-21,Rassemblement pour la République,RIGHT_RPR,test,1.2008306,False
EL176_L_1988_06_059_02_1_PF_04,1988-06-05,Rassemblement pour la République;Union pour la démocratie française,RIGHT_URC,train,1.200664,False
EL177_L_1988_06_077_05_1_PF_04,1988-06-05,Rassemblement pour la République;Union pour la démocratie française,RIGHT_URC,test,1.2006387,False
EL176_L_1988_06_059_23_1_PF_04,1988-06-05,Parti communiste français,LEFT_PCF,train,1.2006137,False
EL175_L_1988_06_051_02_1_PF_03,1988-06-05,Verts alternatifs,ECO,train,1.2005723,False
EL177_L_1988_06_091_10_1_PF_04,1988-06-05,Centre national des indépendants et paysans;Rassemblement pour la République;Union pour la démocratie française,RIGHT_URC,train,1.2005486,False
EL134_L_1981_06_008_01_1_PF_05,1981-06-14,Parti socialiste,LEFT_PS,train,1.2004093,False
EL196_L_1993_03_078_01_2_PF_01,1993-03-28,Rassemblement pour la République;Union pour la démocratie française,RIGHT_UPF,train,1.2002184,False
EL175_L_1988_06_031_05_1_PF_02,1988-06-05,Rassemblement pour la République,RIGHT_RPR,train,1.1999489,False
EL192_L_1993_03_054_01_1_PF_07,1993-03-21,Parti socialiste,LEFT_PS,train,1.1999242,False
EL175_L_1988_06_035_04_1_PF_03,1988-06-05,Rassemblement pour la République;Union pour la démocratie française,RIGHT_URC,train,1.1998806,False
EL192_L_1993_03_049_07_1_PF_04,1993-03-21,Parti socialiste,LEFT_PS,train,1.199742,False
EL191_L_1993_03_033_09_1_PF_05,1993-03-21,Front national,FAR_RIGHT_FN,train,1.199715,False
EL137_L_1981_06_090_01_1_PF_03,1981-06-14,Parti communiste français,LEFT_PCF,train,1.1996795,False
EL190_L_1993_03_02B_02_2_PF_01,1993-03-28,Union pour la démocratie française;Rassemblement pour la République,RIGHT_UPF,train,1.19966,False
EL190_L_1993_03_023_02_1_PF_07,1993-03-21,Front national,FAR_RIGHT_FN,train,1.199583,False
EL177_L_1988_06_087_04_2_PF_02,1988-06-12,Centre national des indépendants et paysans;Rassemblement pour la République;Union pour la démocratie française;Mouvement solidarité participation,RIGHT_URC,train,1.1995605,False
EL135_L_1981_06_062_01_2_PF_02,1981-06-21,Union pour la démocratie française,RIGHT_UDF,test,1.1995285,False
EL174_L_1988_06_006_01_1_PF_04,1988-06-05,Union pour la démocratie française;Rassemblement pour la République;Centre national des indépendants et paysans,RIGHT_URC,train,1.1992993,False
EL197_L_1993_03_089_03_1_PF_05,1993-03-21,Parti communiste français,LEFT_PCF,train,1.1992992,False
EL195_L_1993_03_075_13_1_PF_01,1993-03-21,Front national,FAR_RIGHT_FN,test,1.19926,False
EL177_L_1988_06_076_04_1_PF_05,1988-06-05,Front national,FAR_RIGHT_FN,train,1.1991951,False
EL135_L_1981_06_059_09_2_PF_02,1981-06-21,Parti socialiste,LEFT_PS,train,1.1989788,False
EL197_L_1993_03_091_01_2_PF_02,1993-03-28,Rassemblement pour la République;Union pour la démocratie française,RIGHT_UPF,train,1.1989262,False
EL190_L_1993_03_025_02_2_PF_01,1993-03-28,Parti socialiste;Mouvement des radicaux de gauche,LEFT_PS,train,1.1989095,False
EL135_L_1981_06_042_03_2_PF_01,1981-06-21,Parti socialiste,LEFT_PS,train,1.1987854,False
EL177_L_1988_06_092_04_2_PF_01,1988-06-12,Union pour la démocratie française;Rassemblement pour la République;Centre national des indépendants et paysans;Centre des démocrates sociaux;Mouvement solidarité participation;Parti républicain;Parti radical,RIGHT_URC,train,1.1987756,False
EL197_L_1993_03_085_04_1_PF_07,1993-03-21,Rassemblement pour la République;Union pour la démocratie française,RIGHT_UPF,train,1.1986059,False
EL197_L_1993_03_083_04_1_PF_05,1993-03-21,Front national,FAR_RIGHT_FN,train,1.1985898,False
EL177_L_1988_06_092_04_1_PF_02,1988-06-05,Front national,FAR_RIGHT_FN,train,1.1984988,False
EL194_L_1993_03_064_06_2_PF_01,1993-03-28,Union pour la démocratie française;Rassemblement pour la République,RIGHT_UPF,train,1.1982604,False
EL177_L_1988_06_077_09_1_PF_03,1988-06-05,Rassemblement pour la République;Union pour la démocratie française,RIGHT_URC,train,1.1982598,False
EL190_L_1993_03_027_03_1_PF_01,1993-03-21,Front national,FAR_RIGHT_FN,train,1.1981429,False
EL191_L_1993_03_034_04_1_PF_03,1993-03-21,Parti communiste français,LEFT_PCF,test,1.1980693,False
EL174_L_1988_06_013_07_1_PF_01,1988-06-05,Parti communiste français,LEFT_PCF,train,1.1980234,False
EL195_L_1993_03_072_01_1_PF_06,1993-03-21,Parti socialiste,LEFT_PS,train,1.197913,False
EL175_L_1988_06_039_03_1_PF_03,1988-06-05,Parti communiste français,LEFT_PCF,train,1.1976511,False
EL135_L_1981_06_059_04_1_PF_02,1981-06-14,Lutte ouvrière,FAR_LEFT,train,1.1974103,False
EL195_L_1993_03_075_16_1_PF_03,1993-03-21,Parti communiste français,LEFT_PCF,train,1.1971432,False
EL196_L_1993_03_081_01_1_PF_05,1993-03-21,Parti socialiste,LEFT_PS,train,1.1970874,False
EL195_L_1993_03_071_04_1_PF_03,1993-03-21,Rassemblement pour la République,RIGHT_RPR,test,1.1970184,False
EL176_L_1988_06_068_01_1_PF_01,1988-06-05,Union pour la démocratie française;Rassemblement pour la République,RIGHT_URC,train,1.1968849,False
EL135_L_1981_06_059_20_1_PF_02,1981-06-14,Parti socialiste,LEFT_PS,train,1.1966414,False
EL190_L_1993_03_022_02_1_PF_05,1993-03-21,Union pour la démocratie française;Rassemblement pour la République,RIGHT_UPF,train,1.1966367,False
EL177_L_1988_06_076_09_1_PF_01,1988-06-05,Parti communiste français,LEFT_PCF,train,1.1965735,False
EL192_L_1993_03_050_05_1_PF_06,1993-03-21,Union pour la démocratie française,RIGHT_UDF,train,1.1965365,False
EL190_L_1993_03_017_02_1_PF_06,1993-03-21,Rassemblement pour la République;Union pour la démocratie française,RIGHT_UPF,train,1.1964743,False
EL176_L_1988_06_056_03_1_PF_02,1988-06-05,Parti socialiste,LEFT_PS,train,1.1964511,False
EL190_L_1993_03_029_01_2_PF_01,1993-03-28,Rassemblement pour la République;Union pour la démocratie française,RIGHT_UPF,train,1.196392,False
EL197_L_1993_03_091_01_1_PF_07,1993-03-21,Parti socialiste;Mouvement des radicaux de gauche,LEFT_PS,train,1.1963857,False
EL135_L_1981_06_059_21_1_PF_03,1981-06-14,Rassemblement pour la République,RIGHT_RPR,train,1.1963555,False
EL134_L_1981_06_017_01_2_PF_01,1981-06-21,Mouvement des radicaux de gauche;Parti socialiste,LEFT_PS,train,1.1961675,False
EL191_L_1993_03_035_06_1_PF_05,1993-03-21,Front national,FAR_RIGHT_FN,train,1.1958863,False
EL135_L_1981_06_045_01_2_PF_02,1981-06-21,Socialiste,LEFT_PS,train,1.1957759,False
EL193_L_1993_03_059_06_2_PF_02,1993-03-28,Rassemblement pour la République;Centre national des indépendants;Union pour la démocratie française,RIGHT_UPF,train,1.1957628,False
EL190_L_1993_03_016_04_1_PF_03,1993-03-21,Rassemblement pour la République,RIGHT_RPR,train,1.1957505,False
EL189_L_1993_03_002_04_1_PF_02,1993-03-21,Parti communiste français,LEFT_PCF,train,1.1957366,False
EL177_L_1988_06_091_02_1_PF_04,1988-06-05,Centre national des indépendants et paysans;Rassemblement pour la République;Union pour la démocratie française,RIGHT_URC,train,1.1956314,False
EL177_L_1988_06_092_01_1_PF_03,1988-06-05,Centre national des indépendants et paysans;Rassemblement pour la République;Union pour la démocratie française,RIGHT_URC,train,1.1956141,False
EL174_L_1988_06_027_01_1_PF_04,1988-06-05,Front national,FAR_RIGHT_FN,train,1.1954263,False
EL134_L_1981_06_007_03_1_PF_03,1981-06-14,Rassemblement pour la République;Union pour la démocratie française,RIGHT_UNM,train,1.1954067,False
EL137_L_1981_06_093_08_1_PF_01,1981-06-14,Lutte ouvrière,FAR_LEFT,train,1.1952168,False
EL174_L_1988_06_013_01_2_PF_01,1988-06-12,Rassemblement pour la République;Union pour la démocratie française,RIGHT_URC,train,1.1951923,False
EL175_L_1988_06_042_04_1_PF_04,1988-06-05,Union pour la démocratie française;Centre des démocrates sociaux,RIGHT_UDF,train,1.1951166,False
EL175_L_1988_06_030_05_1_PF_01,1988-06-05,Rassemblement pour la République;Union pour la démocratie française,RIGHT_URC,train,1.1946843,False
EL189_L_1993_03_012_03_1_PF_05,1993-03-21,Parti communiste français,LEFT_PCF,train,1.1945912,False
EL174_L_1988_06_008_03_1_PF_04,1988-06-05,Parti communiste français,LEFT_PCF,test,1.1944832,False
EL134_L_1981_06_013_04_1_PF_03,1981-06-14,Ligue communiste révolutionnaire,FAR_LEFT,train,1.1944451,False
EL174_L_1988_06_018_03_1_PF_02,1988-06-05,Parti socialiste,LEFT_PS,train,1.1943057,False
EL136_L_1981_06_075_14_2_PF_01,1981-06-21,Parti socialiste,LEFT_PS,test,1.1942439,False
EL136_L_1981_06_069_01_1_PF_02,1981-06-14,Parti communiste français,LEFT_PCF,train,1.194017,False
EL189_L_1993_03_006_08_2_PF_02,1993-03-28,Union pour la démocratie française,RIGHT_UDF,train,1.1939996,False
EL137_L_1981_06_093_08_1_PF_03,1981-06-14,Parti communiste français,LEFT_PCF,train,1.1939855,False
EL195_L_1993_03_071_01_2_PF_01,1993-03-28,Union pour la démocratie française;Rassemblement pour la République,RIGHT_UPF,test,1.1939199,False
EL136_L_1981_06_074_03_1_PF_02,1981-06-14,Parti socialiste,LEFT_PS,train,1.1938399,False
EL194_L_1993_03_070_02_1_PF_02,1993-03-21,Parti communiste français,LEFT_PCF,test,1.1937131,False
EL192_L_1993_03_055_01_1_PF_02,1993-03-21,Présence socialiste,LEFT_PS,train,1.1936668,False
EL192_L_1993_03_049_05_1_PF_02,1993-03-21,Union pour la démocratie française;Rassemblement pour la République,RIGHT_UPF,train,1.1936036,False
EL189_L_1993_03_004_02_2_PF_02,1993-03-28,Front national,FAR_RIGHT_FN,train,1.1935252,False
EL135_L_1981_06_062_08_1_PF_02,1981-06-14,Parti socialiste,LEFT_PS,test,1.1935111,False
EL175_L_1988_06_054_06_1_PF_04,1988-06-05,Parti communiste français,LEFT_PCF,train,1.1934708,False
EL195_L_1993_03_075_06_1_PF_01,1993-03-21,Front national,FAR_RIGHT_FN,train,1.1934699,False
EL189_L_1993_03_013_10_1_PF_11,1993-03-21,Parti communiste français,LEFT_PCF,train,1.1933926,False
EL135_L_1981_06_054_01_1_PF_02,1981-06-14,Parti socialiste,LEFT_PS,train,1.1933805,False
EL135_L_1981_06_061_01_2_PF_02,1981-06-21,Parti socialiste,LEFT_PS,train,1.1933482,False
EL196_L_1993_03_077_04_1_PF_01,1993-03-21,Front national,FAR_RIGHT_FN,train,1.1933354,False
EL134_L_1981_06_030_01_1_PF_02,1981-06-14,Parti socialiste,LEFT_PS,train,1.1931672,False
EL176_L_1988_06_074_05_1_PF_03,1988-06-05,Parti communiste français,LEFT_PCF,train,1.1930711,False
EL176_L_1988_06_068_02_1_PF_03,1988-06-05,Rassemblement pour la République;Union pour la démocratie française,RIGHT_URC,test,1.1930615,False
EL177_L_1988_06_087_03_2_PF_01,1988-06-12,Parti socialiste,LEFT_PS,train,1.1929772,False
EL134_L_1981_06_003_04_1_PF_03,1981-06-14,Radical-socialiste,LEFT_PS,train,1.1928645,False
EL134_L_1981_06_014_01_2_PF_02,1981-06-21,Parti socialiste,LEFT_PS,train,1.1928586,False
EL134_L_1981_06_032_02_1_PF_01,1981-06-14,Parti socialiste,LEFT_PS,train,1.1928558,False
EL137_L_1981_06_095_05_1_PF_01,1981-06-14,Parti communiste français,LEFT_PCF,train,1.1927626,False
EL195_L_1993_03_075_10_2_PF_02,1993-03-28,Rassemblement pour la République;Union pour la démocratie française,RIGHT_UPF,train,1.1926506,False
EL135_L_1981_06_062_08_1_PF_03,1981-06-14,Rassemblement pour la République;Union pour la démocratie française,RIGHT_UNM,test,1.1925626,False
EL197_L_1993_03_083_05_1_PF_02,1993-03-21,Front national,FAR_RIGHT_FN,train,1.192525,False
EL134_L_1981_06_031_04_1_PF_06,1981-06-14,Union pour la démocratie française;Parti républicain,RIGHT_UDF,train,1.1925004,False
EL137_L_1981_06_093_09_2_PF_01,1981-06-21,Parti socialiste;Parti communiste français,LEFT_PCF,test,1.1923814,False
EL196_L_1993_03_080_02_1_PF_04,1993-03-21,Verts,ECO,train,1.1923509,False
EL135_L_1981_06_046_01_1_PF_03,1981-06-14,Rassemblement pour la République,RIGHT_RPR,train,1.1922281,False
EL176_L_1988_06_071_03_1_PF_01,1988-06-05,Parti communiste français,LEFT_PCF,train,1.1921724,False
EL177_L_1988_06_078_02_2_PF_01,1988-06-12,Rassemblement pour la République;Union pour la démocratie française,RIGHT_URC,train,1.1919787,False
EL134_L_1981_06_011_01_1_PF_03,1981-06-14,Parti socialiste,LEFT_PS,train,1.191964,False
EL137_L_1981_06_080_03_1_PF_03,1981-06-14,Parti socialiste,LEFT_PS,train,1.1918019,False
EL176_L_1988_06_057_04_2_PF_02,1988-06-12,Rassemblement pour la République;Union pour la démocratie française,RIGHT_URC,train,1.1915352,False
EL198_L_1993_03_095_04_1_PF_02,1993-03-21,Verts;Génération écologie,ECO,train,1.1915275,False
EL137_L_1981_06_094_08_1_PF_02,1981-06-14,Parti socialiste;Mouvement des radicaux de gauche,LEFT_PS,train,1.1914598,False
EL189_L_1993_03_013_13_1_PF_07,1993-03-21,Union pour la démocratie française;Rassemblement pour la République;Centre des démocrates sociaux,RIGHT_UPF,train,1.191454,False
EL189_L_1993_03_013_13_2_PF_02,1993-03-28,Union pour la démocratie française;Rassemblement pour la République;Centre des démocrates sociaux,RIGHT_UPF,train,1.191454,False
EL192_L_1993_03_050_04_1_PF_06,1993-03-21,Front national,FAR_RIGHT_FN,train,1.1913949,False
EL176_L_1988_06_072_05_2_PF_01,1988-06-12,Rassemblement pour la République;Union pour la démocratie française,RIGHT_URC,test,1.1913338,False
EL192_L_1993_03_049_04_2_PF_01,1993-03-28,Union pour la démocratie française;Rassemblement pour la République,RIGHT_UPF,train,1.1913177,False
EL191_L_1993_03_041_03_2_PF_01,1993-03-28,Centre des démocrates sociaux;Union pour la démocratie française,RIGHT_UDF,train,1.1913002,False
EL176_L_1988_06_074_03_2_PF_02,1988-06-12,Rassemblement pour la République;Centre national des indépendants et paysans,RIGHT_RPR,test,1.1911926,False
EL174_L_1988_06_008_02_1_PF_03,1988-06-05,Parti communiste français,LEFT_PCF,train,1.1911464,False
EL177_L_1988_06_094_05_1_PF_03,1988-06-05,Parti communiste français,LEFT_PCF,train,1.191132,False
EL198_L_1993_03_093_06_2_PF_02,1993-03-28,Rassemblement pour la République;Union pour la démocratie française,RIGHT_UPF,train,1.1911122,False
EL189_L_1993_03_013_13_1_PF_02,1993-03-21,Front national,FAR_RIGHT_FN,train,1.1910621,False
EL135_L_1981_06_045_02_2_PF_01,1981-06-21,Rassemblement pour la République;Union pour la démocratie française,RIGHT_UNM,train,1.1909345,False
EL190_L_1993_03_017_02_2_PF_01,1993-03-28,Rassemblement pour la République;Union pour la démocratie française,RIGHT_UPF,train,1.1908265,False
EL175_L_1988_06_049_03_1_PF_01,1988-06-05,Parti communiste français,LEFT_PCF,train,1.1908213,False
EL177_L_1988_06_076_09_2_PF_02,1988-06-12,Rassemblement pour la République;Union pour la démocratie française,RIGHT_URC,train,1.1907576,False
EL197_L_1993_03_091_07_1_PF_07,1993-03-21,Ecologie les Verts,ECO,train,1.1904999,False
EL192_L_1993_03_056_03_1_PF_04,1993-03-21,Verts;Génération écologie,ECO,test,1.1904789,False
EL191_L_1993_03_042_04_1_PF_02,1993-03-21,Génération écologie;Verts,ECO,train,1.1904217,False
EL174_L_1988_06_022_04_1_PF_03,1988-06-05,Front national,FAR_RIGHT_FN,train,1.1903707,False
EL190_L_1993_03_028_01_2_PF_01,1993-03-28,Rassemblement pour la République;Union pour la démocratie française,RIGHT_UPF,train,1.1903659,False
EL192_L_1993_03_044_03_1_PF_06,1993-03-21,Union pour la démocratie française;Rassemblement pour la République,RIGHT_UPF,train,1.190353,False
EL175_L_1988_06_029_08_1_PF_01,1988-06-05,Parti communiste français,LEFT_PCF,test,1.1903251,False
EL134_L_1981_06_029_04_1_PF_02,1981-06-14,Parti communiste français,LEFT_PCF,train,1.1903183,False
EL191_L_1993_03_034_02_1_PF_10,1993-03-21,Front national,FAR_RIGHT_FN,train,1.1903038,False
EL134_L_1981_06_027_02_1_PF_03,1981-06-14,Union pour la démocratie française,RIGHT_UDF,train,1.1902205,False
EL136_L_1981_06_069_02_1_PF_05,1981-06-14,Lutte ouvrière,FAR_LEFT,train,1.1901733,False
EL134_L_1981_06_031_02_1_PF_01,1981-06-14,Parti socialiste,LEFT_PS,train,1.1900146,False
EL176_L_1988_06_066_03_1_PF_04,1988-06-05,Rassemblement pour la République;Union pour la démocratie française,RIGHT_URC,test,1.189979,False
EL198_L_1993_03_095_04_1_PF_10,1993-03-21,Parti socialiste;Mouvement des radicaux de gauche,LEFT_PS,train,1.1899186,False
EL191_L_1993_03_034_05_1_PF_04,1993-03-21,Génération écologie;Verts,ECO,train,1.1899177,False
EL191_L_1993_03_031_03_2_PF_01,1993-03-28,Union pour la démocratie française,RIGHT_UDF,test,1.1898143,False
EL177_L_1988_06_095_01_2_PF_02,1988-06-12,Mouvement des radicaux de gauche;Démocrates de progrès,LEFT_PS,train,1.1896727,False
EL134_L_1981_06_002_02_1_PF_03,1981-06-14,Parti communiste français,LEFT_PCF,train,1.1896558,False
EL198_L_1993_03_095_05_1_PF_10,1993-03-21,Verts;Génération écologie,ECO,train,1.1895835,False
EL135_L_1981_06_042_04_2_PF_01,1981-06-21,Parti socialiste;Parti socialiste unifié;Parti communiste français;Mouvement des radicaux de gauche,LEFT_PCF,train,1.1895624,False
EL190_L_1993_03_02A_02_2_PF_01,1993-03-28,Rassemblement pour la République,RIGHT_RPR,train,1.1895485,False
EL177_L_1988_06_076_06_1_PF_03,1988-06-05,Rassemblement pour la République;Union pour la démocratie française,RIGHT_URC,train,1.1894459,False
EL176_L_1988_06_068_04_1_PF_01,1988-06-05,Union pour la démocratie française;Rassemblement pour la République,RIGHT_URC,test,1.1893908,False
EL174_L_1988_06_013_11_2_PF_02,1988-06-12,Rassemblement pour la République;Union pour la démocratie française,RIGHT_URC,train,1.1893864,False
EL192_L_1993_03_045_01_1_PF_06,1993-03-21,Rassemblement pour la République,RIGHT_RPR,train,1.1893761,False
EL134_L_1981_06_006_06_1_PF_04,1981-06-14,Mouvement des radicaux de gauche,LEFT_PS,train,1.1892804,False
EL135_L_1981_06_055_01_1_PF_01,1981-06-14,Union pour la démocratie française;Rassemblement pour la République,RIGHT_UNM,train,1.1891848,False
EL191_L_1993_03_031_03_1_PF_02,1993-03-21,Union pour la démocratie française,RIGHT_UDF,test,1.1891408,False
EL190_L_1993_03_021_03_1_PF_05,1993-03-21,Verts;Génération écologie,ECO,train,1.1891227,False
EL174_L_1988_06_028_01_1_PF_05,1988-06-05,Front national,FAR_RIGHT_FN,train,1.1891153,False
EL194_L_1993_03_067_06_1_PF_04,1993-03-21,Parti communiste français,LEFT_PCF,train,1.189042,False
EL174_L_1988_06_006_07_1_PF_04,1988-06-05,Parti communiste français,LEFT_PCF,train,1.1890092,False
EL192_L_1993_03_057_06_1_PF_02,1993-03-21,Rassemblement pour la République,RIGHT_RPR,train,1.1889681,False
EL189_L_1993_03_013_11_2_PF_01,1993-03-28,Union pour la démocratie française;Rassemblement pour la République,RIGHT_UPF,train,1.1888697,False
EL190_L_1993_03_028_04_1_PF_05,1993-03-21,Rassemblement pour la République;Union pour la démocratie française,RIGHT_UPF,train,1.1888525,False
EL196_L_1993_03_077_09_1_PF_04,1993-03-21,Front national,FAR_RIGHT_FN,train,1.1887717,False
EL191_L_1993_03_032_01_1_PF_05,1993-03-21,Union pour la démocratie française;Parti républicain,RIGHT_UDF,test,1.1887301,False
EL189_L_1993_03_013_03_2_PF_01,1993-03-28,Front national,FAR_RIGHT_FN,train,1.1885736,False
EL175_L_1988_06_031_02_1_PF_02,1988-06-05,Parti communiste français,LEFT_PCF,train,1.1885469,False
EL190_L_1993_03_018_02_1_PF_09,1993-03-21,Front national,FAR_RIGHT_FN,train,1.1882967,False
EL191_L_1993_03_040_01_1_PF_02,1993-03-21,Parti socialiste,LEFT_PS,train,1.1882415,False
EL136_L_1981_06_071_03_1_PF_01,1981-06-14,Parti socialiste,LEFT_PS,test,1.1882298,False
EL134_L_1981_06_022_03_1_PF_02,1981-06-14,Rassemblement pour la République;Union pour la démocratie française,RIGHT_UNM,train,1.1882081,False
EL194_L_1993_03_067_09_2_PF_01,1993-03-28,Union pour la démocratie française,RIGHT_UDF,test,1.1880864,False
EL190_L_1993_03_029_06_1_PF_01,1993-03-21,Parti communiste français,LEFT_PCF,train,1.1879045,False
EL134_L_1981_06_027_01_1_PF_04,1981-06-14,Parti communiste français,LEFT_PCF,train,1.1878145,False
EL192_L_1993_03_045_04_2_PF_01,1993-03-28,Rassemblement pour la République;Union pour la démocratie française;Centre national des indépendants et paysans,RIGHT_UPF,train,1.1877712,False
EL191_L_1993_03_033_09_2_PF_01,1993-03-28,Union pour la démocratie française;Rassemblement pour la République,RIGHT_UPF,test,1.187687,False
EL174_L_1988_06_022_01_2_PF_02,1988-06-12,Rassemblement pour la République;Union pour la démocratie française,RIGHT_URC,test,1.1875511,False
EL194_L_1993_03_068_01_1_PF_01,1993-03-21,Parti socialiste,LEFT_PS,test,1.1875461,False
EL198_L_1993_03_094_12_1_PF_07,1993-03-21,Alliance pour l'écologie et la démocratie;Région verte;SOS environnement;Association des usagers de l'administration et des services publics;Fédération des usagers des transports d'Ile-de-France;Comité d'action du Val-de-Marne contre le bruit,ECO,train,1.1875355,False
EL134_L_1981_06_035_01_1_PF_02,1981-06-14,Parti socialiste unifié;Parti communiste révolutionnaire;Union démocratique bretonne,LEFT_PS,train,1.187534,False
EL137_L_1981_06_091_03_1_PF_03,1981-06-14,Lutte ouvrière,FAR_LEFT,train,1.187362,False
EL137_L_1981_06_087_01_1_PF_02,1981-06-14,écologiste;Parti socialiste unifié,LEFT_PS,train,1.187359,False
EL135_L_1981_06_062_05_1_PF_02,1981-06-14,Parti socialiste,LEFT_PS,train,1.1873205,False
EL190_L_1993_03_022_05_1_PF_02,1993-03-21,Union pour la démocratie française;Rassemblement pour la République,RIGHT_UPF,train,1.1872902,False
EL136_L_1981_06_075_05_1_PF_04,1981-06-14,Rassemblement pour la République;Union pour la démocratie française;Centre national des indépendants,RIGHT_UNM,train,1.1872584,False
EL134_L_1981_06_027_04_1_PF_01,1981-06-14,Parti socialiste;Mouvement des radicaux de gauche,LEFT_PS,train,1.1868355,False
EL189_L_1993_03_013_10_1_PF_03,1993-03-21,Solidarité écologie gauche alternative,ECO,train,1.1868323,False
EL196_L_1993_03_076_07_1_PF_03,1993-03-21,Front national,FAR_RIGHT_FN,train,1.1867738,False
EL174_L_1988_06_024_02_1_PF_01,1988-06-05,Parti socialiste;Mouvement des radicaux de gauche,LEFT_PS,test,1.1866218,False
EL195_L_1993_03_075_03_1_PF_14,1993-03-21,Nouveaux écologistes du rassemblement nature et animaux,ECO,train,1.1866208,False
EL135_L_1981_06_047_01_1_PF_02,1981-06-14,Parti socialiste;Mouvement des radicaux de gauche,LEFT_PS,train,1.1866075,False
EL190_L_1993_03_02B_02_1_PF_03,1993-03-21,Mouvement des radicaux de gauche,LEFT_PS,train,1.1866069,False
EL193_L_1993_03_060_01_1_PF_07,1993-03-21,Front national,FAR_RIGHT_FN,test,1.1865954,False
EL198_L_1993_03_092_02_2_PF_02,1993-03-28,Rassemblement pour la République;Union pour la démocratie française,RIGHT_UPF,train,1.1865666,False
EL135_L_1981_06_050_05_1_PF_04,1981-06-14,Parti communiste français,LEFT_PCF,test,1.1864318,False
EL137_L_1981_06_077_01_1_PF_03,1981-06-14,Parti communiste français,LEFT_PCF,train,1.1863995,False
EL190_L_1993_03_016_01_1_PF_05,1993-03-21,Parti communiste français,LEFT_PCF,test,1.1861745,False
EL176_L_1988_06_056_03_1_PF_01,1988-06-05,Parti communiste français,LEFT_PCF,train,1.1860839,False
EL174_L_1988_06_013_11_1_PF_04,1988-06-05,Front national,FAR_RIGHT_FN,train,1.186039,False
EL191_L_1993_03_034_04_2_PF_01,1993-03-28,Génération écologie;Mouvement des réformateurs,ECO,train,1.1860275,False
EL137_L_1981_06_076_04_1_PF_01,1981-06-14,Lutte ouvrière,FAR_LEFT,train,1.1860156,False
EL137_L_1981_06_093_07_2_PF_01,1981-06-21,Parti socialiste;Mouvement des radicaux de gauche;Parti socialiste unifié;Parti communiste français,LEFT_PCF,train,1.185945,False
EL195_L_1993_03_075_04_1_PF_01,1993-03-21,Parti socialiste;Mouvement des radicaux de gauche,LEFT_PS,train,1.1858357,False
EL137_L_1981_06_080_05_1_PF_02,1981-06-14,écologiste,ECO,train,1.1858243,False
EL192_L_1993_03_044_01_1_PF_03,1993-03-21,Union pour la démocratie française;Rassemblement pour la République,RIGHT_UPF,train,1.1858163,False
EL190_L_1993_03_029_04_1_PF_02,1993-03-21,Parti communiste français,LEFT_PCF,train,1.1858073,False
EL176_L_1988_06_058_03_1_PF_03,1988-06-05,Rassemblement pour la République;Union pour la démocratie française,RIGHT_URC,train,1.1857736,False
EL190_L_1993_03_029_01_1_PF_02,1993-03-21,Alliance pour l'écologie et la démocratie,ECO,train,1.1857717,False
EL192_L_1993_03_044_09_2_PF_01,1993-03-28,Union pour la démocratie française,RIGHT_UDF,train,1.1857532,False
EL177_L_1988_06_094_12_1_PF_05,1988-06-05,Région verte;Val-de-Marne écologie,ECO,train,1.185719,False
EL137_L_1981_06_093_03_1_PF_04,1981-06-14,Parti socialiste,LEFT_PS,train,1.1856487,False
EL134_L_1981_06_007_01_1_PF_04,1981-06-14,Union pour la démocratie française,RIGHT_UDF,train,1.18564,False
EL191_L_1993_03_037_02_1_PF_01,1993-03-21,Verts;Génération écologie,ECO,train,1.1856399,False
EL197_L_1993_03_091_06_1_PF_03,1993-03-21,Front national,FAR_RIGHT_FN,train,1.1855934,False
EL135_L_1981_06_038_06_1_PF_03,1981-06-14,Rassemblement pour la République;Centre national des indépendants et paysans,RIGHT_RPR,train,1.1854188,False
EL175_L_1988_06_044_05_1_PF_03,1988-06-05,Rassemblement pour la République;Union pour la démocratie française,RIGHT_URC,train,1.1851629,False
EL136_L_1981_06_075_31_1_PF_03,1981-06-14,Parti socialiste unifié,LEFT_PS,test,1.1851152,False
EL135_L_1981_06_066_02_1_PF_01,1981-06-14,Parti communiste français,LEFT_PCF,train,1.1851017,False
EL176_L_1988_06_060_07_1_PF_05,1988-06-05,Front national,FAR_RIGHT_FN,train,1.1850678,False
EL177_L_1988_06_091_09_2_PF_01,1988-06-12,Rassemblement pour la République;Union pour la démocratie française,RIGHT_URC,train,1.1849993,False
EL192_L_1993_03_051_04_1_PF_01,1993-03-21,Front national,FAR_RIGHT_FN,train,1.1849879,False
EL134_L_1981_06_029_07_1_PF_04,1981-06-14,Union pour la démocratie française;Centre des démocrates sociaux,RIGHT_UDF,train,1.1849725,False
EL197_L_1993_03_091_02_1_PF_04,1993-03-21,Rassemblement pour la République;Union pour la démocratie française,RIGHT_UPF,train,1.1848973,False
EL192_L_1993_03_047_02_2_PF_01,1993-03-28,Rassemblement pour la République;Union pour la démocratie française;Centre national des indépendants,RIGHT_UPF,train,1.1848781,False
EL195_L_1993_03_075_08_1_PF_04,1993-03-21,Front national,FAR_RIGHT_FN,train,1.1848676,False
EL189_L_1993_03_014_02_1_PF_05,1993-03-21,Front national,FAR_RIGHT_FN,train,1.1847647,False
EL137_L_1981_06_972_03_1_PF_03,1981-06-14,Parti socialiste,LEFT_PS,train,1.1847382,False
EL137_L_1981_06_093_05_1_PF_06,1981-06-14,Centre national des indépendants;Rassemblement pour la République,RIGHT_RPR,train,1.1846733,False
EL135_L_1981_06_051_04_1_PF_01,1981-06-14,Parti communiste français,LEFT_PCF,train,1.1845279,False
EL136_L_1981_06_075_23_1_PF_01,1981-06-14,Front national,FAR_RIGHT_FN,train,1.1845106,False
EL175_L_1988_06_045_04_1_PF_03,1988-06-05,Parti communiste français,LEFT_PCF,train,1.1844634,False
EL192_L_1993_03_052_02_1_PF_05,1993-03-21,Union pour la démocratie française,RIGHT_UDF,train,1.1844314,False
EL192_L_1993_03_044_10_1_PF_01,1993-03-21,Front national,FAR_RIGHT_FN,train,1.1843334,False
EL196_L_1993_03_081_03_1_PF_02,1993-03-21,Parti socialiste;Mouvement des radicaux de gauche,LEFT_PS,train,1.184286,False
EL197_L_1993_03_089_01_1_PF_05,1993-03-21,Solidarité écologie gauche alternative;Parti des travailleurs;Mouvement des citoyens;Démocratie socialiste;Alternative démocratie socialisme;Alternative rouge et verte,LEFT_PS,train,1.1842746,False
EL177_L_1988_06_075_17_1_PF_06,1988-06-05,Front national,FAR_RIGHT_FN,train,1.184258,False
EL134_L_1981_06_002_02_2_PF_01,1981-06-21,Parti communiste français,LEFT_PCF,test,1.1842258,False
EL196_L_1993_03_076_02_1_PF_02,1993-03-21,Parti communiste français,LEFT_PCF,train,1.1841768,False
EL190_L_1993_03_016_02_1_PF_01,1993-03-21,Front national,FAR_RIGHT_FN,train,1.184117,False
EL135_L_1981_06_054_07_2_PF_01,1981-06-21,Rassemblement pour la République,RIGHT_RPR,train,1.1840708,False
EL190_L_1993_03_019_01_1_PF_03,1993-03-21,Parti socialiste,LEFT_PS,train,1.1840498,False
EL135_L_1981_06_064_04_1_PF_03,1981-06-14,Union pour la démocratie française;Centre des démocrates sociaux;Parti républicain,RIGHT_UDF,train,1.1839654,False
EL175_L_1988_06_040_02_2_PF_01,1988-06-12,Rassemblement pour la République;Union pour la démocratie française,RIGHT_URC,train,1.1836847,False
EL134_L_1981_06_022_01_1_PF_03,1981-06-14,Parti socialiste,LEFT_PS,test,1.1836374,False
EL134_L_1981_06_027_04_2_PF_02,1981-06-21,Rassemblement pour la République;Union pour la démocratie française,RIGHT_UNM,train,1.1836358,False
EL174_L_1988_06_024_04_1_PF_03,1988-06-05,Parti communiste français,LEFT_PCF,train,1.1836114,False
EL135_L_1981_06_057_02_2_PF_01,1981-06-21,Socialiste,LEFT_PS,train,1.1835536,False
EL191_L_1993_03_031_04_1_PF_01,1993-03-21,Génération écologie;Verts,ECO,test,1.183393,False
EL137_L_1981_06_084_02_1_PF_01,1981-06-14,Parti communiste français,LEFT_PCF,train,1.1833882,False
EL193_L_1993_03_060_06_1_PF_05,1993-03-21,Rassemblement pour la République;Union pour la démocratie française,RIGHT_UPF,train,1.183361,False
EL196_L_1993_03_076_11_1_PF_07,1993-03-21,Nouveaux écologistes du rassemblement nature et animaux,ECO,test,1.1833335,False
EL189_L_1993_03_006_04_1_PF_08,1993-03-21,Nouveaux écologistes du rassemblement nature et animaux,ECO,train,1.1833335,False
EL196_L_1993_03_076_03_1_PF_10,1993-03-21,Nouveaux écologistes du rassemblement nature et animaux,ECO,train,1.1833335,False
EL195_L_1993_03_071_01_1_PF_08,1993-03-21,Nouveaux écologistes du rassemblement nature et animaux,ECO,train,1.1833335,False
EL174_L_1988_06_006_07_2_PF_01,1988-06-12,Union pour la démocratie française;Rassemblement pour la République,RIGHT_URC,train,1.1832174,False
EL135_L_1981_06_042_04_1_PF_03,1981-06-14,Parti socialiste unifié,LEFT_PS,train,1.183145,False
EL135_L_1981_06_061_01_1_PF_02,1981-06-14,Parti socialiste,LEFT_PS,train,1.1831273,False
EL174_L_1988_06_014_04_1_PF_05,1988-06-05,Parti communiste français,LEFT_PCF,train,1.1831094,False
EL198_L_1993_03_095_08_1_PF_09,1993-03-21,Parti communiste français,LEFT_PCF,test,1.1830599,False
EL134_L_1981_06_028_03_1_PF_02,1981-06-14,Mouvement des radicaux de gauche,LEFT_PS,train,1.1830007,False
EL175_L_1988_06_052_02_1_PF_01,1988-06-05,Parti communiste français,LEFT_PCF,train,1.1829733,False
EL175_L_1988_06_054_02_1_PF_02,1988-06-05,Rassemblement pour la République;Union pour la démocratie française,RIGHT_URC,train,1.1829498,False
EL197_L_1993_03_083_07_1_PF_01,1993-03-21,Union pour la démocratie française;Rassemblement pour la République,RIGHT_UPF,train,1.1829077,False
EL137_L_1981_06_095_05_1_PF_05,1981-06-14,Parti socialiste,LEFT_PS,train,1.182884,False
EL193_L_1993_03_060_03_1_PF_10,1993-03-21,Front national,FAR_RIGHT_FN,train,1.1828705,False
EL177_L_1988_06_080_03_1_PF_03,1988-06-05,Parti communiste français,LEFT_PCF,train,1.1828687,False
EL134_L_1981_06_02B_02_1_PF_04,1981-06-14,Parti socialiste,LEFT_PS,train,1.182861,False
EL192_L_1993_03_044_09_1_PF_08,1993-03-21,Parti socialiste,LEFT_PS,train,1.1828153,False
EL135_L_1981_06_038_02_1_PF_04,1981-06-14,Parti socialiste,LEFT_PS,train,1.182785,False
EL134_L_1981_06_035_05_1_PF_01,1981-06-14,Rassemblement pour la République;Union pour la démocratie française,RIGHT_UNM,train,1.1827464,False
EL134_L_1981_06_026_02_1_PF_03,1981-06-14,Parti socialiste,LEFT_PS,train,1.1827366,False
EL137_L_1981_06_080_01_2_PF_01,1981-06-21,Parti socialiste,LEFT_PS,train,1.1826426,False
EL191_L_1993_03_040_01_1_PF_05,1993-03-21,Front national,FAR_RIGHT_FN,test,1.1825726,False
EL134_L_1981_06_018_03_1_PF_08,1981-06-14,Parti communiste français,LEFT_PCF,train,1.1823261,False
EL135_L_1981_06_059_22_1_PF_02,1981-06-14,Rassemblement pour la République,RIGHT_RPR,train,1.182281,False
EL192_L_1993_03_056_05_1_PF_02,1993-03-21,Front national,FAR_RIGHT_FN,train,1.18226,False
EL176_L_1988_06_069_03_1_PF_02,1988-06-05,Front national,FAR_RIGHT_FN,train,1.1821151,False
EL134_L_1981_06_011_02_1_PF_03,1981-06-14,socialiste indépendant,LEFT_PS,train,1.1820924,False
EL135_L_1981_06_064_04_2_PF_01,1981-06-21,Parti socialiste,LEFT_PS,train,1.1820658,False
EL135_L_1981_06_037_04_1_PF_05,1981-06-14,Mouvement des radicaux de gauche,LEFT_PS,test,1.1819766,False
EL191_L_1993_03_038_04_2_PF_02,1993-03-28,Union pour la démocratie française;Rassemblement pour la République,RIGHT_UPF,train,1.1819192,False
EL177_L_1988_06_081_01_1_PF_03,1988-06-05,Rassemblement pour la République;Union pour la démocratie française,RIGHT_URC,test,1.1818827,False
EL190_L_1993_03_016_03_1_PF_04,1993-03-21,Parti communiste français,LEFT_PCF,train,1.1818793,False
EL192_L_1993_03_056_02_1_PF_03,1993-03-21,Parti communiste français,LEFT_PCF,train,1.1818596,False
EL190_L_1993_03_027_01_2_PF_02,1993-03-28,Front national,FAR_RIGHT_FN,train,1.1818398,False
EL198_L_1993_03_095_07_1_PF_08,1993-03-21,Parti communiste français,LEFT_PCF,train,1.1818277,False
EL190_L_1993_03_016_04_1_PF_11,1993-03-21,Parti communiste français,LEFT_PCF,train,1.1817681,False
EL136_L_1981_06_068_04_2_PF_02,1981-06-21,Parti socialiste,LEFT_PS,train,1.1817603,False
EL177_L_1988_06_095_05_2_PF_01,1988-06-12,Parti communiste français,LEFT_PCF,train,1.1817544,False
EL134_L_1981_06_029_02_2_PF_02,1981-06-21,Parti socialiste,LEFT_PS,train,1.1817433,False
EL176_L_1988_06_069_13_2_PF_01,1988-06-12,Parti socialiste,LEFT_PS,train,1.1814655,False
EL174_L_1988_06_002_05_1_PF_03,1988-06-05,Front national,FAR_RIGHT_FN,train,1.1812081,False
EL177_L_1988_06_078_11_2_PF_02,1988-06-12,Rassemblement pour la République;Union pour la démocratie française,RIGHT_URC,train,1.1811274,False
EL176_L_1988_06_071_05_1_PF_01,1988-06-05,Parti communiste français,LEFT_PCF,train,1.181125,False
EL174_L_1988_06_019_01_2_PF_02,1988-06-12,Rassemblement pour la République;Union pour la démocratie française,RIGHT_URC,train,1.1810207,False
EL174_L_1988_06_019_02_1_PF_04,1988-06-05,Front national,FAR_RIGHT_FN,test,1.1810203,False
EL174_L_1988_06_005_02_1_PF_01,1988-06-05,Front national,FAR_RIGHT_FN,train,1.1809539,False
EL198_L_1993_03_093_09_1_PF_06,1993-03-21,Rassemblement pour la République;Union pour la démocratie française,RIGHT_UPF,train,1.1809396,False
EL137_L_1981_06_080_01_1_PF_04,1981-06-14,Parti socialiste unifié,LEFT_PS,train,1.1809133,False
EL193_L_1993_03_060_02_1_PF_03,1993-03-21,Parti communiste français,LEFT_PCF,train,1.1808698,False
EL134_L_1981_06_029_05_1_PF_03,1981-06-14,Parti socialiste,LEFT_PS,test,1.1807686,False
EL192_L_1993_03_044_09_1_PF_02,1993-03-21,Parti communiste français,LEFT_PCF,train,1.1807531,False
EL135_L_1981_06_059_06_1_PF_04,1981-06-14,Union pour la démocratie française,RIGHT_UDF,train,1.1807343,False
EL175_L_1988_06_041_01_1_PF_05,1988-06-05,Parti communiste français,LEFT_PCF,train,1.1806409,False
EL137_L_1981_06_092_07_2_PF_01,1981-06-21,Parti socialiste;Mouvement des radicaux de gauche;Parti communiste français;Parti socialiste unifié;Lutte ouvrière,LEFT_PCF,train,1.1804802,False
EL175_L_1988_06_037_02_1_PF_01,1988-06-05,Parti communiste français,LEFT_PCF,train,1.1804615,False
EL174_L_1988_06_017_05_1_PF_02,1988-06-05,Parti socialiste,LEFT_PS,test,1.1804482,False
EL134_L_1981_06_002_01_2_PF_02,1981-06-21,Rassemblement pour la République,RIGHT_RPR,train,1.1803566,False
EL177_L_1988_06_076_06_1_PF_04,1988-06-05,Front national,FAR_RIGHT_FN,train,1.180144,False
EL134_L_1981_06_028_02_1_PF_05,1981-06-14,Union pour la démocratie française,RIGHT_UDF,train,1.180143,False
EL176_L_1988_06_059_24_1_PF_02,1988-06-05,Front national,FAR_RIGHT_FN,train,1.1800905,False
EL136_L_1981_06_070_01_1_PF_02,1981-06-14,Parti socialiste,LEFT_PS,train,1.1800487,False
EL137_L_1981_06_088_04_2_PF_01,1981-06-21,Parti socialiste,LEFT_PS,train,1.1800189,False
EL135_L_1981_06_058_02_2_PF_01,1981-06-21,Parti socialiste,LEFT_PS,train,1.1799777,False
EL174_L_1988_06_024_01_2_PF_01,1988-06-12,Rassemblement pour la République,RIGHT_RPR,test,1.179838,False
EL177_L_1988_06_075_02_1_PF_01,1988-06-05,Parti communiste français,LEFT_PCF,train,1.179731,False
EL174_L_1988_06_003_03_1_PF_03,1988-06-05,Parti communiste français,LEFT_PCF,test,1.1797212,False
EL196_L_1993_03_081_01_1_PF_06,1993-03-21,Union pour la démocratie française;Rassemblement pour la République,RIGHT_UPF,test,1.1794757,False
EL196_L_1993_03_077_07_1_PF_03,1993-03-21,Parti communiste français,LEFT_PCF,train,1.1794738,False
EL189_L_1993_03_006_06_1_PF_05,1993-03-21,Parti communiste français,LEFT_PCF,train,1.1794612,False
EL193_L_1993_03_060_07_1_PF_06,1993-03-21,Alliance pour l'écologie et la démocratie,ECO,train,1.1793903,False
EL196_L_1993_03_077_06_1_PF_06,1993-03-21,Rassemblement pour la République;Centre national des indépendants,RIGHT_RPR,test,1.1793326,False
EL193_L_1993_03_059_13_1_PF_01,1993-03-21,Parti socialiste,LEFT_PS,test,1.1792789,False
EL190_L_1993_03_024_01_1_PF_02,1993-03-21,Parti communiste français,LEFT_PCF,train,1.1792095,False
EL174_L_1988_06_014_05_1_PF_03,1988-06-05,Rassemblement pour la République,RIGHT_RPR,test,1.179129,False
EL177_L_1988_06_093_09_1_PF_03,1988-06-05,Union pour la démocratie française,RIGHT_UDF,train,1.1790864,False
EL189_L_1993_03_002_03_1_PF_04,1993-03-21,Union pour la démocratie française;Rassemblement pour la République,RIGHT_UPF,train,1.1789876,False
EL190_L_1993_03_022_03_1_PF_03,1993-03-21,Verts;Génération écologie,ECO,train,1.1788977,False
EL189_L_1993_03_013_02_1_PF_05,1993-03-21,Union pour la démocratie française;Rassemblement pour la République,RIGHT_UPF,train,1.1788615,False
EL189_L_1993_03_005_02_1_PF_03,1993-03-21,Parti socialiste,LEFT_PS,test,1.178751,False
EL136_L_1981_06_069_04_1_PF_02,1981-06-14,Parti communiste français,LEFT_PCF,train,1.1787201,False
EL198_L_1993_03_093_08_2_PF_01,1993-03-28,Rassemblement pour la République;Union pour la démocratie française,RIGHT_UPF,train,1.1786017,False
EL177_L_1988_06_092_02_1_PF_03,1988-06-05,Front national,FAR_RIGHT_FN,train,1.1785673,False
EL137_L_1981_06_076_06_1_PF_02,1981-06-14,Ligue communiste révolutionnaire,FAR_LEFT,train,1.1784829,False
EL137_L_1981_06_083_04_1_PF_03,1981-06-14,Ligue communiste révolutionnaire,FAR_LEFT,train,1.1784222,False
EL175_L_1988_06_035_03_1_PF_01,1988-06-05,Parti communiste français,LEFT_PCF,train,1.1784122,False
EL189_L_1993_03_011_03_1_PF_05,1993-03-21,Parti socialiste;Mouvement des radicaux de gauche,LEFT_PS,train,1.1783974,False
EL194_L_1993_03_064_06_1_PF_02,1993-03-21,Parti socialiste,LEFT_PS,train,1.1783265,False
EL190_L_1993_03_025_05_1_PF_08,1993-03-21,Solidarité écologie gauche alternative,ECO,test,1.1782289,False
EL135_L_1981_06_050_04_1_PF_02,1981-06-14,Parti socialiste,LEFT_PS,train,1.1782225,False
EL194_L_1993_03_067_01_1_PF_02,1993-03-21,Génération écologie;Verts,ECO,train,1.1781703,False
EL198_L_1993_03_093_08_1_PF_01,1993-03-21,Rassemblement pour la République;Union pour la démocratie française,RIGHT_UPF,train,1.1781509,False
EL189_L_1993_03_001_02_1_PF_01,1993-03-21,Front national,FAR_RIGHT_FN,train,1.1780698,False
EL195_L_1993_03_071_02_1_PF_06,1993-03-21,Verts;Génération écologie,ECO,train,1.1780696,False
EL189_L_1993_03_006_02_2_PF_01,1993-03-28,Rassemblement pour la République;Union pour la démocratie française,RIGHT_UPF,train,1.1777675,False
EL197_L_1993_03_085_02_1_PF_02,1993-03-21,Front national,FAR_RIGHT_FN,train,1.1776475,False
EL135_L_1981_06_057_01_1_PF_06,1981-06-14,Parti socialiste unifié,LEFT_PS,train,1.1775845,False
EL177_L_1988_06_085_02_1_PF_04,1988-06-05,Parti communiste français,LEFT_PCF,test,1.1775572,False
EL135_L_1981_06_041_03_1_PF_02,1981-06-14,Parti socialiste,LEFT_PS,train,1.177372,False
EL189_L_1993_03_014_04_2_PF_01,1993-03-28,Rassemblement pour la République;Union pour la démocratie française,RIGHT_UPF,train,1.1773372,False
EL198_L_1993_03_093_11_1_PF_01,1993-03-21,Parti communiste français,LEFT_PCF,test,1.1773051,False
EL175_L_1988_06_051_05_1_PF_04,1988-06-05,Front national,FAR_RIGHT_FN,train,1.1772059,False
EL190_L_1993_03_021_04_2_PF_02,1993-03-28,Mouvement des radicaux de gauche;Parti socialiste,LEFT_PS,train,1.1770577,False
EL193_L_1993_03_060_05_2_PF_02,1993-03-28,Rassemblement pour la République;Union pour la démocratie française,RIGHT_UPF,test,1.1769929,False
EL137_L_1981_06_077_03_1_PF_02,1981-06-14,Parti socialiste,LEFT_PS,train,1.1769875,False
EL136_L_1981_06_075_31_1_PF_05,1981-06-14,Union pour la démocratie française,RIGHT_UDF,train,1.176901,False
EL198_L_1993_03_092_04_1_PF_09,1993-03-21,Nouveaux écologistes du rassemblement nature et animaux,ECO,test,1.1768588,False
EL196_L_1993_03_078_05_1_PF_12,1993-03-21,Nouveaux écologistes du rassemblement nature et animaux,ECO,train,1.1768588,False
EL136_L_1981_06_072_02_1_PF_01,1981-06-14,Parti socialiste,LEFT_PS,train,1.1768348,False
EL193_L_1993_03_060_05_1_PF_03,1993-03-21,Parti socialiste,LEFT_PS,train,1.176752,False
EL134_L_1981_06_024_03_1_PF_03,1981-06-14,Rassemblement pour la République,RIGHT_RPR,train,1.1767498,False
EL190_L_1993_03_02B_01_1_PF_06,1993-03-21,Rassemblement pour la République,RIGHT_RPR,train,1.1767066,False
EL193_L_1993_03_063_03_1_PF_01,1993-03-21,Parti communiste français,LEFT_PCF,test,1.1766765,False
EL190_L_1993_03_016_02_1_PF_06,1993-03-21,Parti communiste français,LEFT_PCF,train,1.1766512,False
EL134_L_1981_06_035_02_1_PF_01,1981-06-14,Parti socialiste,LEFT_PS,test,1.176563,False
EL134_L_1981_06_017_05_2_PF_01,1981-06-21,Parti socialiste,LEFT_PS,train,1.176551,False
EL134_L_1981_06_029_02_1_PF_03,1981-06-14,Parti communiste français,LEFT_PCF,train,1.1765406,False
EL196_L_1993_03_078_02_2_PF_01,1993-03-28,Rassemblement pour la République;Union pour la démocratie française,RIGHT_UPF,train,1.1765292,False
EL176_L_1988_06_064_06_1_PF_01,1988-06-05,Rassemblement pour la République;Union pour la démocratie française;Centre national des indépendants et paysans,RIGHT_URC,train,1.176526,False
EL194_L_1993_03_069_09_1_PF_01,1993-03-21,Rassemblement pour la République,RIGHT_RPR,test,1.1764499,False
EL176_L_1988_06_062_06_2_PF_02,1988-06-12,Rassemblement pour la République,RIGHT_RPR,train,1.1764481,False
EL135_L_1981_06_050_04_1_PF_03,1981-06-14,Parti communiste français,LEFT_PCF,train,1.1764426,False
EL136_L_1981_06_075_09_2_PF_02,1981-06-21,Parti socialiste,LEFT_PS,test,1.1763961,False
EL134_L_1981_06_02B_02_2_PF_02,1981-06-21,Rassemblement pour la République;Union pour la démocratie française;Centre national des indépendants,RIGHT_UNM,train,1.1763648,False
EL134_L_1981_06_023_01_1_PF_02,1981-06-14,Parti socialiste,LEFT_PS,test,1.1763637,False
EL195_L_1993_03_074_02_1_PF_06,1993-03-21,Parti communiste français,LEFT_PCF,train,1.1763026,False
EL175_L_1988_06_042_01_1_PF_05,1988-06-05,Rassemblement pour la République;Union pour la démocratie française,RIGHT_URC,train,1.1762251,False
EL136_L_1981_06_075_02_2_PF_02,1981-06-21,Union pour la démocratie française;Rassemblement pour la République,RIGHT_UNM,train,1.1762055,False
EL174_L_1988_06_004_01_1_PF_04,1988-06-05,Parti communiste français,LEFT_PCF,train,1.17606,False
EL137_L_1981_06_095_03_1_PF_04,1981-06-14,Parti socialiste,LEFT_PS,train,1.175975,False
EL134_L_1981_06_033_01_2_PF_01,1981-06-21,Rassemblement pour la République;Union pour la démocratie française;Centre national des indépendants et paysans;Démocratie chrétienne;Radical-socialiste,LEFT_PS,train,1.1759527,False
EL177_L_1988_06_094_11_2_PF_01,1988-06-12,Parti socialiste;Mouvement des radicaux de gauche;Parti communiste français,LEFT_PCF,train,1.1759433,False
EL195_L_1993_03_075_07_1_PF_08,1993-03-21,Mouvement des citoyens;Refondations;Alternative rouge et verte;Ligue communiste révolutionnaire;Alternative démocratie socialisme,FAR_LEFT,train,1.1758771,False
EL196_L_1993_03_076_10_1_PF_04,1993-03-21,Front national,FAR_RIGHT_FN,train,1.1758326,False
EL177_L_1988_06_075_05_1_PF_03,1988-06-05,Rassemblement pour la République;Union pour la démocratie française,RIGHT_URC,train,1.1757778,False
EL192_L_1993_03_044_09_2_PF_02,1993-03-28,Union pour la démocratie française;Rassemblement pour la République;Centre national des indépendants et paysans,RIGHT_UPF,train,1.1757406,False
EL197_L_1993_03_085_03_1_PF_01,1993-03-21,Parti communiste français,LEFT_PCF,test,1.1756178,False
EL191_L_1993_03_038_07_2_PF_02,1993-03-28,Front national,FAR_RIGHT_FN,train,1.1755898,False
EL195_L_1993_03_074_02_1_PF_04,1993-03-21,Parti socialiste,LEFT_PS,train,1.1755238,False
EL191_L_1993_03_038_03_2_PF_02,1993-03-28,Union pour la démocratie française;Rassemblement pour la République;Centre national des indépendants;non inscrits,RIGHT_UPF,train,1.1754082,False
EL196_L_1993_03_080_02_2_PF_01,1993-03-28,Union pour la démocratie française;Rassemblement pour la République,RIGHT_UPF,train,1.1752934,False
EL193_L_1993_03_063_06_1_PF_04,1993-03-21,Solidarité écologie gauche alternative;Alternative rouge et verte;Alternative démocratie socialisme,ECO,train,1.1752815,False
EL177_L_1988_06_093_08_2_PF_02,1988-06-12,Centre national des indépendants et paysans;Rassemblement pour la République;Union pour la démocratie française,RIGHT_URC,train,1.1752429,False
EL177_L_1988_06_093_05_1_PF_01,1988-06-05,Parti communiste français,LEFT_PCF,train,1.1752151,False
EL176_L_1988_06_060_02_1_PF_04,1988-06-05,Front national,FAR_RIGHT_FN,train,1.1751546,False
EL177_L_1988_06_077_03_1_PF_04,1988-06-05,Parti communiste français,LEFT_PCF,train,1.1751084,False
EL197_L_1993_03_087_04_1_PF_05,1993-03-21,Solidarité écologie gauche alternative,ECO,train,1.1751059,False
EL136_L_1981_06_075_27_2_PF_01,1981-06-21,Rassemblement pour la République;Union pour la démocratie française,RIGHT_UNM,train,1.174868,False
EL196_L_1993_03_079_01_1_PF_03,1993-03-21,socialiste,LEFT_PS,test,1.1747568,False
EL176_L_1988_06_070_01_1_PF_01,1988-06-05,Parti socialiste,LEFT_PS,train,1.1747438,False
EL136_L_1981_06_075_05_1_PF_05,1981-06-14,Parti socialiste unifié,LEFT_PS,train,1.1747276,False
EL191_L_1993_03_038_01_2_PF_01,1993-03-28,Union pour la démocratie française;Rassemblement pour la République,RIGHT_UPF,train,1.1747136,False
EL174_L_1988_06_021_02_1_PF_04,1988-06-05,Front national;Centre national des indépendants et paysans,FAR_RIGHT_FN,train,1.1746954,False
EL135_L_1981_06_062_11_1_PF_01,1981-06-14,Parti communiste français,LEFT_PCF,test,1.1746083,False
EL194_L_1993_03_069_03_1_PF_05,1993-03-21,Parti communiste français,LEFT_PCF,train,1.1745756,False
EL192_L_1993_03_044_03_1_PF_05,1993-03-21,Solidarité écologie gauche alternative,ECO,train,1.1744211,False
EL196_L_1993_03_076_02_2_PF_02,1993-03-28,Union pour la démocratie française;Rassemblement pour la République,RIGHT_UPF,test,1.1743389,False
EL198_L_1993_03_093_02_1_PF_02,1993-03-21,Parti communiste français,LEFT_PCF,train,1.1742693,False
EL197_L_1993_03_083_02_1_PF_02,1993-03-21,Front national,FAR_RIGHT_FN,train,1.1739705,False
EL191_L_1993_03_033_01_1_PF_06,1993-03-21,Front national,FAR_RIGHT_FN,test,1.1739659,False
EL135_L_1981_06_040_03_1_PF_02,1981-06-14,Parti socialiste,LEFT_PS,train,1.1739573,False
EL177_L_1988_06_083_06_1_PF_01,1988-06-05,Union pour la démocratie française;Parti républicain,RIGHT_UDF,train,1.1739279,False
EL195_L_1993_03_071_01_1_PF_01,1993-03-21,Union pour la démocratie française;Parti républicain,RIGHT_UDF,train,1.1739194,False
EL136_L_1981_06_069_05_1_PF_04,1981-06-14,Parti socialiste,LEFT_PS,train,1.1738144,False
EL190_L_1993_03_017_01_2_PF_01,1993-03-28,Rassemblement pour la République;Union pour la démocratie française,RIGHT_UPF,train,1.1736045,False
EL137_L_1981_06_083_02_1_PF_02,1981-06-14,Parti socialiste,LEFT_PS,train,1.1736034,False
EL189_L_1993_03_013_03_1_PF_06,1993-03-21,Union pour la démocratie française;Rassemblement pour la République,RIGHT_UPF,train,1.1735821,False
EL134_L_1981_06_034_01_2_PF_01,1981-06-21,Union pour la démocratie française;Parti républicain;Centre des démocrates sociaux;Parti radical;Démocrates socialistes;Rassemblement pour la République,LEFT_PS,train,1.173432,False
EL195_L_1993_03_071_05_1_PF_06,1993-03-21,Parti communiste français,LEFT_PCF,train,1.1733966,False
EL134_L_1981_06_022_05_1_PF_03,1981-06-14,Parti socialiste unifié;Union démocratique bretonne,LEFT_PS,train,1.1733738,False
EL175_L_1988_06_047_03_1_PF_05,1988-06-05,Front national,FAR_RIGHT_FN,train,1.1733519,False
EL174_L_1988_06_014_06_1_PF_03,1988-06-05,Rassemblement pour la République;Union pour la démocratie française,RIGHT_URC,train,1.1733353,False
EL194_L_1993_03_064_04_1_PF_01,1993-03-21,Parti communiste français,LEFT_PCF,train,1.1733247,False
EL177_L_1988_06_081_04_1_PF_01,1988-06-05,Parti communiste français,LEFT_PCF,test,1.1732682,False
EL134_L_1981_06_009_02_1_PF_01,1981-06-14,Parti communiste français,LEFT_PCF,train,1.1731102,False
EL190_L_1993_03_022_05_1_PF_05,1993-03-21,Parti socialiste,LEFT_PS,test,1.1730543,False
EL177_L_1988_06_078_12_1_PF_04,1988-06-05,Front national,FAR_RIGHT_FN,train,1.172964,False
EL175_L_1988_06_054_05_1_PF_04,1988-06-05,Parti communiste français,LEFT_PCF,test,1.1729515,False
EL135_L_1981_06_054_05_1_PF_01,1981-06-14,Parti socialiste unifié,LEFT_PS,train,1.1729146,False
EL190_L_1993_03_021_02_1_PF_06,1993-03-21,Front national,FAR_RIGHT_FN,train,1.1726848,False
EL174_L_1988_06_023_02_1_PF_01,1988-06-05,Parti communiste français,LEFT_PCF,test,1.1726567,False
EL197_L_1993_03_091_08_1_PF_02,1993-03-21,Front national,FAR_RIGHT_FN,test,1.1724751,False
EL134_L_1981_06_027_04_1_PF_03,1981-06-14,Parti communiste français,LEFT_PCF,train,1.1724519,False
EL197_L_1993_03_091_09_1_PF_09,1993-03-21,Rassemblement pour la République;Union pour la démocratie française;Centre national des indépendants,RIGHT_UPF,train,1.1723713,False
EL174_L_1988_06_013_13_1_PF_04,1988-06-05,Rassemblement pour la République;Union pour la démocratie française;Centre national des indépendants et paysans,RIGHT_URC,train,1.1723648,False
EL192_L_1993_03_049_04_1_PF_04,1993-03-21,Verts;Génération écologie,ECO,train,1.1723522,False
EL197_L_1993_03_090_01_1_PF_03,1993-03-21,Parti socialiste;Mouvement des radicaux de gauche,LEFT_PS,test,1.1721435,False
EL134_L_1981_06_031_05_1_PF_02,1981-06-14,Parti communiste français,LEFT_PCF,train,1.1720955,False
EL135_L_1981_06_038_02_2_PF_02,1981-06-21,Union pour la démocratie française;Rassemblement pour la République,RIGHT_UNM,train,1.1720393,False
EL189_L_1993_03_010_01_1_PF_01,1993-03-21,Ecologie les Verts;Génération écologie,ECO,train,1.1720258,False
EL191_L_1993_03_038_08_2_PF_01,1993-03-28,Union pour la démocratie française;Rassemblement pour la République,RIGHT_UPF,train,1.1720225,False
EL134_L_1981_06_030_02_1_PF_02,1981-06-14,Parti communiste français,LEFT_PCF,train,1.1719958,False
EL175_L_1988_06_051_01_1_PF_03,1988-06-05,Verts alternatifs,ECO,train,1.1719881,False
EL195_L_1993_03_075_18_1_PF_01,1993-03-21,Parti communiste français,LEFT_PCF,train,1.1719491,False
EL175_L_1988_06_038_06_1_PF_04,1988-06-05,Parti communiste français,LEFT_PCF,train,1.17193,False
EL196_L_1993_03_076_03_1_PF_07,1993-03-21,Union pour la démocratie française,RIGHT_UDF,train,1.1718462,False
EL174_L_1988_06_013_06_2_PF_01,1988-06-12,Rassemblement pour la République;Union pour la démocratie française,RIGHT_URC,train,1.1717714,False
EL134_L_1981_06_012_01_1_PF_03,1981-06-14,Parti socialiste,LEFT_PS,train,1.1716758,False
EL194_L_1993_03_070_03_1_PF_06,1993-03-21,Front national,FAR_RIGHT_FN,train,1.1716591,False
EL192_L_1993_03_050_01_1_PF_01,1993-03-21,Parti communiste français,LEFT_PCF,train,1.1715654,False
EL174_L_1988_06_003_01_1_PF_02,1988-06-05,Parti communiste français,LEFT_PCF,train,1.17145,False
EL175_L_1988_06_051_02_1_PF_01,1988-06-05,Parti communiste français,LEFT_PCF,test,1.1713822,False
EL189_L_1993_03_013_12_1_PF_03,1993-03-21,Parti socialiste,LEFT_PS,test,1.1713766,False
EL174_L_1988_06_025_02_2_PF_01,1988-06-12,Parti socialiste,LEFT_PS,train,1.1713722,False
EL177_L_1988_06_075_14_1_PF_01,1988-06-05,Parti communiste français,LEFT_PCF,train,1.1713678,False
EL189_L_1993_03_013_07_2_PF_02,1993-03-28,Rassemblement pour la République;Union pour la démocratie française,RIGHT_UPF,train,1.1713262,False
EL137_L_1981_06_078_01_1_PF_07,1981-06-14,Union pour la démocratie française,RIGHT_UDF,train,1.1711203,False
EL134_L_1981_06_002_04_1_PF_03,1981-06-14,Parti socialiste,LEFT_PS,train,1.1710473,False
EL191_L_1993_03_036_02_1_PF_03,1993-03-21,Union pour la démocratie française;Rassemblement pour la République,RIGHT_UPF,test,1.1710436,False
EL135_L_1981_06_058_03_1_PF_01,1981-06-14,Parti communiste français,LEFT_PCF,train,1.1708109,False
EL177_L_1988_06_078_03_1_PF_05,1988-06-05,Front national,FAR_RIGHT_FN,train,1.1707515,False
EL175_L_1988_06_055_02_1_PF_05,1988-06-05,Rassemblement pour la République;Union pour la démocratie française,RIGHT_URC,train,1.1705596,False
EL196_L_1993_03_076_11_1_PF_04,1993-03-21,Génération écologie;Verts,ECO,test,1.1703974,False
EL135_L_1981_06_066_02_2_PF_01,1981-06-21,Parti communiste français;Parti socialiste;Parti socialiste unifié,LEFT_PCF,train,1.1703963,False
EL191_L_1993_03_040_02_2_PF_02,1993-03-28,Parti socialiste,LEFT_PS,train,1.1702389,False
EL137_L_1981_06_076_06_1_PF_04,1981-06-14,Parti socialiste,LEFT_PS,test,1.1702259,False
EL135_L_1981_06_045_03_1_PF_02,1981-06-14,Parti communiste français,LEFT_PCF,train,1.1701542,False
EL135_L_1981_06_038_02_1_PF_03,1981-06-14,Parti communiste français,LEFT_PCF,train,1.1700928,False
EL175_L_1988_06_041_01_1_PF_01,1988-06-05,Rassemblement pour la République;Union pour la démocratie française,RIGHT_URC,test,1.1700177,False
EL175_L_1988_06_044_06_2_PF_02,1988-06-12,Rassemblement pour la République;Union pour la démocratie française,RIGHT_URC,test,1.1700135,False
EL134_L_1981_06_033_02_1_PF_03,1981-06-14,Parti socialiste unifié,LEFT_PS,train,1.1699346,False
EL175_L_1988_06_054_02_1_PF_04,1988-06-05,Parti communiste français,LEFT_PCF,train,1.1699009,False
EL137_L_1981_06_975_01_2_PF_02,1981-06-21,Union pour la démocratie française;Parti républicain,RIGHT_UDF,train,1.1698799,False
EL134_L_1981_06_033_03_2_PF_01,1981-06-21,Parti socialiste,LEFT_PS,train,1.169807,False
EL191_L_1993_03_035_07_1_PF_08,1993-03-21,Front national,FAR_RIGHT_FN,train,1.1697992,False
EL189_L_1993_03_006_07_1_PF_03,1993-03-21,Union pour la démocratie française,RIGHT_UDF,train,1.1696608,False
EL189_L_1993_03_014_02_1_PF_02,1993-03-21,Rassemblement pour la République;Union pour la démocratie française,RIGHT_UPF,train,1.1695061,False
EL194_L_1993_03_065_01_2_PF_01,1993-03-28,Union pour la démocratie française;Rassemblement pour la République,RIGHT_UPF,train,1.169433,False
EL192_L_1993_03_056_01_2_PF_01,1993-03-28,Union pour la démocratie française;Rassemblement pour la République,RIGHT_UPF,train,1.1693312,False
EL190_L_1993_03_024_03_2_PF_01,1993-03-28,Rassemblement pour la République;Union pour la démocratie française;Centre national des indépendants,RIGHT_UPF,train,1.169278,False
EL192_L_1993_03_054_02_1_PF_10,1993-03-21,Union des écologistes,ECO,train,1.1692393,False
EL136_L_1981_06_069_01_1_PF_03,1981-06-14,Ligue communiste révolutionnaire,FAR_LEFT,test,1.169128,False
EL134_L_1981_06_024_02_1_PF_04,1981-06-14,Rassemblement pour la République;Union pour la démocratie française;Mouvement pour le socialisme par la participation;Radicaux-socialistes;Centre national des indépendants,LEFT_PS,train,1.1690861,False
EL197_L_1993_03_083_02_2_PF_01,1993-03-28,Union pour la démocratie française;Rassemblement pour la République,RIGHT_UPF,train,1.1690503,False
EL175_L_1988_06_029_03_1_PF_03,1988-06-05,Rassemblement pour la République;Union pour la démocratie française,RIGHT_URC,train,1.1690234,False
EL194_L_1993_03_069_14_1_PF_04,1993-03-21,Solidarité écologie gauche alternative;Alternative démocratie socialisme,ECO,train,1.1690221,False
EL195_L_1993_03_074_03_1_PF_06,1993-03-21,Rassemblement pour la République;Union pour la démocratie française,RIGHT_UPF,test,1.1689312,False
EL136_L_1981_06_071_05_2_PF_02,1981-06-21,Rassemblement pour la République;Union pour la démocratie française;Centre national des indépendants et paysans,RIGHT_UNM,train,1.16893,False
EL137_L_1981_06_091_04_1_PF_08,1981-06-14,Rassemblement pour la République,RIGHT_RPR,train,1.168709,False
EL174_L_1988_06_014_06_2_PF_01,1988-06-12,Rassemblement pour la République;Union pour la démocratie française,RIGHT_URC,train,1.1684952,False
EL134_L_1981_06_032_01_1_PF_02,1981-06-14,Parti communiste français,LEFT_PCF,train,1.1684812,False
EL134_L_1981_06_005_01_1_PF_02,1981-06-14,Parti socialiste,LEFT_PS,train,1.1683695,False
EL175_L_1988_06_044_09_1_PF_02,1988-06-05,Parti socialiste,LEFT_PS,train,1.1683468,False
EL192_L_1993_03_054_05_2_PF_02,1993-03-28,Parti socialiste,LEFT_PS,train,1.168277,False
EL193_L_1993_03_062_06_2_PF_02,1993-03-28,Rassemblement pour la République;Union pour la démocratie française,RIGHT_UPF,train,1.1682515,False
EL174_L_1988_06_021_03_1_PF_01,1988-06-05,Parti socialiste,LEFT_PS,train,1.1682422,False
EL174_L_1988_06_003_04_1_PF_03,1988-06-05,Union pour la démocratie française,RIGHT_UDF,test,1.1681991,False
EL174_L_1988_06_022_02_1_PF_04,1988-06-05,Front national,FAR_RIGHT_FN,test,1.168109,False
EL177_L_1988_06_075_07_1_PF_05,1988-06-05,Union pour la démocratie française;Parti républicain,RIGHT_UDF,train,1.1681029,False
EL175_L_1988_06_038_09_1_PF_01,1988-06-05,Front national,FAR_RIGHT_FN,train,1.1679763,False
EL135_L_1981_06_037_02_1_PF_01,1981-06-14,Parti socialiste,LEFT_PS,test,1.1679457,False
EL137_L_1981_06_093_09_1_PF_12,1981-06-14,Union pour la démocratie française,RIGHT_UDF,train,1.1678518,False
EL177_L_1988_06_075_02_1_PF_03,1988-06-05,Rassemblement pour la République;Union pour la démocratie française,RIGHT_URC,test,1.1678445,False
EL174_L_1988_06_001_02_1_PF_04,1988-06-05,Front national,FAR_RIGHT_FN,train,1.1677846,False
EL190_L_1993_03_025_03_1_PF_07,1993-03-21,Rassemblement pour la République,RIGHT_RPR,train,1.1676928,False
EL137_L_1981_06_094_06_1_PF_02,1981-06-14,Parti communiste français,LEFT_PCF,test,1.1675998,False
EL134_L_1981_06_029_01_1_PF_02,1981-06-14,Parti socialiste unifié;Union démocratique bretonne,LEFT_PS,train,1.1674911,False
EL135_L_1981_06_044_02_1_PF_07,1981-06-14,Parti socialiste unifié,LEFT_PS,train,1.1674137,False
EL174_L_1988_06_006_02_1_PF_01,1988-06-05,Parti communiste français,LEFT_PCF,test,1.1673965,False
EL195_L_1993_03_074_01_1_PF_06,1993-03-21,Parti communiste français,LEFT_PCF,train,1.1673063,False
EL190_L_1993_03_016_03_1_PF_05,1993-03-21,Rassemblement pour la République,RIGHT_RPR,train,1.1672084,False
EL135_L_1981_06_062_01_1_PF_06,1981-06-14,Union pour la démocratie française,RIGHT_UDF,train,1.167173,False
EL177_L_1988_06_076_02_2_PF_01,1988-06-12,Rassemblement pour la République;Union pour la démocratie française,RIGHT_URC,train,1.1671262,False
EL196_L_1993_03_076_03_1_PF_06,1993-03-21,Génération écologie;Verts;Alternative rouge et verte,ECO,train,1.1670563,False
EL176_L_1988_06_060_04_2_PF_02,1988-06-12,Parti socialiste,LEFT_PS,train,1.1670315,False
EL174_L_1988_06_008_01_1_PF_02,1988-06-05,Parti communiste français,LEFT_PCF,test,1.1669996,False
EL192_L_1993_03_057_05_1_PF_07,1993-03-21,Parti communiste français,LEFT_PCF,train,1.1668794,False
EL190_L_1993_03_021_04_1_PF_03,1993-03-21,Mouvement des radicaux de gauche;Parti socialiste,LEFT_PS,train,1.1666635,False
EL135_L_1981_06_059_08_1_PF_04,1981-06-14,Parti socialiste unifié;Mouvement pour une alternative non-violente,LEFT_PS,test,1.1665772,False
EL189_L_1993_03_001_01_1_PF_05,1993-03-21,Verts;Génération écologie,ECO,test,1.1665348,False
EL175_L_1988_06_045_04_1_PF_04,1988-06-05,Front national,FAR_RIGHT_FN,test,1.1665131,False
EL174_L_1988_06_001_04_1_PF_04,1988-06-05,Front national,FAR_RIGHT_FN,train,1.1664144,False
EL175_L_1988_06_029_04_1_PF_04,1988-06-05,Front national,FAR_RIGHT_FN,train,1.1663777,False
EL189_L_1993_03_006_06_1_PF_06,1993-03-21,Verts;Génération écologie,ECO,train,1.166348,False
EL195_L_1993_03_075_14_1_PF_03,1993-03-21,Parti socialiste;Mouvement des radicaux de gauche,LEFT_PS,train,1.1663402,False
EL174_L_1988_06_02B_01_1_PF_05,1988-06-05,Rassemblement pour la République;Union pour la démocratie française,RIGHT_URC,train,1.1662401,False
EL193_L_1993_03_062_08_1_PF_06,1993-03-21,Front national,FAR_RIGHT_FN,train,1.1661772,False
EL197_L_1993_03_087_03_2_PF_01,1993-03-28,Rassemblement pour la République;Union pour la démocratie française,RIGHT_UPF,train,1.1660582,False
EL190_L_1993_03_018_02_1_PF_03,1993-03-21,Parti socialiste,LEFT_PS,train,1.165901,False
EL190_L_1993_03_016_02_2_PF_01,1993-03-28,Rassemblement pour la République;Union pour la démocratie française,RIGHT_UPF,train,1.1658753,False
EL197_L_1993_03_087_03_1_PF_07,1993-03-21,Rassemblement pour la République;Union pour la démocratie française,RIGHT_UPF,train,1.1657236,False
EL190_L_1993_03_029_08_1_PF_05,1993-03-21,Verts;Génération écologie,ECO,test,1.1655966,False
EL176_L_1988_06_059_16_2_PF_02,1988-06-12,Rassemblement pour la République;Union pour la démocratie française;Centre national des indépendants et paysans,RIGHT_URC,train,1.165508,False
EL137_L_1981_06_076_03_1_PF_01,1981-06-14,Lutte ouvrière,FAR_LEFT,train,1.1654961,False
EL137_L_1981_06_094_06_1_PF_07,1981-06-14,Demain l'écologie,ECO,test,1.1654694,False
EL174_L_1988_06_014_06_1_PF_01,1988-06-05,Parti communiste français,LEFT_PCF,train,1.1654019,False
EL177_L_1988_06_084_04_2_PF_02,1988-06-12,Centre national des indépendants et paysans;Rassemblement pour la République;Union pour la démocratie française,RIGHT_URC,train,1.1652563,False
EL193_L_1993_03_062_11_1_PF_03,1993-03-21,Front national,FAR_RIGHT_FN,train,1.1652552,False
EL137_L_1981_06_080_04_1_PF_02,1981-06-14,Union pour la démocratie française,RIGHT_UDF,test,1.1652462,False
EL194_L_1993_03_067_03_1_PF_12,1993-03-21,Nouveaux écologistes du rassemblement nature et animaux,ECO,train,1.1652398,False
EL134_L_1981_06_029_07_2_PF_01,1981-06-21,Parti socialiste,LEFT_PS,train,1.1649326,False
EL177_L_1988_06_091_01_1_PF_05,1988-06-05,Front national,FAR_RIGHT_FN,test,1.1648526,False
EL134_L_1981_06_027_02_2_PF_01,1981-06-21,Parti socialiste;Mouvement des radicaux de gauche;Parti communiste français,LEFT_PCF,test,1.1647878,False
EL191_L_1993_03_034_03_1_PF_02,1993-03-21,Parti socialiste;Mouvement des radicaux de gauche,LEFT_PS,train,1.1647694,False
EL137_L_1981_06_093_02_1_PF_04,1981-06-14,Parti socialiste,LEFT_PS,train,1.1647527,False
EL174_L_1988_06_022_02_1_PF_05,1988-06-05,Rassemblement pour la République;Union pour la démocratie française,RIGHT_URC,train,1.1647239,False
EL175_L_1988_06_031_08_1_PF_02,1988-06-05,Parti socialiste,LEFT_PS,train,1.1646698,False
EL189_L_1993_03_013_14_1_PF_06,1993-03-21,Rassemblement pour la République,RIGHT_RPR,test,1.1646601,False
EL174_L_1988_06_007_03_1_PF_03,1988-06-05,Rassemblement pour la République,RIGHT_RPR,train,1.1646276,False
EL134_L_1981_06_010_03_1_PF_03,1981-06-14,Mouvement démocrate socialiste,LEFT_PS,test,1.1646267,False
EL135_L_1981_06_051_02_1_PF_02,1981-06-14,Parti communiste français,LEFT_PCF,train,1.1645626,False
EL177_L_1988_06_080_01_1_PF_02,1988-06-05,Front national,FAR_RIGHT_FN,train,1.1645358,False
EL194_L_1993_03_068_01_2_PF_01,1993-03-28,Rassemblement pour la République,RIGHT_RPR,test,1.1643157,False
EL134_L_1981_06_033_08_1_PF_04,1981-06-14,Rassemblement pour la République;Centre national des indépendants et paysans,RIGHT_RPR,train,1.1642348,False
EL135_L_1981_06_062_01_1_PF_04,1981-06-14,Parti socialiste,LEFT_PS,train,1.1642329,False
EL135_L_1981_06_057_03_1_PF_02,1981-06-14,Parti socialiste,LEFT_PS,test,1.1641915,False
EL198_L_1993_03_095_04_1_PF_05,1993-03-21,Parti communiste français,LEFT_PCF,train,1.1641297,False
EL134_L_1981_06_007_03_1_PF_02,1981-06-14,Parti socialiste,LEFT_PS,train,1.1640956,False
EL176_L_1988_06_070_02_1_PF_03,1988-06-05,Front national,FAR_RIGHT_FN,train,1.1640829,False
EL176_L_1988_06_073_03_1_PF_03,1988-06-05,Parti communiste français,LEFT_PCF,train,1.1640728,False
EL134_L_1981_06_022_05_2_PF_02,1981-06-21,Parti socialiste,LEFT_PS,train,1.1640002,False
EL134_L_1981_06_022_04_1_PF_01,1981-06-14,Parti socialiste,LEFT_PS,train,1.1639962,False
EL196_L_1993_03_076_09_1_PF_02,1993-03-21,Front national,FAR_RIGHT_FN,test,1.1637086,False
EL192_L_1993_03_053_02_1_PF_01,1993-03-21,Parti communiste français,LEFT_PCF,test,1.1636776,False
EL189_L_1993_03_013_04_1_PF_04,1993-03-21,Parti communiste français,LEFT_PCF,train,1.1636516,False
EL197_L_1993_03_086_03_1_PF_01,1993-03-21,Parti socialiste,LEFT_PS,train,1.163592,False
EL197_L_1993_03_090_02_1_PF_05,1993-03-21,Ecologie les Verts;Génération écologie,ECO,test,1.1635423,False
EL137_L_1981_06_089_01_1_PF_04,1981-06-14,Parti communiste révolutionnaire;Parti socialiste unifié,LEFT_PS,test,1.163486,False
EL177_L_1988_06_094_07_1_PF_05,1988-06-05,Parti socialiste,LEFT_PS,train,1.1634822,False
EL176_L_1988_06_057_03_1_PF_01,1988-06-05,Union pour la démocratie française;Rassemblement pour la République,RIGHT_URC,train,1.1634494,False
EL191_L_1993_03_032_01_2_PF_01,1993-03-28,Rassemblement pour la République;Centre national des indépendants;Union pour la démocratie française,RIGHT_UPF,test,1.1633452,False
EL135_L_1981_06_038_07_1_PF_02,1981-06-14,Parti socialiste,LEFT_PS,train,1.1632209,False
EL134_L_1981_06_001_01_1_PF_03,1981-06-14,Parti socialiste;Mouvement des radicaux de gauche,LEFT_PS,train,1.1631318,False
EL134_L_1981_06_010_02_2_PF_02,1981-06-21,Parti socialiste,LEFT_PS,train,1.1630846,False
EL134_L_1981_06_013_01_2_PF_01,1981-06-21,Parti socialiste,LEFT_PS,train,1.1630775,False
EL189_L_1993_03_008_02_2_PF_01,1993-03-28,Parti socialiste,LEFT_PS,train,1.1630397,False
EL137_L_1981_06_091_02_2_PF_01,1981-06-21,Parti socialiste,LEFT_PS,train,1.162864,False
EL190_L_1993_03_027_05_2_PF_01,1993-03-28,Rassemblement pour la République;Union pour la démocratie française,RIGHT_UPF,train,1.1627362,False
EL189_L_1993_03_014_06_1_PF_04,1993-03-21,Front national,FAR_RIGHT_FN,train,1.1627004,False
EL177_L_1988_06_076_12_1_PF_05,1988-06-05,Front national,FAR_RIGHT_FN,test,1.1624523,False
EL195_L_1993_03_075_17_2_PF_02,1993-03-28,Rassemblement pour la République;Union pour la démocratie française,RIGHT_UPF,train,1.1621094,False
EL189_L_1993_03_001_02_1_PF_02,1993-03-21,Parti communiste français,LEFT_PCF,train,1.1620756,False
EL191_L_1993_03_033_02_1_PF_01,1993-03-21,Front national,FAR_RIGHT_FN,train,1.1620672,False
EL191_L_1993_03_031_07_1_PF_08,1993-03-21,Nouveaux écologistes du rassemblement nature et animaux,ECO,train,1.1619936,False
EL135_L_1981_06_060_02_1_PF_06,1981-06-14,Union pour la démocratie française,RIGHT_UDF,train,1.1619483,False
EL175_L_1988_06_054_03_1_PF_02,1988-06-05,Rassemblement pour la République;Union pour la démocratie française,RIGHT_URC,train,1.1618097,False
EL192_L_1993_03_051_01_1_PF_03,1993-03-21,Parti communiste français,LEFT_PCF,test,1.1618024,False
EL189_L_1993_03_013_04_1_PF_06,1993-03-21,Ecologie les Verts,ECO,train,1.1617043,False
EL134_L_1981_06_033_08_1_PF_01,1981-06-14,Parti socialiste,LEFT_PS,train,1.1616108,False
EL190_L_1993_03_025_04_1_PF_05,1993-03-21,Parti socialiste,LEFT_PS,train,1.1615719,False
EL174_L_1988_06_014_01_1_PF_04,1988-06-05,Parti communiste français,LEFT_PCF,train,1.1615509,False
EL134_L_1981_06_001_02_1_PF_01,1981-06-14,Rassemblement pour la République;Union pour la démocratie française,RIGHT_UNM,test,1.1614529,False
EL134_L_1981_06_008_01_1_PF_03,1981-06-14,Mouvement socialiste populaire,LEFT_PS,train,1.161342,False
EL196_L_1993_03_076_06_1_PF_06,1993-03-21,Rassemblement pour la République;Union pour la démocratie française;divers modérés,RIGHT_UPF,test,1.1613258,False
EL137_L_1981_06_081_01_1_PF_01,1981-06-14,Parti socialiste,LEFT_PS,train,1.16126,False
EL137_L_1981_06_077_05_1_PF_02,1981-06-14,Parti socialiste,LEFT_PS,train,1.1612201,False
EL191_L_1993_03_035_02_2_PF_01,1993-03-28,Union pour la démocratie française;Rassemblement pour la République,RIGHT_UPF,test,1.1611669,False
EL174_L_1988_06_016_01_1_PF_03,1988-06-05,Parti communiste français,LEFT_PCF,train,1.1611367,False
EL136_L_1981_06_069_02_1_PF_04,1981-06-14,Parti communiste français,LEFT_PCF,train,1.1609797,False
EL175_L_1988_06_044_01_1_PF_01,1988-06-05,Union pour la démocratie française,RIGHT_UDF,train,1.160808,False
EL135_L_1981_06_038_06_1_PF_02,1981-06-14,Parti socialiste,LEFT_PS,train,1.1606979,False
EL134_L_1981_06_002_02_1_PF_05,1981-06-14,Parti socialiste,LEFT_PS,train,1.160613,False
EL135_L_1981_06_054_02_1_PF_03,1981-06-14,Parti socialiste unifié,LEFT_PS,train,1.1605389,False
EL176_L_1988_06_067_02_2_PF_01,1988-06-12,Union pour la démocratie française;Rassemblement pour la République,RIGHT_URC,train,1.1605277,False
EL134_L_1981_06_012_02_1_PF_05,1981-06-14,Union pour la démocratie française,RIGHT_UDF,test,1.1604972,False
EL197_L_1993_03_083_02_1_PF_03,1993-03-21,Parti communiste français,LEFT_PCF,train,1.1603026,False
EL189_L_1993_03_005_02_1_PF_04,1993-03-21,Parti communiste français,LEFT_PCF,train,1.1603007,False
EL135_L_1981_06_037_01_2_PF_02,1981-06-21,Parti socialiste;Parti communiste français;Parti socialiste unifié;Amis de la Terre,LEFT_PCF,train,1.1601866,False
EL194_L_1993_03_068_02_1_PF_01,1993-03-21,Parti socialiste,LEFT_PS,train,1.1600286,False
EL196_L_1993_03_078_12_1_PF_01,1993-03-21,Rassemblement pour la République,RIGHT_RPR,train,1.1599848,False
EL135_L_1981_06_037_02_1_PF_02,1981-06-14,Parti communiste français,LEFT_PCF,train,1.1599617,False
EL197_L_1993_03_089_02_2_PF_01,1993-03-28,Rassemblement pour la République;Union pour la démocratie française,RIGHT_UPF,test,1.1599413,False
EL194_L_1993_03_069_03_2_PF_01,1993-03-28,Rassemblement pour la République;Union pour la démocratie française,RIGHT_UPF,train,1.1599249,False
EL193_L_1993_03_060_04_1_PF_08,1993-03-21,Front national,FAR_RIGHT_FN,train,1.1598909,False
EL198_L_1993_03_095_09_2_PF_01,1993-03-28,Rassemblement pour la République;Union pour la démocratie française,RIGHT_UPF,train,1.1598499,False
EL137_L_1981_06_090_01_1_PF_05,1981-06-14,Rassemblement pour la République;Union pour la démocratie française,RIGHT_UNM,train,1.1598394,False
EL177_L_1988_06_093_03_2_PF_01,1988-06-12,Parti socialiste unifié;Parti communiste français;Parti socialiste,LEFT_PCF,train,1.1597341,False
EL194_L_1993_03_069_03_1_PF_09,1993-03-21,Rassemblement pour la République;Union pour la démocratie française,RIGHT_UPF,train,1.1596639,False
EL190_L_1993_03_016_01_1_PF_07,1993-03-21,Verts,ECO,train,1.1594288,False
EL175_L_1988_06_050_05_1_PF_06,1988-06-05,Front national,FAR_RIGHT_FN,train,1.1593463,False
EL194_L_1993_03_064_04_1_PF_07,1993-03-21,Front national,FAR_RIGHT_FN,train,1.1592613,False
EL196_L_1993_03_077_03_2_PF_01,1993-03-28,Union pour la démocratie française;Rassemblement pour la République,RIGHT_UPF,train,1.1592005,False
EL176_L_1988_06_074_04_2_PF_02,1988-06-12,Union pour la démocratie française;Rassemblement pour la République,RIGHT_URC,train,1.1591733,False
EL134_L_1981_06_033_01_1_PF_02,1981-06-14,Parti radical;Union pour la démocratie française,RIGHT_UDF,train,1.1591691,False
EL191_L_1993_03_043_01_1_PF_01,1993-03-21,Parti communiste français,LEFT_PCF,train,1.1591576,False
EL177_L_1988_06_081_01_1_PF_01,1988-06-05,Parti communiste français,LEFT_PCF,train,1.1591445,False
EL134_L_1981_06_027_03_1_PF_03,1981-06-14,Rassemblement pour la République,RIGHT_RPR,train,1.1591122,False
EL135_L_1981_06_056_05_1_PF_04,1981-06-14,Parti communiste français,LEFT_PCF,train,1.1591085,False
EL190_L_1993_03_029_07_1_PF_03,1993-03-21,Parti socialiste,LEFT_PS,train,1.1590499,False
EL197_L_1993_03_085_03_1_PF_03,1993-03-21,Rassemblement pour la République;Union pour la démocratie française,RIGHT_UPF,train,1.1589953,False
EL193_L_1993_03_059_08_1_PF_02,1993-03-21,Parti socialiste,LEFT_PS,train,1.1589926,False
EL136_L_1981_06_075_09_1_PF_05,1981-06-14,Union pour la démocratie française,RIGHT_UDF,train,1.158992,False
EL191_L_1993_03_031_03_1_PF_04,1993-03-21,Parti communiste français,LEFT_PCF,train,1.158928,False
EL198_L_1993_03_094_06_2_PF_02,1993-03-28,Rassemblement pour la République;Union pour la démocratie française,RIGHT_UPF,test,1.1588911,False
EL192_L_1993_03_051_05_1_PF_01,1993-03-21,Front national,FAR_RIGHT_FN,train,1.1588897,False
EL191_L_1993_03_037_05_2_PF_01,1993-03-28,Union pour la démocratie française;Rassemblement pour la République,RIGHT_UPF,test,1.158837,False
EL198_L_1993_03_092_07_1_PF_05,1993-03-21,Rassemblement pour la République;Union pour la démocratie française,RIGHT_UPF,train,1.1587414,False
EL176_L_1988_06_069_04_1_PF_03,1988-06-05,Front national,FAR_RIGHT_FN,train,1.1586518,False
EL136_L_1981_06_075_27_1_PF_05,1981-06-14,Lutte ouvrière,FAR_LEFT,test,1.1585909,False
EL195_L_1993_03_075_17_1_PF_01,1993-03-21,Parti socialiste;Mouvement des radicaux de gauche,LEFT_PS,train,1.1584983,False
EL190_L_1993_03_030_05_2_PF_01,1993-03-28,Rassemblement pour la République;Union pour la démocratie française,RIGHT_UPF,test,1.1584173,False
EL198_L_1993_03_094_06_1_PF_01,1993-03-21,Parti communiste français,LEFT_PCF,train,1.1583761,False
EL177_L_1988_06_083_03_2_PF_02,1988-06-12,Front national,FAR_RIGHT_FN,test,1.1583192,False
EL135_L_1981_06_060_05_2_PF_01,1981-06-21,Parti socialiste;Parti communiste français,LEFT_PCF,train,1.1582336,False
EL135_L_1981_06_057_01_1_PF_04,1981-06-14,Parti communiste français,LEFT_PCF,train,1.1581783,False
EL197_L_1993_03_085_04_1_PF_06,1993-03-21,Parti communiste français,LEFT_PCF,train,1.1581445,False
EL194_L_1993_03_069_07_1_PF_04,1993-03-21,Ligue communiste révolutionnaire,FAR_LEFT,train,1.1580842,False
EL191_L_1993_03_033_04_1_PF_01,1993-03-21,Rassemblement pour la République;Union pour la démocratie française;Centre national des indépendants,RIGHT_UPF,train,1.1579978,False
EL190_L_1993_03_019_01_1_PF_05,1993-03-21,Parti communiste français;Refondations,LEFT_PCF,train,1.1579124,False
EL189_L_1993_03_002_03_1_PF_07,1993-03-21,Front national,FAR_RIGHT_FN,train,1.1578923,False
EL191_L_1993_03_038_08_2_PF_02,1993-03-28,Parti socialiste,LEFT_PS,train,1.1578827,False
EL194_L_1993_03_064_06_1_PF_07,1993-03-21,Union pour la démocratie française;Rassemblement pour la République;Centre national des indépendants,RIGHT_UPF,train,1.15781,False
EL193_L_1993_03_061_01_2_PF_02,1993-03-28,Union pour la démocratie française,RIGHT_UDF,train,1.1577048,False
EL194_L_1993_03_068_05_1_PF_04,1993-03-21,Union pour la démocratie française;Rassemblement pour la République,RIGHT_UPF,test,1.1576592,False
EL197_L_1993_03_083_07_1_PF_03,1993-03-21,Parti socialiste,LEFT_PS,train,1.1576169,False
EL194_L_1993_03_069_07_1_PF_01,1993-03-21,Union pour la démocratie française;Rassemblement pour la République,RIGHT_UPF,test,1.1575934,False
EL174_L_1988_06_007_02_2_PF_02,1988-06-12,Rassemblement pour la République;Union pour la démocratie française,RIGHT_URC,train,1.1575488,False
EL193_L_1993_03_060_02_1_PF_04,1993-03-21,Parti socialiste,LEFT_PS,train,1.1575305,False
EL190_L_1993_03_028_03_1_PF_05,1993-03-21,Rassemblement pour la République;Union pour la démocratie française,RIGHT_UPF,train,1.1574963,False
EL190_L_1993_03_019_01_1_PF_02,1993-03-21,Front national,FAR_RIGHT_FN,train,1.1574918,False
EL174_L_1988_06_022_01_1_PF_03,1988-06-05,Parti socialiste,LEFT_PS,train,1.1573861,False
EL193_L_1993_03_059_04_1_PF_08,1993-03-21,Nouveaux écologistes du rassemblement nature et animaux,ECO,train,1.1573087,False
EL135_L_1981_06_059_14_2_PF_01,1981-06-21,Parti communiste français;Parti socialiste;Mouvement des radicaux de gauche;Parti socialiste unifié,LEFT_PCF,train,1.1572427,False
EL191_L_1993_03_040_01_2_PF_02,1993-03-28,Parti socialiste,LEFT_PS,train,1.1571909,False
EL175_L_1988_06_052_01_1_PF_01,1988-06-05,Rassemblement pour la République;Union pour la démocratie française,RIGHT_URC,train,1.1570867,False
EL191_L_1993_03_038_01_1_PF_07,1993-03-21,Parti socialiste;Mouvement des radicaux de gauche,LEFT_PS,train,1.1570144,False
EL190_L_1993_03_018_01_1_PF_04,1993-03-21,Verts;Génération écologie,ECO,test,1.1569296,False
EL177_L_1988_06_077_03_2_PF_01,1988-06-12,Rassemblement pour la République;Union pour la démocratie française,RIGHT_URC,train,1.1569158,False
EL136_L_1981_06_075_08_1_PF_03,1981-06-14,Rassemblement pour la République;Union pour la démocratie française,RIGHT_UNM,train,1.1568792,False
EL135_L_1981_06_049_05_1_PF_02,1981-06-14,Parti socialiste unifié,LEFT_PS,train,1.1567483,False
EL194_L_1993_03_069_01_1_PF_03,1993-03-21,Mouvement des radicaux de gauche;Parti socialiste;Alliance pour l'écologie et la démocratie,LEFT_PS,train,1.1567461,False
EL194_L_1993_03_065_01_1_PF_04,1993-03-21,Union pour la démocratie française,RIGHT_UDF,test,1.1567035,False
EL195_L_1993_03_075_06_2_PF_02,1993-03-28,Rassemblement pour la République;Union pour la démocratie française,RIGHT_UPF,train,1.1566106,False
EL137_L_1981_06_093_06_1_PF_05,1981-06-14,Mouvement des radicaux de gauche,LEFT_PS,train,1.1564971,False
EL189_L_1993_03_013_03_2_PF_02,1993-03-28,Union pour la démocratie française;Rassemblement pour la République,RIGHT_UPF,train,1.1564865,False
EL177_L_1988_06_076_11_1_PF_03,1988-06-05,Rassemblement pour la République;Union pour la démocratie française,RIGHT_URC,train,1.1563697,False
EL137_L_1981_06_092_03_1_PF_02,1981-06-14,Union pour la démocratie française,RIGHT_UDF,train,1.1561921,False
EL195_L_1993_03_075_19_1_PF_03,1993-03-21,Parti socialiste;Mouvement des radicaux de gauche,LEFT_PS,train,1.1561172,False
EL135_L_1981_06_059_23_1_PF_04,1981-06-14,Rassemblement pour la République,RIGHT_RPR,train,1.1560973,False
EL176_L_1988_06_060_03_1_PF_04,1988-06-05,Front national,FAR_RIGHT_FN,train,1.1560769,False
EL135_L_1981_06_054_03_1_PF_01,1981-06-14,Parti socialiste unifié,LEFT_PS,train,1.1559118,False
EL189_L_1993_03_005_02_1_PF_06,1993-03-21,Front national,FAR_RIGHT_FN,test,1.1558988,False
EL137_L_1981_06_080_05_1_PF_06,1981-06-14,Parti socialiste unifié,LEFT_PS,train,1.155816,False
EL175_L_1988_06_054_07_2_PF_02,1988-06-12,Parti socialiste,LEFT_PS,test,1.1557902,False
EL177_L_1988_06_091_06_2_PF_02,1988-06-12,Centre national des indépendants et paysans;Rassemblement pour la République;Union pour la démocratie française,RIGHT_URC,test,1.155663,False
EL192_L_1993_03_045_04_1_PF_01,1993-03-21,Rassemblement pour la République;Union pour la démocratie française;Centre national des indépendants et paysans,RIGHT_UPF,train,1.1555389,False
EL174_L_1988_06_013_02_1_PF_01,1988-06-05,Parti communiste français,LEFT_PCF,test,1.1555173,False
EL194_L_1993_03_069_13_1_PF_01,1993-03-21,Front national,FAR_RIGHT_FN,train,1.1554189,False
EL175_L_1988_06_034_04_1_PF_01,1988-06-05,Parti communiste français,LEFT_PCF,train,1.1553478,False
EL135_L_1981_06_053_02_1_PF_03,1981-06-14,Rassemblement pour la République,RIGHT_RPR,train,1.1553243,False
EL175_L_1988_06_029_04_1_PF_03,1988-06-05,Parti communiste français,LEFT_PCF,train,1.1552851,False
EL135_L_1981_06_054_04_1_PF_02,1981-06-14,Parti communiste français,LEFT_PCF,test,1.155227,False
EL175_L_1988_06_032_01_1_PF_02,1988-06-05,Front national,FAR_RIGHT_FN,train,1.1551367,False
EL135_L_1981_06_064_01_1_PF_03,1981-06-14,Parti communiste français,LEFT_PCF,train,1.1551118,False
EL194_L_1993_03_070_01_1_PF_03,1993-03-21,Génération écologie;Verts,ECO,train,1.1551117,False
EL198_L_1993_03_093_02_1_PF_06,1993-03-21,Ligue communiste révolutionnaire,FAR_LEFT,test,1.15511,False
EL134_L_1981_06_013_05_2_PF_02,1981-06-21,Union pour la démocratie française;Rassemblement pour la République;Centre national des indépendants,RIGHT_UNM,train,1.1550771,False
EL176_L_1988_06_074_03_2_PF_01,1988-06-12,Union pour la démocratie française;Centre des démocrates sociaux;Parti radical,RIGHT_UDF,train,1.1550376,False
EL175_L_1988_06_053_03_2_PF_01,1988-06-12,Rassemblement pour la République;Union pour la démocratie française,RIGHT_URC,train,1.1549809,False
EL174_L_1988_06_013_07_1_PF_03,1988-06-05,Rassemblement pour la République;Union pour la démocratie française,RIGHT_URC,train,1.1549546,False
EL197_L_1993_03_084_02_1_PF_01,1993-03-21,Parti communiste français,LEFT_PCF,train,1.1547375,False
EL174_L_1988_06_023_01_1_PF_01,1988-06-05,Parti communiste français,LEFT_PCF,train,1.1547271,False
EL135_L_1981_06_059_19_1_PF_04,1981-06-14,Union pour la démocratie française,RIGHT_UDF,test,1.1546304,False
EL137_L_1981_06_095_02_1_PF_04,1981-06-14,Parti socialiste,LEFT_PS,train,1.1546195,False
EL175_L_1988_06_034_03_1_PF_01,1988-06-05,Parti communiste français,LEFT_PCF,train,1.1545979,False
EL136_L_1981_06_069_07_2_PF_02,1981-06-21,Parti socialiste,LEFT_PS,train,1.1544467,False
EL177_L_1988_06_075_19_1_PF_04,1988-06-05,Rassemblement pour la République;Union pour la démocratie française,RIGHT_URC,train,1.1542556,False
EL134_L_1981_06_007_02_1_PF_03,1981-06-14,Rassemblement pour la République;Union pour la démocratie française,RIGHT_UNM,train,1.1541177,False
EL177_L_1988_06_092_12_1_PF_01,1988-06-05,Rassemblement pour la République;Union pour la démocratie française;Centre des démocrates sociaux,RIGHT_URC,train,1.1541154,False
EL135_L_1981_06_059_01_2_PF_02,1981-06-21,Parti socialiste,LEFT_PS,train,1.1540486,False
EL135_L_1981_06_052_01_1_PF_04,1981-06-14,Mouvement des radicaux de gauche,LEFT_PS,train,1.1540458,False
EL135_L_1981_06_059_18_2_PF_01,1981-06-21,Parti communiste français;Parti socialiste;Mouvement des radicaux de gauche;Parti socialiste unifié,LEFT_PCF,test,1.1540256,False
EL137_L_1981_06_091_01_2_PF_02,1981-06-21,Parti libéral;Rassemblement pour la République;Union pour la démocratie française,RIGHT_UNM,train,1.1540138,False
EL136_L_1981_06_069_01_1_PF_01,1981-06-14,Centre national des indépendants;Rassemblement pour la République;Union pour la démocratie française,RIGHT_UNM,test,1.1539284,False
EL174_L_1988_06_001_01_2_PF_02,1988-06-12,Rassemblement pour la République;Union pour la démocratie française,RIGHT_URC,train,1.1537868,False
EL134_L_1981_06_019_03_1_PF_02,1981-06-14,Parti socialiste,LEFT_PS,train,1.153673,False
EL134_L_1981_06_014_05_1_PF_01,1981-06-14,Union pour la démocratie française;Rassemblement pour la République,RIGHT_UNM,train,1.1536422,False
EL134_L_1981_06_024_03_2_PF_01,1981-06-21,Parti socialiste;Parti communiste français;Mouvement des radicaux de gauche,LEFT_PCF,train,1.1535276,False
EL190_L_1993_03_025_01_1_PF_05,1993-03-21,Parti socialiste,LEFT_PS,train,1.1534866,False
EL190_L_1993_03_022_05_1_PF_04,1993-03-21,Verts;Génération écologie,ECO,train,1.1533421,False
EL176_L_1988_06_073_01_1_PF_03,1988-06-05,Parti communiste français,LEFT_PCF,train,1.15334,False
EL191_L_1993_03_038_08_1_PF_06,1993-03-21,Verts;Génération écologie,ECO,train,1.1533397,False
EL135_L_1981_06_045_03_1_PF_03,1981-06-14,Rassemblement pour la République;Centre national des indépendants et paysans,RIGHT_RPR,train,1.1533391,False
EL196_L_1993_03_077_02_1_PF_03,1993-03-21,Verts,ECO,train,1.1533331,False
EL135_L_1981_06_059_23_2_PF_01,1981-06-21,Parti communiste français;Parti socialiste;Mouvement des radicaux de gauche;Parti socialiste unifié,LEFT_PCF,train,1.1533321,False
EL191_L_1993_03_035_07_1_PF_06,1993-03-21,Union pour la démocratie française;Rassemblement pour la République,RIGHT_UPF,train,1.1532277,False
EL191_L_1993_03_038_06_1_PF_03,1993-03-21,Parti communiste français,LEFT_PCF,train,1.1532189,False
EL177_L_1988_06_077_06_2_PF_02,1988-06-12,Rassemblement pour la République;Union pour la démocratie française,RIGHT_URC,train,1.1531966,False
EL195_L_1993_03_075_02_1_PF_01,1993-03-21,Parti communiste français,LEFT_PCF,train,1.153192,False
EL196_L_1993_03_078_01_1_PF_04,1993-03-21,Solidarité écologie gauche alternative,ECO,test,1.1531037,False
EL176_L_1988_06_066_03_1_PF_01,1988-06-05,Parti communiste français,LEFT_PCF,test,1.1530278,False
EL137_L_1981_06_093_09_1_PF_03,1981-06-14,Parti communiste français,LEFT_PCF,train,1.1530073,False
EL135_L_1981_06_036_02_2_PF_02,1981-06-21,Union pour la démocratie française;Rassemblement pour la République,RIGHT_UNM,train,1.1530032,False
EL195_L_1993_03_071_02_1_PF_05,1993-03-21,Parti socialiste,LEFT_PS,train,1.1529993,False
EL196_L_1993_03_078_05_1_PF_03,1993-03-21,Union pour la démocratie française;Rassemblement pour la République,RIGHT_UPF,train,1.152686,False
EL197_L_1993_03_083_06_2_PF_02,1993-03-28,Union pour la démocratie française;Rassemblement pour la République,RIGHT_UPF,train,1.1526741,False
EL190_L_1993_03_027_04_1_PF_08,1993-03-21,Front national,FAR_RIGHT_FN,train,1.1526693,False
EL177_L_1988_06_083_01_1_PF_05,1988-06-05,Parti communiste français,LEFT_PCF,train,1.152609,False
EL174_L_1988_06_027_04_1_PF_02,1988-06-05,Rassemblement pour la République;Union pour la démocratie française,RIGHT_URC,train,1.1525238,False
EL137_L_1981_06_094_04_1_PF_05,1981-06-14,Demain l'écologie,ECO,train,1.152456,False
EL191_L_1993_03_043_02_1_PF_02,1993-03-21,Parti communiste français,LEFT_PCF,train,1.1523515,False
EL135_L_1981_06_039_01_1_PF_03,1981-06-14,Union pour la démocratie française;Rassemblement pour la République,RIGHT_UNM,train,1.1520698,False
EL134_L_1981_06_005_02_2_PF_02,1981-06-21,Parti socialiste,LEFT_PS,train,1.1520249,False
EL175_L_1988_06_054_06_1_PF_03,1988-06-05,Parti socialiste,LEFT_PS,train,1.1520168,False
EL195_L_1993_03_075_17_1_PF_03,1993-03-21,Parti communiste français,LEFT_PCF,test,1.152015,False
EL135_L_1981_06_063_05_1_PF_02,1981-06-14,Parti socialiste,LEFT_PS,train,1.1517388,False
EL134_L_1981_06_035_06_1_PF_01,1981-06-14,Parti socialiste,LEFT_PS,train,1.1516496,False
EL176_L_1988_06_067_05_1_PF_01,1988-06-05,Union pour la démocratie française;Rassemblement pour la République,RIGHT_URC,test,1.151641,False
EL135_L_1981_06_065_01_2_PF_01,1981-06-21,Parti socialiste;Mouvement des radicaux de gauche,LEFT_PS,train,1.1515125,False
EL190_L_1993_03_030_02_1_PF_03,1993-03-21,Verts;Génération écologie,ECO,train,1.1514884,False
EL189_L_1993_03_006_07_1_PF_09,1993-03-21,Verts associatifs,ECO,train,1.1514667,False
EL134_L_1981_06_031_04_1_PF_04,1981-06-14,Parti socialiste,LEFT_PS,train,1.1513315,False
EL177_L_1988_06_094_03_2_PF_01,1988-06-12,Parti socialiste;Mouvement des radicaux de gauche,LEFT_PS,train,1.1512259,False
EL136_L_1981_06_075_09_1_PF_06,1981-06-14,Lutte ouvrière,FAR_LEFT,train,1.1511241,False
EL197_L_1993_03_091_02_1_PF_01,1993-03-21,Parti communiste français,LEFT_PCF,train,1.1510582,False
EL192_L_1993_03_044_07_1_PF_01,1993-03-21,Front national,FAR_RIGHT_FN,test,1.1509495,False
EL197_L_1993_03_086_02_1_PF_07,1993-03-21,Front national,FAR_RIGHT_FN,train,1.1508253,False
EL194_L_1993_03_069_06_1_PF_05,1993-03-21,Union pour la démocratie française;Rassemblement pour la République,RIGHT_UPF,train,1.1508077,False
EL174_L_1988_06_002_01_2_PF_01,1988-06-12,Parti socialiste;Parti communiste français,LEFT_PCF,train,1.1506581,False
EL195_L_1993_03_073_02_1_PF_07,1993-03-21,Nouveaux écologistes du rassemblement nature et animaux,ECO,train,1.1505204,False
EL198_L_1993_03_094_04_1_PF_11,1993-03-21,Nouveaux écologistes du rassemblement nature et animaux,ECO,train,1.1505204,False
EL198_L_1993_03_092_02_1_PF_12,1993-03-21,Nouveaux écologistes du rassemblement nature et animaux,ECO,train,1.1505204,False
EL137_L_1981_06_076_07_1_PF_05,1981-06-14,Rassemblement pour la République;Union pour la démocratie française,RIGHT_UNM,train,1.150507,False
EL134_L_1981_06_006_03_1_PF_01,1981-06-14,Parti socialiste unifié,LEFT_PS,train,1.150441,False
EL136_L_1981_06_075_13_1_PF_04,1981-06-14,Rassemblement pour la République,RIGHT_RPR,test,1.1502658,False
EL134_L_1981_06_027_03_2_PF_01,1981-06-21,Parti socialiste;Mouvement des radicaux de gauche,LEFT_PS,train,1.1502492,False
EL195_L_1993_03_075_01_2_PF_01,1993-03-28,Rassemblement pour la République;Union pour la démocratie française,RIGHT_UPF,train,1.1502038,False
EL195_L_1993_03_074_01_2_PF_01,1993-03-28,Rassemblement pour la République;Union pour la démocratie française,RIGHT_UPF,train,1.1501027,False
EL198_L_1993_03_092_05_1_PF_13,1993-03-21,Union pour la démocratie française,RIGHT_UDF,train,1.1499704,False
EL174_L_1988_06_024_03_2_PF_01,1988-06-12,Union pour la démocratie française,RIGHT_UDF,train,1.1498588,False
EL198_L_1993_03_093_13_1_PF_07,1993-03-21,Solidarité écologie gauche alternative;Alternative rouge et verte,ECO,train,1.1496985,False
EL134_L_1981_06_015_02_1_PF_01,1981-06-14,Parti communiste français,LEFT_PCF,train,1.1496938,False
EL134_L_1981_06_010_02_1_PF_02,1981-06-14,Parti communiste français,LEFT_PCF,train,1.1496487,False
EL135_L_1981_06_059_13_1_PF_01,1981-06-14,Parti communiste français,LEFT_PCF,train,1.1495761,False
EL192_L_1993_03_044_04_1_PF_06,1993-03-21,Rassemblement pour la République;Union pour la démocratie française;Centre national des indépendants et paysans,RIGHT_UPF,train,1.1495472,False
EL175_L_1988_06_044_02_2_PF_02,1988-06-12,Rassemblement pour la République;Union pour la démocratie française,RIGHT_URC,train,1.1495149,False
EL174_L_1988_06_024_02_2_PF_01,1988-06-12,Rassemblement pour la République;Union pour la démocratie française,RIGHT_URC,train,1.1492859,False
EL135_L_1981_06_055_01_2_PF_01,1981-06-21,Parti socialiste;Parti socialiste unifié;Parti communiste français,LEFT_PCF,test,1.1492482,False
EL177_L_1988_06_078_07_2_PF_02,1988-06-12,Rassemblement pour la République;Union pour la démocratie française,RIGHT_URC,train,1.1492015,False
EL175_L_1988_06_034_02_1_PF_01,1988-06-05,Parti communiste français,LEFT_PCF,test,1.1491832,False
EL134_L_1981_06_025_03_1_PF_04,1981-06-14,Union pour la démocratie française;Rassemblement pour la République,RIGHT_UNM,train,1.1490864,False
EL194_L_1993_03_066_03_1_PF_04,1993-03-21,Union pour la démocratie française;Rassemblement pour la République,RIGHT_UPF,train,1.149061,False
EL177_L_1988_06_092_11_2_PF_02,1988-06-12,Centre national des indépendants et paysans;Rassemblement pour la République;Union pour la démocratie française,RIGHT_URC,train,1.1489716,False
EL136_L_1981_06_069_02_2_PF_02,1981-06-21,Union pour la démocratie française;Rassemblement pour la République,RIGHT_UNM,train,1.1489116,False
EL137_L_1981_06_092_12_1_PF_05,1981-06-14,Parti socialiste unifié,LEFT_PS,test,1.1488204,False
EL134_L_1981_06_029_04_1_PF_03,1981-06-14,Parti socialiste,LEFT_PS,test,1.1488175,False
EL135_L_1981_06_059_03_1_PF_02,1981-06-14,Parti communiste français,LEFT_PCF,train,1.1488022,False
EL177_L_1988_06_093_09_1_PF_05,1988-06-05,Rassemblement pour la République;Union pour la démocratie française,RIGHT_URC,train,1.1486143,False
EL192_L_1993_03_044_04_1_PF_03,1993-03-21,Parti communiste français,LEFT_PCF,train,1.1485847,False
EL177_L_1988_06_077_09_2_PF_01,1988-06-12,Rassemblement pour la République;Union pour la démocratie française,RIGHT_URC,train,1.1485746,False
EL196_L_1993_03_080_04_1_PF_01,1993-03-21,Génération écologie;Verts,ECO,train,1.1485158,False
EL137_L_1981_06_092_02_1_PF_08,1981-06-14,Union pour la démocratie française,RIGHT_UDF,train,1.1484865,False
EL135_L_1981_06_062_04_1_PF_01,1981-06-14,Parti communiste français,LEFT_PCF,train,1.1484351,False
EL190_L_1993_03_022_01_1_PF_06,1993-03-21,Verts;Génération écologie,ECO,train,1.1484337,False
EL197_L_1993_03_088_02_2_PF_01,1993-03-28,Union pour la démocratie française;Rassemblement pour la République,RIGHT_UPF,train,1.1483175,False
EL137_L_1981_06_091_03_1_PF_09,1981-06-14,Rassemblement pour la République,RIGHT_RPR,test,1.148281,False
EL174_L_1988_06_02B_02_1_PF_03,1988-06-05,Parti socialiste,LEFT_PS,train,1.1482236,False
EL175_L_1988_06_043_02_1_PF_03,1988-06-05,Front national,FAR_RIGHT_FN,train,1.1482184,False
EL175_L_1988_06_050_03_1_PF_03,1988-06-05,Union pour la démocratie française,RIGHT_UDF,train,1.1482027,False
EL137_L_1981_06_093_03_1_PF_01,1981-06-14,Lutte ouvrière,FAR_LEFT,train,1.1480157,False
EL191_L_1993_03_042_06_1_PF_03,1993-03-21,Union pour la démocratie française;Rassemblement pour la République,RIGHT_UPF,test,1.1480117,False
EL176_L_1988_06_059_20_1_PF_01,1988-06-05,Parti communiste français,LEFT_PCF,train,1.1479925,False
EL191_L_1993_03_031_04_1_PF_06,1993-03-21,Parti communiste français,LEFT_PCF,train,1.1479262,False
EL176_L_1988_06_069_06_1_PF_02,1988-06-05,Parti socialiste,LEFT_PS,train,1.1479183,False
EL176_L_1988_06_057_06_1_PF_02,1988-06-05,Union pour la démocratie française;Rassemblement pour la République,RIGHT_URC,train,1.1478356,False
EL191_L_1993_03_031_08_2_PF_02,1993-03-28,Parti socialiste,LEFT_PS,train,1.1477541,False
EL198_L_1993_03_093_03_2_PF_01,1993-03-28,Rassemblement pour la République;Union pour la démocratie française;Centre des démocrates sociaux;Centre national des indépendants,RIGHT_UPF,train,1.1477388,False
EL135_L_1981_06_038_04_1_PF_05,1981-06-14,Rassemblement pour la République;Centre national des indépendants,RIGHT_RPR,train,1.147738,False
EL176_L_1988_06_062_14_1_PF_01,1988-06-05,Parti socialiste,LEFT_PS,train,1.14767,False
EL193_L_1993_03_060_01_1_PF_02,1993-03-21,Parti communiste français,LEFT_PCF,train,1.1476496,False
EL177_L_1988_06_078_10_1_PF_02,1988-06-05,Front national,FAR_RIGHT_FN,train,1.1475731,False
EL137_L_1981_06_092_13_1_PF_05,1981-06-14,Parti socialiste unifié,LEFT_PS,train,1.1475129,False
EL175_L_1988_06_046_01_1_PF_02,1988-06-05,Parti communiste français,LEFT_PCF,train,1.1475068,False
EL197_L_1993_03_083_04_1_PF_06,1993-03-21,Ecologie les Verts;Génération écologie,ECO,train,1.1473458,False
EL135_L_1981_06_059_22_1_PF_03,1981-06-14,Parti communiste français,LEFT_PCF,train,1.1473378,False
EL189_L_1993_03_014_06_1_PF_05,1993-03-21,Parti communiste français,LEFT_PCF,test,1.1473271,False
EL192_L_1993_03_057_02_2_PF_02,1993-03-28,Union pour la démocratie française;Rassemblement pour la République,RIGHT_UPF,train,1.1472498,False
EL134_L_1981_06_023_01_2_PF_01,1981-06-21,Parti socialiste,LEFT_PS,train,1.1471733,False
EL196_L_1993_03_076_04_1_PF_01,1993-03-21,Parti socialiste,LEFT_PS,train,1.1471268,False
EL191_L_1993_03_038_07_1_PF_02,1993-03-21,Parti communiste français,LEFT_PCF,train,1.1471099,False
EL189_L_1993_03_011_01_1_PF_04,1993-03-21,Front national,FAR_RIGHT_FN,train,1.1470982,False
EL192_L_1993_03_044_03_1_PF_09,1993-03-21,Lutte ouvrière,FAR_LEFT,train,1.1470121,False
EL177_L_1988_06_078_01_1_PF_01,1988-06-05,Rassemblement pour la République;Union pour la démocratie française,RIGHT_URC,train,1.1468796,False
EL135_L_1981_06_062_10_2_PF_02,1981-06-21,Radical-socialiste,LEFT_PS,train,1.1467572,False
EL190_L_1993_03_026_03_2_PF_01,1993-03-28,Union pour la démocratie française;Rassemblement pour la République;Centre national des indépendants;non inscrits,RIGHT_UPF,train,1.1467528,False
EL198_L_1993_03_094_12_1_PF_06,1993-03-21,Verts;Génération écologie,ECO,train,1.1467096,False
EL137_L_1981_06_094_04_2_PF_01,1981-06-21,Parti socialiste;Mouvement des radicaux de gauche;Parti socialiste unifié;Mouvement des démocrates;Parti communiste français,LEFT_PCF,test,1.1467065,False
EL190_L_1993_03_026_03_1_PF_07,1993-03-21,Union pour la démocratie française;Rassemblement pour la République,RIGHT_UPF,train,1.1466148,False
EL189_L_1993_03_013_05_2_PF_02,1993-03-28,Rassemblement pour la République;Union pour la démocratie française,RIGHT_UPF,train,1.1464583,False
EL135_L_1981_06_062_05_1_PF_03,1981-06-14,Rassemblement pour la République;Union pour la démocratie française,RIGHT_UNM,train,1.1464218,False
EL189_L_1993_03_004_02_1_PF_03,1993-03-21,Rassemblement pour la République;Union pour la démocratie française,RIGHT_UPF,test,1.1464084,False
EL175_L_1988_06_042_01_1_PF_02,1988-06-05,Parti communiste français,LEFT_PCF,train,1.1463951,False
EL137_L_1981_06_093_06_1_PF_04,1981-06-14,Parti socialiste,LEFT_PS,train,1.1463705,False
EL192_L_1993_03_050_03_2_PF_01,1993-03-28,Rassemblement pour la République;Union pour la démocratie française,RIGHT_UPF,train,1.1462373,False
EL174_L_1988_06_028_02_1_PF_06,1988-06-05,Front national,FAR_RIGHT_FN,train,1.146086,False
EL189_L_1993_03_014_03_2_PF_01,1993-03-28,Rassemblement pour la République;Union pour la démocratie française,RIGHT_UPF,test,1.1459484,False
EL176_L_1988_06_056_01_1_PF_04,1988-06-05,Front national,FAR_RIGHT_FN,train,1.1459277,False
EL176_L_1988_06_069_09_1_PF_02,1988-06-05,Front national,FAR_RIGHT_FN,test,1.1457523,False
EL137_L_1981_06_085_01_1_PF_04,1981-06-14,Parti communiste français,LEFT_PCF,train,1.1457517,False
EL191_L_1993_03_038_03_1_PF_06,1993-03-21,Verts;Génération écologie;Alternative rouge et verte;Association des élus écologistes de l'Isère;Ecologie alternatives autogestion,ECO,train,1.1457059,False
EL137_L_1981_06_094_01_1_PF_07,1981-06-14,Parti socialiste,LEFT_PS,train,1.1456636,False
EL190_L_1993_03_016_02_1_PF_05,1993-03-21,Parti socialiste,LEFT_PS,test,1.1456038,False
EL197_L_1993_03_083_05_2_PF_02,1993-03-28,Front national,FAR_RIGHT_FN,train,1.1455781,False
EL191_L_1993_03_031_05_1_PF_01,1993-03-21,Génération écologie;Verts,ECO,train,1.1455611,False
EL174_L_1988_06_019_01_1_PF_01,1988-06-05,Parti socialiste,LEFT_PS,train,1.1455538,False
EL191_L_1993_03_038_09_1_PF_04,1993-03-21,Union pour la démocratie française;Rassemblement pour la République,RIGHT_UPF,train,1.1455042,False
EL177_L_1988_06_091_08_1_PF_04,1988-06-05,Front national,FAR_RIGHT_FN,train,1.1452264,False
EL135_L_1981_06_038_05_2_PF_01,1981-06-21,Socialistes,LEFT_PS,train,1.1450887,False
EL194_L_1993_03_068_07_1_PF_02,1993-03-21,Génération écologie;Verts;Solidarités écologie,ECO,train,1.1450707,False
EL190_L_1993_03_027_01_2_PF_01,1993-03-28,Rassemblement pour la République;Union pour la démocratie française,RIGHT_UPF,train,1.1450626,False
EL134_L_1981_06_030_03_1_PF_03,1981-06-14,Parti communiste français,LEFT_PCF,train,1.1450422,False
EL177_L_1988_06_095_05_1_PF_01,1988-06-05,Parti communiste français,LEFT_PCF,test,1.1450182,False
EL137_L_1981_06_971_03_1_PF_01,1981-06-14,Parti socialiste,LEFT_PS,train,1.1449943,False
EL136_L_1981_06_075_26_1_PF_02,1981-06-14,Rassemblement pour la République;Union pour la démocratie française,RIGHT_UNM,train,1.1448847,False
EL135_L_1981_06_048_02_1_PF_01,1981-06-14,Parti républicain;Union pour la démocratie française,RIGHT_UDF,train,1.1448786,False
EL193_L_1993_03_059_03_1_PF_01,1993-03-21,Parti socialiste,LEFT_PS,train,1.144831,False
EL175_L_1988_06_054_04_1_PF_01,1988-06-05,Front national,FAR_RIGHT_FN,train,1.1447192,False
EL189_L_1993_03_014_06_1_PF_02,1993-03-21,Union pour la démocratie française;Rassemblement pour la République,RIGHT_UPF,test,1.1446005,False
EL196_L_1993_03_078_05_1_PF_01,1993-03-21,Rassemblement pour la République;Centre national des indépendants,RIGHT_RPR,train,1.1445959,False
EL174_L_1988_06_006_09_1_PF_02,1988-06-05,Parti communiste français,LEFT_PCF,train,1.144539,False
EL176_L_1988_06_059_03_1_PF_01,1988-06-05,Parti socialiste,LEFT_PS,train,1.1444217,False
EL137_L_1981_06_078_05_1_PF_05,1981-06-14,Rassemblement pour la République;Union pour la démocratie française,RIGHT_UNM,train,1.144242,False
EL176_L_1988_06_059_10_1_PF_02,1988-06-05,Union pour la démocratie française;Rassemblement pour la République,RIGHT_URC,test,1.1442277,False
EL192_L_1993_03_044_01_1_PF_04,1993-03-21,Mouvement des radicaux de gauche;Parti socialiste,LEFT_PS,train,1.1442013,False
EL136_L_1981_06_075_06_1_PF_01,1981-06-14,Parti communiste français,LEFT_PCF,train,1.1441735,False
EL189_L_1993_03_009_02_1_PF_01,1993-03-21,Front national,FAR_RIGHT_FN,train,1.1440165,False
EL198_L_1993_03_095_08_1_PF_08,1993-03-21,Solidarité écologie gauche alternative;Alternative rouge et verte;Alternative démocratie socialisme,ECO,train,1.1439768,False
EL176_L_1988_06_057_09_2_PF_02,1988-06-12,Rassemblement pour la République;Union pour la démocratie française;Centre national des indépendants et paysans,RIGHT_URC,train,1.1439729,False
EL175_L_1988_06_030_05_2_PF_02,1988-06-12,Parti socialiste,LEFT_PS,train,1.1439464,False
EL189_L_1993_03_009_01_2_PF_02,1993-03-28,Rassemblement pour la République;Union pour la démocratie française;Centre national des indépendants,RIGHT_UPF,test,1.1438336,False
EL135_L_1981_06_049_01_1_PF_03,1981-06-14,Parti socialiste,LEFT_PS,test,1.1437811,False
EL136_L_1981_06_067_02_1_PF_02,1981-06-14,Parti communiste français,LEFT_PCF,train,1.1436871,False
EL175_L_1988_06_054_07_1_PF_04,1988-06-05,Parti socialiste,LEFT_PS,train,1.143517,False
EL134_L_1981_06_029_08_1_PF_03,1981-06-14,Parti socialiste,LEFT_PS,train,1.1434219,False
EL197_L_1993_03_082_02_1_PF_07,1993-03-21,Front national,FAR_RIGHT_FN,train,1.1433679,False
EL190_L_1993_03_025_02_2_PF_02,1993-03-28,Rassemblement pour la République;Union pour la démocratie française,RIGHT_UPF,train,1.1432577,False
EL193_L_1993_03_060_05_1_PF_05,1993-03-21,Verts,ECO,train,1.14321,False
EL196_L_1993_03_080_02_1_PF_02,1993-03-21,Front national,FAR_RIGHT_FN,train,1.1431285,False
EL177_L_1988_06_089_01_2_PF_01,1988-06-12,Rassemblement pour la République;Union pour la démocratie française,RIGHT_URC,train,1.1431042,False
EL134_L_1981_06_030_04_1_PF_02,1981-06-14,Parti socialiste,LEFT_PS,test,1.1430875,False
EL190_L_1993_03_017_02_1_PF_01,1993-03-21,Parti communiste français,LEFT_PCF,test,1.1430442,False
EL192_L_1993_03_058_03_1_PF_04,1993-03-21,Parti socialiste,LEFT_PS,train,1.1430411,False
EL177_L_1988_06_075_05_1_PF_05,1988-06-05,Front national,FAR_RIGHT_FN,train,1.1430168,False
EL190_L_1993_03_023_01_1_PF_02,1993-03-21,Front national,FAR_RIGHT_FN,train,1.1428754,False
EL175_L_1988_06_037_04_1_PF_03,1988-06-05,Parti socialiste,LEFT_PS,test,1.1428068,False
EL135_L_1981_06_059_15_2_PF_01,1981-06-21,Parti communiste français;Parti socialiste;Mouvement des radicaux de gauche;Parti socialiste unifié,LEFT_PCF,test,1.1427231,False
EL174_L_1988_06_002_02_1_PF_03,1988-06-05,Parti communiste français,LEFT_PCF,test,1.1425881,False
EL196_L_1993_03_076_12_1_PF_03,1993-03-21,Front national,FAR_RIGHT_FN,test,1.1425264,False
EL136_L_1981_06_074_03_2_PF_02,1981-06-21,Parti socialiste,LEFT_PS,train,1.1425229,False
EL134_L_1981_06_021_02_1_PF_06,1981-06-14,Parti socialiste unifié,LEFT_PS,train,1.142498,False
EL137_L_1981_06_080_04_1_PF_03,1981-06-14,Parti socialiste,LEFT_PS,test,1.1424601,False
EL135_L_1981_06_059_19_2_PF_02,1981-06-21,Union pour la démocratie française,RIGHT_UDF,train,1.1424464,False
EL190_L_1993_03_022_05_1_PF_01,1993-03-21,Parti communiste français,LEFT_PCF,train,1.1423572,False
EL177_L_1988_06_076_06_1_PF_02,1988-06-05,Parti socialiste,LEFT_PS,train,1.1423496,False
EL190_L_1993_03_022_04_1_PF_06,1993-03-21,Union pour la démocratie française;Rassemblement pour la République,RIGHT_UPF,test,1.1422763,False
EL134_L_1981_06_013_08_1_PF_02,1981-06-14,Parti communiste français,LEFT_PCF,train,1.1422046,False
EL189_L_1993_03_006_01_1_PF_02,1993-03-21,Solidarité écologie gauche alternative,ECO,test,1.1420151,False
EL135_L_1981_06_044_02_2_PF_01,1981-06-21,Socialiste,LEFT_PS,test,1.141996,False
EL177_L_1988_06_078_04_1_PF_03,1988-06-05,Parti communiste français,LEFT_PCF,test,1.1419837,False
EL177_L_1988_06_092_09_1_PF_01,1988-06-05,Union pour la démocratie française;Rassemblement pour la République;Centre national des indépendants et paysans;Parti radical,RIGHT_URC,train,1.141957,False
EL192_L_1993_03_057_02_1_PF_07,1993-03-21,Parti communiste français,LEFT_PCF,train,1.1419386,False
EL196_L_1993_03_078_03_2_PF_01,1993-03-28,Rassemblement pour la République;Union pour la démocratie française,RIGHT_UPF,train,1.141847,False
EL136_L_1981_06_069_12_1_PF_03,1981-06-14,Parti communiste français,LEFT_PCF,train,1.1417803,False
EL189_L_1993_03_006_03_1_PF_03,1993-03-21,Parti socialiste,LEFT_PS,test,1.1415972,False
EL176_L_1988_06_074_05_1_PF_07,1988-06-05,Rassemblement pour la République;Union pour la démocratie française;Centre national des indépendants et paysans,RIGHT_URC,train,1.1415292,False
EL177_L_1988_06_077_05_1_PF_02,1988-06-05,Front national,FAR_RIGHT_FN,train,1.1415176,False
EL197_L_1993_03_091_08_2_PF_01,1993-03-28,Rassemblement pour la République;Union pour la démocratie française,RIGHT_UPF,test,1.1414899,False
EL198_L_1993_03_092_13_1_PF_05,1993-03-21,Union pour la démocratie française;Centre des démocrates sociaux,RIGHT_UDF,train,1.1414729,False
EL134_L_1981_06_029_06_1_PF_03,1981-06-14,Parti socialiste,LEFT_PS,train,1.1413274,False
EL137_L_1981_06_095_02_1_PF_05,1981-06-14,Front national,FAR_RIGHT_FN,train,1.1412824,False
EL174_L_1988_06_024_01_1_PF_03,1988-06-05,Parti socialiste;Mouvement des radicaux de gauche;Association des démocrates,LEFT_PS,train,1.1411223,False
EL177_L_1988_06_081_02_1_PF_01,1988-06-05,Parti communiste français,LEFT_PCF,test,1.1411003,False
EL175_L_1988_06_039_01_1_PF_03,1988-06-05,Front national,FAR_RIGHT_FN,train,1.1408386,False
EL191_L_1993_03_034_06_2_PF_02,1993-03-28,Union pour la démocratie française;Centre national des indépendants,RIGHT_UDF,train,1.1407757,False
EL198_L_1993_03_094_09_2_PF_01,1993-03-28,Rassemblement pour la République;Union pour la démocratie française,RIGHT_UPF,train,1.1407559,False
EL193_L_1993_03_059_22_1_PF_04,1993-03-21,Union pour la démocratie française,RIGHT_UDF,train,1.1407121,False
EL189_L_1993_03_004_02_1_PF_06,1993-03-21,Parti communiste français,LEFT_PCF,train,1.1406446,False
EL175_L_1988_06_049_07_1_PF_04,1988-06-05,Rassemblement pour la République;Union pour la démocratie française,RIGHT_URC,test,1.1405933,False
EL134_L_1981_06_028_01_1_PF_02,1981-06-14,Parti socialiste,LEFT_PS,train,1.1404567,False
EL195_L_1993_03_075_04_1_PF_08,1993-03-21,Alliance pour l'écologie et la démocratie,ECO,train,1.1404485,False
EL135_L_1981_06_059_12_1_PF_02,1981-06-14,Parti communiste français,LEFT_PCF,test,1.1404198,False
EL198_L_1993_03_093_07_2_PF_02,1993-03-28,Rassemblement pour la République;Union pour la démocratie française,RIGHT_UPF,train,1.1404086,False
EL134_L_1981_06_025_03_2_PF_02,1981-06-21,Union pour la démocratie française;Rassemblement pour la République,RIGHT_UNM,train,1.1402888,False
EL175_L_1988_06_030_05_2_PF_01,1988-06-12,Rassemblement pour la République;Union pour la démocratie française,RIGHT_URC,train,1.1402618,False
EL176_L_1988_06_059_16_1_PF_04,1988-06-05,Rassemblement pour la République;Union pour la démocratie française;Centre national des indépendants et paysans,RIGHT_URC,train,1.1401107,False
EL176_L_1988_06_059_16_2_PF_01,1988-06-12,Parti communiste français,LEFT_PCF,train,1.1400645,False
EL137_L_1981_06_094_07_2_PF_01,1981-06-21,Rassemblement pour la République;Union pour la démocratie française;Centre national des indépendants,RIGHT_UNM,train,1.1400054,False
EL198_L_1993_03_094_06_1_PF_07,1993-03-21,Solidarité écologie gauche alternative,ECO,train,1.1400033,False
EL134_L_1981_06_013_01_1_PF_03,1981-06-14,Parti socialiste,LEFT_PS,train,1.1399783,False
EL137_L_1981_06_087_03_2_PF_01,1981-06-21,Parti socialiste,LEFT_PS,train,1.1398953,False
EL136_L_1981_06_075_14_1_PF_01,1981-06-14,Parti socialiste,LEFT_PS,train,1.1398336,False
EL177_L_1988_06_092_07_1_PF_02,1988-06-05,Front national,FAR_RIGHT_FN,train,1.1398075,False
EL195_L_1993_03_075_07_1_PF_04,1993-03-21,Front national,FAR_RIGHT_FN,train,1.1397971,False
EL176_L_1988_06_060_05_1_PF_03,1988-06-05,Rassemblement pour la République;Union pour la démocratie française;Centre national des indépendants et paysans,RIGHT_URC,test,1.1397725,False
EL191_L_1993_03_041_03_1_PF_04,1993-03-21,Centre des démocrates sociaux;Union pour la démocratie française,RIGHT_UDF,train,1.1397561,False
EL137_L_1981_06_078_07_1_PF_03,1981-06-14,Parti communiste français,LEFT_PCF,train,1.1396648,False
EL191_L_1993_03_033_01_1_PF_05,1993-03-21,Rassemblement pour la République;Union pour la démocratie française;Centre national des indépendants,RIGHT_UPF,train,1.1394997,False
EL196_L_1993_03_076_08_1_PF_04,1993-03-21,Génération écologie;Verts,ECO,train,1.1394086,False
EL176_L_1988_06_067_03_1_PF_03,1988-06-05,Front national,FAR_RIGHT_FN,train,1.1393514,False
EL177_L_1988_06_077_07_1_PF_05,1988-06-05,Parti communiste français,LEFT_PCF,train,1.139346,False
EL134_L_1981_06_033_07_1_PF_01,1981-06-14,Parti socialiste,LEFT_PS,train,1.1392882,False
EL137_L_1981_06_092_11_1_PF_06,1981-06-14,Ligue communiste révolutionnaire,FAR_LEFT,test,1.1392419,False
EL189_L_1993_03_014_01_1_PF_07,1993-03-21,Parti communiste français,LEFT_PCF,test,1.1392077,False
EL135_L_1981_06_058_01_1_PF_04,1981-06-14,Union pour la démocratie française;Parti républicain,RIGHT_UDF,train,1.1391882,False
EL190_L_1993_03_025_01_1_PF_08,1993-03-21,Front national,FAR_RIGHT_FN,train,1.1391826,False
EL134_L_1981_06_035_04_2_PF_02,1981-06-21,Parti socialiste,LEFT_PS,test,1.1390773,False
EL190_L_1993_03_017_01_1_PF_08,1993-03-21,Rassemblement pour la République;Union pour la démocratie française,RIGHT_UPF,train,1.1390724,False
EL177_L_1988_06_092_03_1_PF_02,1988-06-05,Parti communiste français,LEFT_PCF,train,1.138998,False
EL176_L_1988_06_056_02_1_PF_01,1988-06-05,Parti communiste français,LEFT_PCF,train,1.1389198,False
EL176_L_1988_06_059_16_1_PF_02,1988-06-05,Front national,FAR_RIGHT_FN,test,1.1389061,False
EL134_L_1981_06_030_03_1_PF_02,1981-06-14,Rassemblement pour la République,RIGHT_RPR,train,1.1388958,False
EL192_L_1993_03_051_03_1_PF_02,1993-03-21,Rassemblement pour la République;Union pour la démocratie française,RIGHT_UPF,train,1.138617,False
EL175_L_1988_06_042_02_1_PF_01,1988-06-05,Rassemblement pour la République;Union pour la démocratie française,RIGHT_URC,test,1.1385983,False
EL134_L_1981_06_033_06_1_PF_04,1981-06-14,Union pour la démocratie française,RIGHT_UDF,test,1.1385188,False
EL176_L_1988_06_058_03_1_PF_04,1988-06-05,Parti socialiste,LEFT_PS,train,1.1383268,False
EL195_L_1993_03_075_20_1_PF_10,1993-03-21,Front national,FAR_RIGHT_FN,train,1.1382446,False
EL137_L_1981_06_080_03_1_PF_01,1981-06-14,Parti communiste français,LEFT_PCF,train,1.13824,False
EL190_L_1993_03_027_02_1_PF_07,1993-03-21,Union pour la démocratie française,RIGHT_UDF,train,1.1381923,False
EL135_L_1981_06_038_01_2_PF_01,1981-06-21,Parti socialiste;Mouvement des radicaux de gauche;Parti communiste français;Parti socialiste unifié,LEFT_PCF,test,1.1381193,False
EL189_L_1993_03_003_04_1_PF_03,1993-03-21,Parti communiste français,LEFT_PCF,train,1.1381158,False
EL195_L_1993_03_072_02_1_PF_05,1993-03-21,Parti communiste français,LEFT_PCF,test,1.1381042,False
EL190_L_1993_03_024_02_1_PF_01,1993-03-21,Parti communiste français,LEFT_PCF,test,1.1380546,False
EL175_L_1988_06_030_03_1_PF_01,1988-06-05,Front national,FAR_RIGHT_FN,train,1.1379313,False
EL191_L_1993_03_038_06_2_PF_01,1993-03-28,Union pour la démocratie française,RIGHT_UDF,train,1.1378075,False
EL176_L_1988_06_062_10_2_PF_01,1988-06-12,Parti socialiste,LEFT_PS,train,1.1378003,False
EL191_L_1993_03_032_01_1_PF_01,1993-03-21,Génération écologie;Verts,ECO,train,1.1377034,False
EL137_L_1981_06_078_08_1_PF_06,1981-06-14,Mouvement des radicaux de gauche,LEFT_PS,train,1.1376817,False
EL190_L_1993_03_017_03_1_PF_03,1993-03-21,Verts;Génération écologie,ECO,train,1.1376756,False
EL189_L_1993_03_003_01_1_PF_03,1993-03-21,Union pour la démocratie française,RIGHT_UDF,train,1.1376576,False
EL135_L_1981_06_037_01_1_PF_03,1981-06-14,Parti communiste français,LEFT_PCF,train,1.1375844,False
EL134_L_1981_06_024_02_2_PF_01,1981-06-21,Parti socialiste,LEFT_PS,train,1.137568,False
EL177_L_1988_06_091_09_1_PF_01,1988-06-05,Parti communiste français,LEFT_PCF,test,1.137518,False
EL174_L_1988_06_027_02_2_PF_01,1988-06-12,Rassemblement pour la République;Union pour la démocratie française,RIGHT_URC,train,1.1374326,False
EL134_L_1981_06_02B_01_1_PF_01,1981-06-14,Parti communiste français,LEFT_PCF,train,1.1372743,False
EL177_L_1988_06_083_04_1_PF_04,1988-06-05,Front national,FAR_RIGHT_FN,train,1.1372482,False
EL190_L_1993_03_021_04_2_PF_01,1993-03-28,Union pour la démocratie française;Rassemblement pour la République,RIGHT_UPF,train,1.1372261,False
EL196_L_1993_03_079_01_1_PF_02,1993-03-21,Parti communiste français,LEFT_PCF,train,1.137101,False
EL177_L_1988_06_076_04_1_PF_02,1988-06-05,Parti communiste français,LEFT_PCF,train,1.1370765,False
EL198_L_1993_03_094_11_1_PF_07,1993-03-21,Alliance pour l'écologie et la démocratie,ECO,train,1.1370738,False
EL193_L_1993_03_063_06_1_PF_02,1993-03-21,Parti socialiste,LEFT_PS,test,1.1370628,False
EL177_L_1988_06_093_05_2_PF_01,1988-06-12,Parti communiste français,LEFT_PCF,test,1.1370215,False
EL194_L_1993_03_067_04_1_PF_02,1993-03-21,Génération écologie;Verts,ECO,train,1.137008,False
EL135_L_1981_06_042_04_1_PF_01,1981-06-14,Parti communiste français,LEFT_PCF,train,1.1368871,False
EL196_L_1993_03_077_07_1_PF_05,1993-03-21,Rassemblement pour la République;Union pour la démocratie française,RIGHT_UPF,train,1.1368512,False
EL135_L_1981_06_059_13_1_PF_02,1981-06-14,Parti socialiste,LEFT_PS,train,1.136833,False
EL137_L_1981_06_086_01_2_PF_02,1981-06-21,Parti socialiste,LEFT_PS,train,1.1367894,False
EL197_L_1993_03_083_03_1_PF_05,1993-03-21,Union pour la démocratie française;Rassemblement pour la République,RIGHT_UPF,train,1.1367811,False
EL189_L_1993_03_008_02_1_PF_09,1993-03-21,Union pour la démocratie française;Rassemblement pour la République,RIGHT_UPF,train,1.1367496,False
EL175_L_1988_06_044_08_1_PF_05,1988-06-05,Front national,FAR_RIGHT_FN,train,1.1365677,False
EL189_L_1993_03_003_01_1_PF_02,1993-03-21,Parti communiste français,LEFT_PCF,test,1.1364099,False
EL135_L_1981_06_066_01_1_PF_03,1981-06-14,Parti socialiste,LEFT_PS,train,1.1363482,False
EL176_L_1988_06_059_19_2_PF_01,1988-06-12,Parti communiste français,LEFT_PCF,train,1.1362838,False
EL175_L_1988_06_029_02_1_PF_04,1988-06-05,Rassemblement pour la République;Union pour la démocratie française,RIGHT_URC,train,1.1362401,False
EL189_L_1993_03_009_02_2_PF_02,1993-03-28,Parti socialiste;Mouvement des radicaux de gauche,LEFT_PS,train,1.1362365,False
EL195_L_1993_03_075_10_1_PF_06,1993-03-21,Solidarité écologie gauche alternative;Alternative rouge et verte,ECO,test,1.1362095,False
EL177_L_1988_06_075_06_1_PF_06,1988-06-05,Front national,FAR_RIGHT_FN,train,1.1361538,False
EL175_L_1988_06_043_02_1_PF_01,1988-06-05,Union pour la démocratie française;Parti républicain,RIGHT_UDF,train,1.1359767,False
EL135_L_1981_06_059_08_2_PF_01,1981-06-21,Parti socialiste,LEFT_PS,test,1.1356808,False
EL177_L_1988_06_075_21_1_PF_03,1988-06-05,Rassemblement pour la République;Union pour la démocratie française,RIGHT_URC,train,1.1356636,False
EL192_L_1993_03_057_08_1_PF_01,1993-03-21,Verts;Génération écologie,ECO,train,1.1356133,False
EL194_L_1993_03_069_03_1_PF_01,1993-03-21,Génération écologie;Verts,ECO,test,1.1355491,False
EL196_L_1993_03_080_06_1_PF_03,1993-03-21,Front national,FAR_RIGHT_FN,train,1.135523,False
EL135_L_1981_06_064_01_1_PF_05,1981-06-14,Rassemblement pour la République,RIGHT_RPR,train,1.1355169,False
EL177_L_1988_06_092_05_1_PF_01,1988-06-05,Centre national des indépendants et paysans;Rassemblement pour la République;Union pour la démocratie française,RIGHT_URC,train,1.1355113,False
EL191_L_1993_03_034_05_2_PF_01,1993-03-28,Parti socialiste,LEFT_PS,train,1.1355109,False
EL192_L_1993_03_054_06_1_PF_02,1993-03-21,Front national,FAR_RIGHT_FN,test,1.1353866,False
EL194_L_1993_03_067_01_1_PF_03,1993-03-21,Union pour la démocratie française;Rassemblement pour la République,RIGHT_UPF,train,1.1353596,False
EL135_L_1981_06_059_14_1_PF_02,1981-06-14,Parti socialiste unifié,LEFT_PS,train,1.1353383,False
EL192_L_1993_03_053_02_1_PF_03,1993-03-21,Parti socialiste,LEFT_PS,train,1.1352152,False
EL176_L_1988_06_069_09_1_PF_01,1988-06-05,Parti communiste français,LEFT_PCF,train,1.1351997,False
EL190_L_1993_03_024_04_1_PF_01,1993-03-21,Verts;Génération écologie,ECO,train,1.135114,False
EL198_L_1993_03_092_01_1_PF_04,1993-03-21,socialistes,LEFT_PS,train,1.1350197,False
EL194_L_1993_03_064_06_1_PF_09,1993-03-21,Front national,FAR_RIGHT_FN,train,1.134968,False
EL134_L_1981_06_013_08_1_PF_03,1981-06-14,Union pour la démocratie française;Centre des démocrates sociaux;Parti radical;Parti républicain,RIGHT_UDF,train,1.1349342,False
EL191_L_1993_03_038_06_1_PF_06,1993-03-21,Union pour la démocratie française,RIGHT_UDF,train,1.134926,False
EL189_L_1993_03_014_01_1_PF_03,1993-03-21,Front national,FAR_RIGHT_FN,train,1.1349194,False
EL135_L_1981_06_061_03_1_PF_01,1981-06-14,Parti socialiste,LEFT_PS,train,1.1348195,False
EL190_L_1993_03_029_02_2_PF_02,1993-03-28,Rassemblement pour la République;Union pour la démocratie française,RIGHT_UPF,train,1.1347898,False
EL176_L_1988_06_069_03_1_PF_01,1988-06-05,Parti communiste français,LEFT_PCF,train,1.1347288,False
EL136_L_1981_06_069_01_1_PF_08,1981-06-14,Radical-socialiste;centre-centre gauche,LEFT_PS,train,1.1347088,False
EL191_L_1993_03_042_03_1_PF_02,1993-03-21,Union pour la démocratie française;Rassemblement pour la République,RIGHT_UPF,train,1.1346647,False
EL134_L_1981_06_007_02_2_PF_02,1981-06-21,Rassemblement pour la République;Union pour la démocratie française,RIGHT_UNM,train,1.1346557,False
EL137_L_1981_06_094_08_1_PF_05,1981-06-14,Union pour la démocratie française,RIGHT_UDF,train,1.1345111,False
EL137_L_1981_06_084_02_1_PF_03,1981-06-14,Parti socialiste,LEFT_PS,train,1.1344497,False
EL192_L_1993_03_044_04_1_PF_08,1993-03-21,Lutte ouvrière,FAR_LEFT,train,1.134331,False
EL137_L_1981_06_081_03_1_PF_01,1981-06-14,Parti socialiste unifié,LEFT_PS,train,1.134314,False
EL137_L_1981_06_080_02_1_PF_02,1981-06-14,Parti communiste français,LEFT_PCF,train,1.1342697,False
EL174_L_1988_06_001_02_1_PF_03,1988-06-05,Union pour la démocratie française;Rassemblement pour la République,RIGHT_URC,test,1.1342479,False
EL193_L_1993_03_059_16_1_PF_05,1993-03-21,Parti communiste français,LEFT_PCF,test,1.1341435,False
EL191_L_1993_03_033_10_1_PF_06,1993-03-21,Union pour la démocratie française;Rassemblement pour la République;Centre national des indépendants,RIGHT_UPF,train,1.1341212,False
EL191_L_1993_03_038_01_1_PF_03,1993-03-21,Verts;Génération écologie,ECO,train,1.1340336,False
EL198_L_1993_03_092_03_1_PF_06,1993-03-21,Verts;Génération écologie,ECO,test,1.1340315,False
EL189_L_1993_03_014_02_1_PF_04,1993-03-21,Parti socialiste,LEFT_PS,train,1.1339741,False
EL177_L_1988_06_075_21_2_PF_02,1988-06-12,Rassemblement pour la République;Union pour la démocratie française,RIGHT_URC,train,1.1339663,False
EL176_L_1988_06_074_01_1_PF_01,1988-06-05,Union pour la démocratie française;Rassemblement pour la République,RIGHT_URC,train,1.1339309,False
EL177_L_1988_06_083_05_1_PF_02,1988-06-05,Parti communiste français,LEFT_PCF,train,1.1339202,False
EL134_L_1981_06_030_04_2_PF_01,1981-06-21,Parti socialiste,LEFT_PS,train,1.1336657,False
EL175_L_1988_06_044_05_1_PF_05,1988-06-05,Front national,FAR_RIGHT_FN,train,1.1336514,False
EL191_L_1993_03_042_02_1_PF_13,1993-03-21,Nouveaux écologistes du rassemblement nature et animaux,ECO,train,1.133592,False
EL136_L_1981_06_075_07_1_PF_05,1981-06-14,Parti socialiste unifié,LEFT_PS,train,1.1335654,False
EL175_L_1988_06_051_01_2_PF_02,1988-06-12,Centre national des indépendants et paysans;Rassemblement pour la République;Union pour la démocratie française,RIGHT_URC,train,1.133548,False
EL174_L_1988_06_024_01_1_PF_02,1988-06-05,Rassemblement pour la République,RIGHT_RPR,train,1.1333987,False
EL176_L_1988_06_071_06_1_PF_01,1988-06-05,Parti communiste français,LEFT_PCF,train,1.1333913,False
EL195_L_1993_03_072_05_1_PF_03,1993-03-21,Parti socialiste,LEFT_PS,test,1.133377,False
EL191_L_1993_03_033_04_2_PF_02,1993-03-28,Rassemblement pour la République;Union pour la démocratie française;Centre national des indépendants,RIGHT_UPF,test,1.1333654,False
EL174_L_1988_06_013_02_2_PF_01,1988-06-12,Rassemblement pour la République;Union pour la démocratie française,RIGHT_URC,train,1.1333567,False
EL189_L_1993_03_003_01_1_PF_01,1993-03-21,Verts;Génération écologie,ECO,train,1.1333492,False
EL137_L_1981_06_093_08_1_PF_04,1981-06-14,Parti socialiste,LEFT_PS,train,1.1332885,False
EL134_L_1981_06_014_02_1_PF_02,1981-06-14,Parti socialiste,LEFT_PS,train,1.1332742,False
EL192_L_1993_03_058_03_1_PF_05,1993-03-21,Rassemblement pour la République;Union pour la démocratie française,RIGHT_UPF,train,1.1332425,False
EL176_L_1988_06_059_19_1_PF_01,1988-06-05,Parti socialiste,LEFT_PS,train,1.1332366,False
EL192_L_1993_03_045_05_1_PF_01,1993-03-21,Parti communiste français,LEFT_PCF,train,1.133228,False
EL176_L_1988_06_071_06_1_PF_04,1988-06-05,Front national,FAR_RIGHT_FN,train,1.133194,False
EL134_L_1981_06_034_02_1_PF_05,1981-06-14,Parti communiste français,LEFT_PCF,train,1.1331853,False
EL174_L_1988_06_013_13_2_PF_02,1988-06-12,Rassemblement pour la République;Union pour la démocratie française;Centre national des indépendants et paysans,RIGHT_URC,train,1.1331656,False
EL193_L_1993_03_063_06_1_PF_08,1993-03-21,Parti communiste français,LEFT_PCF,train,1.1330776,False
EL175_L_1988_06_045_03_1_PF_03,1988-06-05,Parti communiste français,LEFT_PCF,train,1.1329162,False
EL135_L_1981_06_060_04_2_PF_02,1981-06-21,Rassemblement pour la République;Union pour la démocratie française,RIGHT_UNM,train,1.1328576,False
EL137_L_1981_06_092_02_1_PF_02,1981-06-14,Mouvement des radicaux de gauche,LEFT_PS,train,1.132799,False
EL134_L_1981_06_024_04_1_PF_02,1981-06-14,Parti socialiste,LEFT_PS,train,1.1327405,False
EL189_L_1993_03_014_03_1_PF_09,1993-03-21,Parti communiste français,LEFT_PCF,train,1.1327015,False
EL190_L_1993_03_029_07_1_PF_06,1993-03-21,Front national,FAR_RIGHT_FN,train,1.1326791,False
EL190_L_1993_03_027_02_1_PF_05,1993-03-21,Parti socialiste,LEFT_PS,train,1.1326431,False
EL197_L_1993_03_083_06_1_PF_03,1993-03-21,Parti communiste français,LEFT_PCF,train,1.1325936,False
EL137_L_1981_06_076_01_2_PF_01,1981-06-21,Parti socialiste;Mouvement des radicaux de gauche,LEFT_PS,test,1.1325516,False
EL177_L_1988_06_078_03_1_PF_01,1988-06-05,Rassemblement pour la République;Union pour la démocratie française,RIGHT_URC,train,1.1324227,False
EL194_L_1993_03_070_02_2_PF_02,1993-03-28,Union pour la démocratie française;Rassemblement pour la République,RIGHT_UPF,test,1.1324055,False
EL135_L_1981_06_042_03_1_PF_01,1981-06-14,Parti socialiste,LEFT_PS,test,1.1324035,False
EL192_L_1993_03_045_03_1_PF_06,1993-03-21,Front national,FAR_RIGHT_FN,train,1.1323771,False
EL197_L_1993_03_083_03_2_PF_03,1993-03-28,Union pour la démocratie française;Rassemblement pour la République,RIGHT_UPF,train,1.1323515,False
EL134_L_1981_06_022_01_1_PF_05,1981-06-14,Parti socialiste unifié;Union démocratique bretonne,LEFT_PS,train,1.1323279,False
EL135_L_1981_06_054_04_1_PF_03,1981-06-14,Socialiste,LEFT_PS,train,1.132238,False
EL175_L_1988_06_055_01_2_PF_02,1988-06-12,Rassemblement pour la République;Union pour la démocratie française,RIGHT_URC,train,1.1321678,False
EL193_L_1993_03_062_05_2_PF_02,1993-03-28,Rassemblement pour la République;Union pour la démocratie française,RIGHT_UPF,train,1.1320587,False
EL176_L_1988_06_056_03_1_PF_04,1988-06-05,Front national,FAR_RIGHT_FN,train,1.1319535,False
EL177_L_1988_06_092_01_2_PF_01,1988-06-12,Parti communiste français,LEFT_PCF,train,1.131871,False
EL135_L_1981_06_060_04_1_PF_03,1981-06-14,Parti socialiste,LEFT_PS,train,1.1318442,False
EL137_L_1981_06_078_05_1_PF_07,1981-06-14,Front national,FAR_RIGHT_FN,train,1.1318247,False
EL196_L_1993_03_077_03_1_PF_03,1993-03-21,Parti communiste français,LEFT_PCF,train,1.1317812,False
EL191_L_1993_03_038_07_2_PF_01,1993-03-28,Union pour la démocratie française;Rassemblement pour la République,RIGHT_UPF,train,1.1317563,False
EL135_L_1981_06_062_03_2_PF_01,1981-06-21,Parti socialiste,LEFT_PS,train,1.1317383,False
EL191_L_1993_03_039_02_1_PF_01,1993-03-21,Union pour la démocratie française;Rassemblement pour la République,RIGHT_UPF,train,1.1316894,False
EL193_L_1993_03_063_02_2_PF_01,1993-03-28,Rassemblement pour la République;Union pour la démocratie française,RIGHT_UPF,train,1.1316408,False
EL189_L_1993_03_003_02_1_PF_03,1993-03-21,Parti socialiste,LEFT_PS,test,1.1316154,False
EL192_L_1993_03_049_04_1_PF_03,1993-03-21,Front national,FAR_RIGHT_FN,train,1.1315244,False
EL136_L_1981_06_069_10_1_PF_03,1981-06-14,Rassemblement pour la République;Union pour la démocratie française,RIGHT_UNM,train,1.1315132,False
EL189_L_1993_03_001_04_1_PF_01,1993-03-21,Front national,FAR_RIGHT_FN,train,1.1314919,False
EL194_L_1993_03_069_12_1_PF_03,1993-03-21,Génération écologie;Verts,ECO,test,1.1314794,False
EL190_L_1993_03_024_01_2_PF_01,1993-03-28,Union pour la démocratie française;Rassemblement pour la République,RIGHT_UPF,train,1.1313626,False
EL135_L_1981_06_059_10_1_PF_02,1981-06-14,Parti communiste français,LEFT_PCF,train,1.1313213,False
EL194_L_1993_03_069_03_1_PF_02,1993-03-21,Génération écologie;Verts;Alternative rouge et verte,ECO,test,1.1312864,False
EL197_L_1993_03_087_01_1_PF_06,1993-03-21,Rassemblement pour la République,RIGHT_RPR,test,1.1312364,False
EL137_L_1981_06_095_04_2_PF_02,1981-06-21,Parti socialiste;Parti communiste français;Parti socialiste unifié,LEFT_PCF,train,1.1311569,False
EL174_L_1988_06_021_05_1_PF_01,1988-06-05,Parti socialiste,LEFT_PS,train,1.1309968,False
EL198_L_1993_03_093_03_1_PF_06,1993-03-21,Solidarité écologie gauche alternative,ECO,train,1.1309662,False
EL177_L_1988_06_088_03_1_PF_01,1988-06-05,Rassemblement pour la République;Union pour la démocratie française,RIGHT_URC,train,1.130924,False
EL198_L_1993_03_092_03_1_PF_01,1993-03-21,Parti communiste français,LEFT_PCF,test,1.1309081,False
EL193_L_1993_03_060_03_2_PF_02,1993-03-28,Front national,FAR_RIGHT_FN,test,1.1309011,False
EL198_L_1993_03_092_11_1_PF_04,1993-03-21,Parti socialiste;Mouvement des radicaux de gauche,LEFT_PS,train,1.1308548,False
EL190_L_1993_03_025_04_1_PF_07,1993-03-21,Front national,FAR_RIGHT_FN,train,1.1308122,False
EL176_L_1988_06_059_01_1_PF_06,1988-06-05,Parti communiste français,LEFT_PCF,train,1.1307381,False
EL191_L_1993_03_033_03_1_PF_07,1993-03-21,Front national,FAR_RIGHT_FN,test,1.1306862,False
EL196_L_1993_03_079_04_2_PF_01,1993-03-28,Union pour la démocratie française,RIGHT_UDF,train,1.1305649,False
EL137_L_1981_06_085_01_1_PF_02,1981-06-14,Parti socialiste,LEFT_PS,train,1.130551,False
EL137_L_1981_06_093_07_1_PF_04,1981-06-14,Parti socialiste,LEFT_PS,train,1.130504,False
EL192_L_1993_03_054_02_2_PF_02,1993-03-28,Parti socialiste,LEFT_PS,train,1.1304625,False
EL134_L_1981_06_018_03_1_PF_01,1981-06-14,Parti socialiste,LEFT_PS,train,1.130383,False
EL175_L_1988_06_049_02_1_PF_04,1988-06-05,Front national,FAR_RIGHT_FN,test,1.1303543,False
EL190_L_1993_03_024_03_1_PF_05,1993-03-21,Rassemblement pour la République;Indépendants et paysans,RIGHT_RPR,train,1.1303437,False
EL135_L_1981_06_037_02_2_PF_01,1981-06-21,Parti socialiste,LEFT_PS,train,1.130298,False
EL196_L_1993_03_079_01_1_PF_05,1993-03-21,Alliance pour l'écologie et la démocratie,ECO,train,1.1302303,False
EL190_L_1993_03_021_03_1_PF_04,1993-03-21,Mouvement des citoyens;Parti socialiste,LEFT_PS,test,1.1300625,False
EL191_L_1993_03_034_06_2_PF_01,1993-03-28,Rassemblement pour la République,RIGHT_RPR,train,1.1300348,False
EL198_L_1993_03_095_03_2_PF_02,1993-03-28,Union pour la démocratie française,RIGHT_UDF,train,1.1299477,False
EL136_L_1981_06_075_03_1_PF_04,1981-06-14,Parti socialiste unifié,LEFT_PS,test,1.1299268,False
EL135_L_1981_06_059_05_1_PF_05,1981-06-14,Rassemblement pour la République;Union pour la démocratie française,RIGHT_UNM,train,1.1298376,False
EL177_L_1988_06_094_10_2_PF_01,1988-06-12,Parti communiste français,LEFT_PCF,train,1.1297628,False
EL134_L_1981_06_006_05_1_PF_01,1981-06-14,Parti communiste français,LEFT_PCF,train,1.1295427,False
EL134_L_1981_06_010_02_1_PF_04,1981-06-14,Parti socialiste,LEFT_PS,train,1.1295217,False
EL192_L_1993_03_045_05_2_PF_02,1993-03-28,Front national,FAR_RIGHT_FN,train,1.1294446,False
EL134_L_1981_06_010_03_1_PF_01,1981-06-14,Rassemblement pour la République;Union pour la démocratie française;Parti radical-socialiste,LEFT_PS,train,1.1294192,False
EL174_L_1988_06_025_03_1_PF_02,1988-06-05,Front national,FAR_RIGHT_FN,train,1.1293999,False
EL194_L_1993_03_069_10_1_PF_02,1993-03-21,Génération écologie;Verts,ECO,train,1.1293548,False
EL191_L_1993_03_042_02_1_PF_09,1993-03-21,Génération écologie;Verts,ECO,train,1.129331,False
EL134_L_1981_06_028_01_1_PF_03,1981-06-14,Rassemblement pour la République,RIGHT_RPR,train,1.129237,False
EL175_L_1988_06_029_02_1_PF_02,1988-06-05,Front national,FAR_RIGHT_FN,train,1.1291807,False
EL137_L_1981_06_080_01_1_PF_07,1981-06-14,Rassemblement pour la République,RIGHT_RPR,train,1.1291234,False
EL175_L_1988_06_042_04_1_PF_02,1988-06-05,Parti communiste français,LEFT_PCF,train,1.1290212,False
EL177_L_1988_06_079_02_2_PF_01,1988-06-12,Parti socialiste,LEFT_PS,test,1.1290005,False
EL177_L_1988_06_078_12_1_PF_01,1988-06-05,Rassemblement pour la République,RIGHT_RPR,train,1.1289916,False
EL193_L_1993_03_063_06_2_PF_02,1993-03-28,socialistes;communistes,LEFT_PS,test,1.1289628,False
EL137_L_1981_06_976_01_1_PF_02,1981-06-14,Rassemblement pour la République;Union pour la démocratie française,RIGHT_UNM,train,1.1288885,False
EL135_L_1981_06_059_18_1_PF_01,1981-06-14,Parti communiste français,LEFT_PCF,train,1.1288116,False
EL177_L_1988_06_076_02_1_PF_04,1988-06-05,Front national,FAR_RIGHT_FN,train,1.1286131,False
EL198_L_1993_03_095_01_2_PF_01,1993-03-28,Rassemblement pour la République;Union pour la démocratie française,RIGHT_UPF,train,1.128424,False
EL135_L_1981_06_036_01_2_PF_01,1981-06-21,Union pour la démocratie française;Rassemblement pour la République,RIGHT_UNM,test,1.1284215,False
EL198_L_1993_03_095_02_1_PF_08,1993-03-21,Rassemblement pour la République;Union pour la démocratie française,RIGHT_UPF,train,1.1283609,False
EL198_L_1993_03_095_03_2_PF_01,1993-03-28,Rassemblement pour la République;Centre national des indépendants,RIGHT_RPR,train,1.1283511,False
EL137_L_1981_06_093_01_1_PF_07,1981-06-14,Rassemblement pour la République;Union pour la démocratie française,RIGHT_UNM,test,1.1282977,False
EL189_L_1993_03_006_04_2_PF_01,1993-03-28,Rassemblement pour la République;Union pour la démocratie française,RIGHT_UPF,train,1.1282918,False
EL196_L_1993_03_079_03_1_PF_04,1993-03-21,Union pour la démocratie française;Rassemblement pour la République,RIGHT_UPF,train,1.1282289,False
EL175_L_1988_06_038_02_1_PF_01,1988-06-05,Parti communiste français,LEFT_PCF,train,1.1282228,False
EL193_L_1993_03_059_06_1_PF_05,1993-03-21,Rassemblement pour la République;Centre national des indépendants;Union pour la démocratie française,RIGHT_UPF,train,1.1281017,False
EL137_L_1981_06_093_02_1_PF_03,1981-06-14,Parti communiste français,LEFT_PCF,train,1.1280618,False
EL189_L_1993_03_014_05_1_PF_02,1993-03-21,Verts,ECO,train,1.1280607,False
EL198_L_1993_03_094_01_1_PF_06,1993-03-21,Verts;Génération écologie,ECO,train,1.1280007,False
EL177_L_1988_06_093_01_1_PF_05,1988-06-05,Rassemblement pour la République;Union pour la démocratie française,RIGHT_URC,train,1.1279767,False
EL196_L_1993_03_076_02_1_PF_08,1993-03-21,Nouveaux écologistes du rassemblement nature et animaux,ECO,train,1.1278495,False
EL174_L_1988_06_008_01_2_PF_02,1988-06-12,Rassemblement pour la République;Union pour la démocratie française,RIGHT_URC,train,1.1277349,False
EL176_L_1988_06_067_04_1_PF_01,1988-06-05,Union pour la démocratie française;Rassemblement pour la République,RIGHT_URC,train,1.127604,False
EL176_L_1988_06_059_05_2_PF_02,1988-06-12,Rassemblement pour la République;Union pour la démocratie française,RIGHT_URC,train,1.1275558,False
EL193_L_1993_03_062_10_1_PF_03,1993-03-21,Front national,FAR_RIGHT_FN,train,1.1274883,False
EL196_L_1993_03_076_01_1_PF_07,1993-03-21,Front national,FAR_RIGHT_FN,train,1.1274742,False
EL135_L_1981_06_049_06_1_PF_04,1981-06-14,Parti socialiste,LEFT_PS,train,1.127361,False
EL190_L_1993_03_026_01_1_PF_02,1993-03-21,Verts;Génération écologie,ECO,train,1.1272504,False
EL136_L_1981_06_072_01_1_PF_02,1981-06-14,Parti socialiste,LEFT_PS,test,1.1271663,False
EL191_L_1993_03_041_01_1_PF_03,1993-03-21,Front national,FAR_RIGHT_FN,train,1.1271648,False
EL192_L_1993_03_047_03_1_PF_04,1993-03-21,Parti socialiste,LEFT_PS,train,1.1270282,False
EL174_L_1988_06_023_02_1_PF_03,1988-06-05,Front national,FAR_RIGHT_FN,train,1.1270065,False
EL194_L_1993_03_066_04_1_PF_10,1993-03-21,Front national,FAR_RIGHT_FN,test,1.1269814,False
EL192_L_1993_03_057_10_2_PF_01,1993-03-28,Rassemblement pour la République;Union pour la démocratie française,RIGHT_UPF,train,1.1268042,False
EL192_L_1993_03_051_06_2_PF_02,1993-03-28,Rassemblement pour la République;Union pour la démocratie française,RIGHT_UPF,test,1.1266698,False
EL189_L_1993_03_002_01_1_PF_07,1993-03-21,Front national,FAR_RIGHT_FN,train,1.1265805,False
EL194_L_1993_03_069_10_1_PF_06,1993-03-21,Parti socialiste,LEFT_PS,train,1.1265649,False
EL192_L_1993_03_055_02_1_PF_10,1993-03-21,Front national,FAR_RIGHT_FN,train,1.1265645,False
EL176_L_1988_06_062_12_1_PF_02,1988-06-05,Front national,FAR_RIGHT_FN,train,1.126522,False
EL135_L_1981_06_040_03_1_PF_01,1981-06-14,Lutte ouvrière,FAR_LEFT,test,1.1265147,False
EL176_L_1988_06_062_02_1_PF_01,1988-06-05,Parti socialiste,LEFT_PS,train,1.1264786,False
EL135_L_1981_06_058_02_1_PF_01,1981-06-14,Parti communiste français,LEFT_PCF,test,1.1263676,False
EL197_L_1993_03_083_01_1_PF_07,1993-03-21,Front national,FAR_RIGHT_FN,train,1.1263058,False
EL190_L_1993_03_02B_01_2_PF_01,1993-03-28,Union pour la démocratie française;Rassemblement pour la République,RIGHT_UPF,train,1.1262296,False
EL195_L_1993_03_073_01_1_PF_04,1993-03-21,Rassemblement pour la République;Union pour la démocratie française,RIGHT_UPF,train,1.1261517,False
EL176_L_1988_06_074_02_1_PF_05,1988-06-05,Parti communiste français,LEFT_PCF,train,1.1261163,False
EL175_L_1988_06_040_01_2_PF_02,1988-06-12,Parti socialiste,LEFT_PS,train,1.1261153,False
EL176_L_1988_06_057_02_2_PF_02,1988-06-12,Union pour la démocratie française;Rassemblement pour la République,RIGHT_URC,test,1.1260909,False
EL137_L_1981_06_076_06_1_PF_03,1981-06-14,Parti communiste français,LEFT_PCF,train,1.1260641,False
EL135_L_1981_06_062_06_1_PF_02,1981-06-14,Parti communiste français,LEFT_PCF,train,1.1260598,False
EL177_L_1988_06_092_12_1_PF_05,1988-06-05,Front national;Fédération nationale des Indépendants,FAR_RIGHT_FN,train,1.1260198,False
EL137_L_1981_06_083_03_1_PF_02,1981-06-14,Parti socialiste,LEFT_PS,train,1.1260053,False
EL192_L_1993_03_047_03_1_PF_08,1993-03-21,Rassemblement pour la République,RIGHT_RPR,train,1.1259694,False
EL191_L_1993_03_036_03_1_PF_03,1993-03-21,Front national,FAR_RIGHT_FN,train,1.1259664,False
EL189_L_1993_03_009_01_1_PF_01,1993-03-21,Front national,FAR_RIGHT_FN,train,1.1259495,False
EL175_L_1988_06_037_05_1_PF_03,1988-06-05,Rassemblement pour la République;Union pour la démocratie française,RIGHT_URC,train,1.1259282,False
EL192_L_1993_03_050_01_1_PF_05,1993-03-21,Rassemblement pour la République;Union pour la démocratie française,RIGHT_UPF,train,1.1259211,False
EL137_L_1981_06_082_02_1_PF_04,1981-06-14,Rassemblement pour la République,RIGHT_RPR,test,1.1258929,False
EL136_L_1981_06_075_25_1_PF_05,1981-06-14,Parti socialiste unifié,LEFT_PS,train,1.125807,False
EL193_L_1993_03_062_06_1_PF_08,1993-03-21,Nouveaux écologistes du rassemblement nature et animaux,ECO,train,1.1257628,False
EL190_L_1993_03_027_02_1_PF_08,1993-03-21,Nouveaux écologistes du rassemblement nature et animaux,ECO,train,1.1257628,False
EL198_L_1993_03_092_01_1_PF_12,1993-03-21,Nouveaux écologistes du rassemblement nature et animaux,ECO,train,1.1257628,False
EL191_L_1993_03_041_01_1_PF_07,1993-03-21,Union pour la démocratie française;Rassemblement pour la République,RIGHT_UPF,test,1.1257185,False
EL137_L_1981_06_090_02_1_PF_04,1981-06-14,Rassemblement pour la République,RIGHT_RPR,train,1.1257166,False
EL197_L_1993_03_087_04_1_PF_06,1993-03-21,Parti socialiste,LEFT_PS,train,1.1256905,False
EL191_L_1993_03_042_01_2_PF_01,1993-03-28,Union pour la démocratie française;Rassemblement pour la République,RIGHT_UPF,train,1.125664,False
EL190_L_1993_03_023_01_1_PF_03,1993-03-21,Parti communiste français,LEFT_PCF,train,1.1255141,False
EL193_L_1993_03_060_05_1_PF_04,1993-03-21,Verts;Génération écologie,ECO,train,1.1255075,False
EL175_L_1988_06_039_01_1_PF_04,1988-06-05,Parti communiste français,LEFT_PCF,train,1.125502,False
EL197_L_1993_03_087_01_1_PF_03,1993-03-21,Solidarité écologie gauche alternative,ECO,train,1.1254994,False
EL134_L_1981_06_009_01_1_PF_01,1981-06-14,Parti communiste français,LEFT_PCF,train,1.1254929,False
EL191_L_1993_03_036_03_2_PF_01,1993-03-28,Union pour la démocratie française;Rassemblement pour la République,RIGHT_UPF,train,1.125487,False
EL134_L_1981_06_019_02_1_PF_04,1981-06-14,Rassemblement pour la République,RIGHT_RPR,train,1.125442,False
EL176_L_1988_06_062_05_1_PF_02,1988-06-05,Union pour la démocratie française;Rassemblement pour la République,RIGHT_URC,train,1.1253251,False
EL189_L_1993_03_001_01_2_PF_01,1993-03-28,Union pour la démocratie française;Rassemblement pour la République,RIGHT_UPF,train,1.1252387,False
EL193_L_1993_03_063_02_1_PF_05,1993-03-21,Verts;Génération écologie,ECO,train,1.1252159,False
EL198_L_1993_03_095_04_1_PF_11,1993-03-21,Rassemblement pour la République;Union pour la démocratie française,RIGHT_UPF,train,1.1252025,False
EL136_L_1981_06_067_02_1_PF_05,1981-06-14,Rassemblement pour la République;Union pour la démocratie française,RIGHT_UNM,train,1.125194,False
EL190_L_1993_03_030_04_1_PF_04,1993-03-21,Parti socialiste;Mouvement des radicaux de gauche,LEFT_PS,train,1.1251681,False
EL134_L_1981_06_001_02_1_PF_02,1981-06-14,Parti communiste français,LEFT_PCF,train,1.1251436,False
EL189_L_1993_03_007_03_1_PF_06,1993-03-21,Union pour la démocratie française;Rassemblement pour la République,RIGHT_UPF,test,1.1250647,False
EL174_L_1988_06_019_01_1_PF_04,1988-06-05,Front national,FAR_RIGHT_FN,train,1.1250381,False
EL195_L_1993_03_074_05_1_PF_01,1993-03-21,Rassemblement pour la République;Union pour la démocratie française,RIGHT_UPF,test,1.1249615,False
EL174_L_1988_06_025_01_1_PF_05,1988-06-05,Rassemblement pour la République;Union pour la démocratie française,RIGHT_URC,train,1.1249446,False
EL134_L_1981_06_026_01_2_PF_01,1981-06-21,Parti socialiste,LEFT_PS,test,1.124932,False
EL190_L_1993_03_017_01_1_PF_05,1993-03-21,Ecologie les Verts;Génération écologie,ECO,test,1.1246161,False
EL190_L_1993_03_025_02_1_PF_07,1993-03-21,Parti communiste français,LEFT_PCF,train,1.1245021,False
EL174_L_1988_06_008_02_1_PF_02,1988-06-05,Front national,FAR_RIGHT_FN,train,1.1244903,False
EL136_L_1981_06_069_07_1_PF_02,1981-06-14,Lutte ouvrière,FAR_LEFT,train,1.1244872,False
EL193_L_1993_03_059_02_2_PF_02,1993-03-28,Union pour la démocratie française;Rassemblement pour la République,RIGHT_UPF,train,1.1244476,False
EL190_L_1993_03_028_02_1_PF_07,1993-03-21,Rassemblement pour la République;Union pour la démocratie française,RIGHT_UPF,train,1.1244452,False
EL177_L_1988_06_095_02_2_PF_02,1988-06-12,Centre national des indépendants et paysans;Rassemblement pour la République;Union pour la démocratie française;non inscrits,RIGHT_URC,train,1.1244305,False
EL177_L_1988_06_093_02_1_PF_02,1988-06-05,Parti communiste français,LEFT_PCF,train,1.1244229,False
EL136_L_1981_06_069_05_1_PF_03,1981-06-14,Union pour la démocratie française;Rassemblement pour la République,RIGHT_UNM,train,1.124407,False
EL192_L_1993_03_055_02_2_PF_02,1993-03-28,Union pour la démocratie française;Rassemblement pour la République,RIGHT_UPF,train,1.1243956,False
EL196_L_1993_03_080_06_1_PF_05,1993-03-21,Génération écologie;Verts,ECO,train,1.1242936,False
EL198_L_1993_03_092_03_2_PF_01,1993-03-28,Rassemblement pour la République;Union pour la démocratie française,RIGHT_UPF,test,1.1242827,False
EL135_L_1981_06_059_18_1_PF_04,1981-06-14,Union pour la démocratie française;Mouvement démocrate socialiste,LEFT_PS,train,1.1242622,False
EL134_L_1981_06_031_04_1_PF_05,1981-06-14,Rassemblement pour la République,RIGHT_RPR,train,1.1242551,False
EL193_L_1993_03_063_01_1_PF_03,1993-03-21,Parti communiste français,LEFT_PCF,test,1.1241648,False
EL134_L_1981_06_001_03_1_PF_02,1981-06-14,Parti communiste français,LEFT_PCF,train,1.1241391,False
EL136_L_1981_06_071_01_2_PF_01,1981-06-21,Rassemblement pour la République;Centre des démocrates sociaux;Parti radical,RIGHT_RPR,train,1.1240803,False
EL175_L_1988_06_050_01_2_PF_02,1988-06-12,Rassemblement pour la République;Union pour la démocratie française,RIGHT_URC,train,1.1240684,False
EL174_L_1988_06_017_01_1_PF_03,1988-06-05,Rassemblement pour la République,RIGHT_RPR,test,1.1240216,False
EL175_L_1988_06_033_01_1_PF_03,1988-06-05,Parti communiste français,LEFT_PCF,test,1.123979,False
EL137_L_1981_06_086_02_2_PF_02,1981-06-21,Parti socialiste,LEFT_PS,train,1.1239606,False
EL196_L_1993_03_076_01_1_PF_04,1993-03-21,Génération écologie;Verts,ECO,train,1.1239533,False
EL195_L_1993_03_075_05_1_PF_01,1993-03-21,Parti socialiste;Mouvement des radicaux de gauche,LEFT_PS,train,1.1238465,False
EL134_L_1981_06_034_04_1_PF_02,1981-06-14,Union pour la démocratie française;Rassemblement pour la République,RIGHT_UNM,train,1.1238202,False
EL137_L_1981_06_093_01_2_PF_02,1981-06-21,Rassemblement pour la République;Union pour la démocratie française,RIGHT_UNM,train,1.1238159,False
EL176_L_1988_06_069_07_2_PF_02,1988-06-12,Union pour la démocratie française;Rassemblement pour la République,RIGHT_URC,train,1.1237309,False
EL177_L_1988_06_086_02_1_PF_04,1988-06-05,Parti communiste français,LEFT_PCF,train,1.1236422,False
EL193_L_1993_03_062_05_1_PF_06,1993-03-21,Rassemblement pour la République;Union pour la démocratie française,RIGHT_UPF,train,1.1235379,False
EL198_L_1993_03_093_12_1_PF_07,1993-03-21,Verts;Génération écologie,ECO,train,1.123407,False
EL175_L_1988_06_054_01_1_PF_02,1988-06-05,Rassemblement pour la République;Union pour la démocratie française,RIGHT_URC,train,1.1233283,False
EL175_L_1988_06_050_04_1_PF_02,1988-06-05,Parti socialiste,LEFT_PS,train,1.1232718,False
EL175_L_1988_06_048_01_2_PF_02,1988-06-12,Rassemblement pour la République;Union pour la démocratie française,RIGHT_URC,train,1.1232158,False
EL191_L_1993_03_035_07_2_PF_02,1993-03-28,Parti socialiste,LEFT_PS,train,1.1232153,False
EL189_L_1993_03_014_04_1_PF_06,1993-03-21,Front national,FAR_RIGHT_FN,train,1.1231377,False
EL176_L_1988_06_059_02_1_PF_01,1988-06-05,Parti communiste français,LEFT_PCF,train,1.1231344,False
EL137_L_1981_06_094_04_1_PF_01,1981-06-14,Parti communiste français,LEFT_PCF,train,1.1231166,False
EL191_L_1993_03_042_06_1_PF_04,1993-03-21,Génération écologie;Verts,ECO,train,1.1230053,False
EL192_L_1993_03_053_02_1_PF_05,1993-03-21,Parti communiste français,LEFT_PCF,train,1.12297,False
EL174_L_1988_06_022_05_1_PF_04,1988-06-05,Front national,FAR_RIGHT_FN,train,1.1229671,False
EL196_L_1993_03_078_03_1_PF_07,1993-03-21,Rassemblement pour la République;Union pour la démocratie française,RIGHT_UPF,train,1.1229275,False
EL198_L_1993_03_094_09_1_PF_08,1993-03-21,Ligue communiste révolutionnaire,FAR_LEFT,train,1.1229068,False
EL137_L_1981_06_089_03_1_PF_01,1981-06-14,Parti socialiste;Mouvement des radicaux de gauche,LEFT_PS,train,1.1226786,False
EL177_L_1988_06_077_07_1_PF_06,1988-06-05,Centre national des indépendants et paysans;Rassemblement pour la République;Union pour la démocratie française,RIGHT_URC,train,1.1226715,False
EL137_L_1981_06_076_05_1_PF_03,1981-06-14,Parti socialiste,LEFT_PS,train,1.1226357,False
EL135_L_1981_06_064_02_2_PF_01,1981-06-21,Parti socialiste,LEFT_PS,train,1.122579,False
EL190_L_1993_03_027_05_1_PF_05,1993-03-21,Front national,FAR_RIGHT_FN,train,1.1225696,False
EL175_L_1988_06_038_05_1_PF_02,1988-06-05,Rassemblement pour la République;Union pour la démocratie française,RIGHT_URC,train,1.1224958,False
EL135_L_1981_06_038_04_2_PF_02,1981-06-21,Rassemblement pour la République;Centre national des indépendants et paysans;Union pour la démocratie française;Parti radical-socialiste;Mouvement de la gauche libérale,LEFT_PS,train,1.1224804,False
EL135_L_1981_06_050_03_1_PF_03,1981-06-14,Parti communiste français,LEFT_PCF,train,1.122393,False
EL197_L_1993_03_091_10_1_PF_02,1993-03-21,Alternative rouge et verte;Solidarité écologie gauche alternative,ECO,test,1.122383,False
EL176_L_1988_06_059_17_1_PF_04,1988-06-05,Front national,FAR_RIGHT_FN,train,1.1223819,False
EL192_L_1993_03_056_01_1_PF_03,1993-03-21,Parti communiste français,LEFT_PCF,train,1.1222626,False
EL175_L_1988_06_054_03_2_PF_01,1988-06-12,Rassemblement pour la République;Union pour la démocratie française,RIGHT_URC,train,1.122253,False
EL196_L_1993_03_081_04_2_PF_01,1993-03-28,Rassemblement pour la République;Union pour la démocratie française,RIGHT_UPF,train,1.1222419,False
EL134_L_1981_06_033_06_1_PF_02,1981-06-14,Rassemblement pour la République,RIGHT_RPR,test,1.1222368,False
EL196_L_1993_03_076_04_2_PF_01,1993-03-28,Parti socialiste,LEFT_PS,test,1.1222275,False
EL195_L_1993_03_075_01_1_PF_01,1993-03-21,Rassemblement pour la République;Union pour la démocratie française,RIGHT_UPF,train,1.1221882,False
EL134_L_1981_06_008_02_1_PF_05,1981-06-14,Parti communiste français,LEFT_PCF,train,1.122131,False
EL190_L_1993_03_021_03_1_PF_07,1993-03-21,Front national,FAR_RIGHT_FN,train,1.1219945,False
EL189_L_1993_03_006_09_1_PF_05,1993-03-21,Rassemblement pour la République;Union pour la démocratie française,RIGHT_UPF,train,1.1219859,False
EL135_L_1981_06_059_12_1_PF_03,1981-06-14,Parti socialiste,LEFT_PS,train,1.1219761,False
EL189_L_1993_03_005_01_1_PF_02,1993-03-21,Parti communiste français,LEFT_PCF,train,1.1218997,False
EL175_L_1988_06_038_02_1_PF_02,1988-06-05,Parti socialiste,LEFT_PS,test,1.1218768,False
EL175_L_1988_06_039_02_1_PF_03,1988-06-05,Parti communiste français,LEFT_PCF,train,1.1218745,False
EL189_L_1993_03_013_16_2_PF_02,1993-03-28,Rassemblement pour la République;Union pour la démocratie française,RIGHT_UPF,train,1.1217781,False
EL177_L_1988_06_076_07_1_PF_03,1988-06-05,Parti socialiste,LEFT_PS,train,1.1216217,False
EL192_L_1993_03_057_02_1_PF_04,1993-03-21,Union pour la démocratie française;Rassemblement pour la République,RIGHT_UPF,train,1.1214852,False
EL135_L_1981_06_058_03_1_PF_02,1981-06-14,Parti socialiste,LEFT_PS,test,1.1214645,False
EL177_L_1988_06_083_06_1_PF_04,1988-06-05,Parti communiste français,LEFT_PCF,train,1.1214012,False
EL191_L_1993_03_038_03_1_PF_07,1993-03-21,Union pour la démocratie française;Rassemblement pour la République;Centre national des indépendants;non inscrits,RIGHT_UPF,train,1.1213669,False
EL134_L_1981_06_034_01_1_PF_02,1981-06-14,Parti socialiste,LEFT_PS,train,1.1212993,False
EL177_L_1988_06_092_06_1_PF_03,1988-06-05,Parti communiste français,LEFT_PCF,train,1.1212937,False
EL136_L_1981_06_075_26_1_PF_03,1981-06-14,Parti socialiste unifié,LEFT_PS,train,1.1212537,False
EL136_L_1981_06_068_03_2_PF_02,1981-06-21,Parti socialiste,LEFT_PS,train,1.1212287,False
EL192_L_1993_03_044_10_1_PF_02,1993-03-21,Parti socialiste,LEFT_PS,train,1.1211741,False
EL190_L_1993_03_028_02_1_PF_06,1993-03-21,Verts;Génération écologie,ECO,train,1.12107,False
EL134_L_1981_06_033_03_1_PF_04,1981-06-14,Parti républicain;Union pour la démocratie française,RIGHT_UDF,train,1.1210628,False
EL192_L_1993_03_049_07_1_PF_03,1993-03-21,Front national,FAR_RIGHT_FN,train,1.1210473,False
EL136_L_1981_06_069_10_1_PF_02,1981-06-14,Lutte ouvrière,FAR_LEFT,train,1.1210163,False
EL177_L_1988_06_076_03_1_PF_04,1988-06-05,Rassemblement pour la République;Union pour la démocratie française,RIGHT_URC,train,1.120768,False
EL136_L_1981_06_075_10_1_PF_01,1981-06-14,Parti socialiste,LEFT_PS,train,1.1207473,False
EL174_L_1988_06_009_02_2_PF_01,1988-06-12,Parti socialiste,LEFT_PS,train,1.1207386,False
EL176_L_1988_06_074_04_1_PF_01,1988-06-05,Union pour la démocratie française;Rassemblement pour la République,RIGHT_URC,test,1.1205121,False
EL134_L_1981_06_029_03_1_PF_02,1981-06-14,Parti communiste français,LEFT_PCF,train,1.1204219,False
EL194_L_1993_03_068_06_1_PF_06,1993-03-21,Lutte ouvrière,FAR_LEFT,train,1.1203972,False
EL137_L_1981_06_095_01_1_PF_04,1981-06-14,Parti socialiste unifié,LEFT_PS,train,1.120173,False
EL177_L_1988_06_095_04_1_PF_01,1988-06-05,Centre national des indépendants et paysans;Rassemblement pour la République;Union pour la démocratie française;non inscrits,RIGHT_URC,train,1.1201396,False
EL134_L_1981_06_006_03_1_PF_02,1981-06-14,Parti communiste français,LEFT_PCF,train,1.1201062,False
EL197_L_1993_03_090_02_1_PF_11,1993-03-21,Front national,FAR_RIGHT_FN,train,1.119984,False
EL134_L_1981_06_033_03_1_PF_02,1981-06-14,Rassemblement pour la République,RIGHT_RPR,train,1.1199605,False
EL192_L_1993_03_045_02_2_PF_01,1993-03-28,Rassemblement pour la République;Union pour la démocratie française;Centre national des indépendants et paysans,RIGHT_UPF,train,1.1197639,False
EL134_L_1981_06_035_06_2_PF_02,1981-06-21,Parti socialiste,LEFT_PS,train,1.1196989,False
EL196_L_1993_03_080_01_1_PF_02,1993-03-21,Ligue communiste révolutionnaire,FAR_LEFT,train,1.1196722,False
EL192_L_1993_03_050_05_1_PF_05,1993-03-21,Rassemblement pour la République,RIGHT_RPR,train,1.1196537,False
EL189_L_1993_03_007_03_1_PF_01,1993-03-21,Solidarité écologie gauche alternative,ECO,test,1.1195465,False
EL176_L_1988_06_073_03_1_PF_01,1988-06-05,Rassemblement pour la République,RIGHT_RPR,train,1.1194386,False
EL191_L_1993_03_035_06_1_PF_04,1993-03-21,Union pour la démocratie française;Rassemblement pour la République,RIGHT_UPF,train,1.1194147,False
EL134_L_1981_06_029_05_1_PF_04,1981-06-14,Rassemblement pour la République,RIGHT_RPR,train,1.1193107,False
EL137_L_1981_06_087_02_1_PF_04,1981-06-14,Rassemblement pour la République,RIGHT_RPR,test,1.1193057,False
EL191_L_1993_03_038_08_1_PF_04,1993-03-21,Union pour la démocratie française;Rassemblement pour la République,RIGHT_UPF,train,1.1192887,False
EL196_L_1993_03_076_07_1_PF_06,1993-03-21,Rassemblement pour la République;Union pour la démocratie française,RIGHT_UPF,train,1.1192031,False
EL175_L_1988_06_040_02_2_PF_02,1988-06-12,Parti socialiste,LEFT_PS,train,1.119202,False
EL192_L_1993_03_057_09_1_PF_03,1993-03-21,Front national,FAR_RIGHT_FN,train,1.1191705,False
EL135_L_1981_06_042_02_2_PF_02,1981-06-21,Rassemblement pour la République,RIGHT_RPR,train,1.1191565,False
EL197_L_1993_03_089_03_1_PF_04,1993-03-21,Rassemblement pour la République;Union pour la démocratie française,RIGHT_UPF,train,1.1191539,False
EL190_L_1993_03_025_02_1_PF_03,1993-03-21,Front national,FAR_RIGHT_FN,train,1.119151,False
EL196_L_1993_03_077_05_2_PF_01,1993-03-28,Rassemblement pour la République;Union pour la démocratie française,RIGHT_UPF,train,1.1190666,False
EL137_L_1981_06_093_07_1_PF_05,1981-06-14,Mouvement des radicaux de gauche,LEFT_PS,train,1.1190617,False
EL190_L_1993_03_029_02_1_PF_07,1993-03-21,Rassemblement pour la République,RIGHT_RPR,train,1.1190033,False
EL134_L_1981_06_021_03_1_PF_03,1981-06-14,Parti socialiste;Mouvement des radicaux de gauche,LEFT_PS,test,1.1189952,False
EL134_L_1981_06_030_03_1_PF_01,1981-06-14,Parti socialiste,LEFT_PS,test,1.1189083,False
EL135_L_1981_06_062_03_1_PF_02,1981-06-14,Parti socialiste,LEFT_PS,train,1.118893,False
EL176_L_1988_06_067_06_2_PF_01,1988-06-12,Union pour la démocratie française;Centre des démocrates sociaux,RIGHT_UDF,train,1.1187527,False
EL190_L_1993_03_022_01_1_PF_02,1993-03-21,Parti socialiste,LEFT_PS,train,1.1187073,False
EL174_L_1988_06_025_02_1_PF_01,1988-06-05,Parti communiste français,LEFT_PCF,test,1.1187068,False
EL174_L_1988_06_002_02_1_PF_04,1988-06-05,Parti socialiste,LEFT_PS,train,1.118602,False
EL176_L_1988_06_056_05_1_PF_05,1988-06-05,Front national,FAR_RIGHT_FN,train,1.1185229,False
EL194_L_1993_03_067_02_1_PF_03,1993-03-21,socialiste,LEFT_PS,train,1.1184578,False
EL193_L_1993_03_062_11_1_PF_01,1993-03-21,Parti socialiste,LEFT_PS,train,1.1183873,False
EL174_L_1988_06_021_05_1_PF_04,1988-06-05,Parti communiste français,LEFT_PCF,test,1.1183828,False
EL134_L_1981_06_034_04_2_PF_01,1981-06-21,Parti communiste français;Parti socialiste;Mouvement des radicaux de gauche;Parti socialiste unifié,LEFT_PCF,train,1.1183579,False
EL136_L_1981_06_075_29_1_PF_03,1981-06-14,Rassemblement pour la République,RIGHT_RPR,test,1.1183218,False
EL193_L_1993_03_059_14_2_PF_01,1993-03-28,socialistes,LEFT_PS,train,1.1183196,False
EL192_L_1993_03_049_01_1_PF_06,1993-03-21,Parti communiste français,LEFT_PCF,train,1.1182678,False
EL192_L_1993_03_054_05_1_PF_08,1993-03-21,Parti socialiste,LEFT_PS,train,1.1182468,False
EL189_L_1993_03_005_02_1_PF_02,1993-03-21,Verts,ECO,train,1.1181388,False
EL176_L_1988_06_060_05_1_PF_01,1988-06-05,Parti communiste français,LEFT_PCF,test,1.1181388,False
EL175_L_1988_06_053_02_1_PF_04,1988-06-05,Rassemblement pour la République;Union pour la démocratie française,RIGHT_URC,train,1.1181074,False
EL195_L_1993_03_073_01_2_PF_01,1993-03-28,Rassemblement pour la République;Union pour la démocratie française,RIGHT_UPF,train,1.1180942,False
EL190_L_1993_03_027_04_1_PF_03,1993-03-21,Parti socialiste;Mouvement des radicaux de gauche,LEFT_PS,test,1.1180441,False
EL177_L_1988_06_077_06_2_PF_01,1988-06-12,Parti socialiste,LEFT_PS,train,1.1180437,False
EL192_L_1993_03_044_02_1_PF_04,1993-03-21,Parti socialiste,LEFT_PS,train,1.1180387,False
EL136_L_1981_06_075_22_1_PF_01,1981-06-14,Rassemblement pour la République;Union pour la démocratie française,RIGHT_UNM,train,1.1180137,False
EL175_L_1988_06_038_08_2_PF_02,1988-06-12,Parti socialiste,LEFT_PS,test,1.1179079,False
EL135_L_1981_06_056_03_1_PF_03,1981-06-14,Parti communiste français,LEFT_PCF,test,1.117893,False
EL189_L_1993_03_006_03_1_PF_02,1993-03-21,Union pour la démocratie française;Rassemblement pour la République,RIGHT_UPF,test,1.1178888,False
EL174_L_1988_06_002_03_1_PF_03,1988-06-05,Union pour la démocratie française;Rassemblement pour la République,RIGHT_URC,train,1.1178432,False
EL135_L_1981_06_037_01_1_PF_08,1981-06-14,Lutte ouvrière,FAR_LEFT,train,1.1176779,False
EL135_L_1981_06_054_02_1_PF_06,1981-06-14,Radicaux de gauche,LEFT_PS,test,1.1176414,False
EL134_L_1981_06_009_02_2_PF_02,1981-06-21,Parti socialiste,LEFT_PS,train,1.1175251,False
EL189_L_1993_03_014_05_1_PF_03,1993-03-21,Union pour la démocratie française;Rassemblement pour la République,RIGHT_UPF,train,1.1173878,False
EL198_L_1993_03_092_07_1_PF_03,1993-03-21,Parti socialiste;Mouvement des radicaux de gauche,LEFT_PS,train,1.1173413,False
EL192_L_1993_03_044_08_1_PF_08,1993-03-21,Union pour la démocratie française;Rassemblement pour la République,RIGHT_UPF,train,1.1172357,False
EL193_L_1993_03_061_02_2_PF_02,1993-03-28,Rassemblement pour la République;Union pour la démocratie française,RIGHT_UPF,test,1.1171587,False
EL134_L_1981_06_016_03_1_PF_01,1981-06-14,Lutte ouvrière,FAR_LEFT,train,1.1171321,False
EL189_L_1993_03_011_02_1_PF_07,1993-03-21,Rassemblement pour la République;Union pour la démocratie française,RIGHT_UPF,train,1.1171201,False
EL137_L_1981_06_093_01_1_PF_04,1981-06-14,Parti communiste français,LEFT_PCF,train,1.1169707,False
EL189_L_1993_03_008_01_1_PF_05,1993-03-21,Ecologie les Verts;Génération écologie,ECO,train,1.1169618,False
EL193_L_1993_03_059_02_1_PF_06,1993-03-21,Union pour la démocratie française;Rassemblement pour la République,RIGHT_UPF,test,1.1169139,False
EL196_L_1993_03_077_04_1_PF_04,1993-03-21,Verts,ECO,test,1.1169074,False
EL176_L_1988_06_057_05_1_PF_04,1988-06-05,Union pour la démocratie française;Rassemblement pour la République,RIGHT_URC,train,1.1168041,False
EL196_L_1993_03_078_12_1_PF_07,1993-03-21,Génération écologie;Verts,ECO,train,1.1167665,False
EL137_L_1981_06_078_08_1_PF_08,1981-06-14,Rassemblement pour la République;Union pour la démocratie française,RIGHT_UNM,train,1.1167579,False
EL195_L_1993_03_072_02_1_PF_01,1993-03-21,Verts;Génération écologie,ECO,train,1.1167208,False
EL196_L_1993_03_080_06_2_PF_01,1993-03-28,Union pour la démocratie française;Rassemblement pour la République,RIGHT_UPF,train,1.1166869,False
EL134_L_1981_06_023_02_1_PF_02,1981-06-14,Parti socialiste,LEFT_PS,train,1.116649,False
EL197_L_1993_03_088_04_1_PF_05,1993-03-21,Mouvement des radicaux de gauche;Parti socialiste,LEFT_PS,test,1.1165808,False
EL134_L_1981_06_013_05_2_PF_01,1981-06-21,Parti socialiste,LEFT_PS,train,1.1165758,False
EL197_L_1993_03_082_02_1_PF_01,1993-03-21,Ecologie les Verts;Génération écologie,ECO,train,1.1163871,False
EL175_L_1988_06_054_02_2_PF_02,1988-06-12,Rassemblement pour la République;Union pour la démocratie française,RIGHT_URC,train,1.1163292,False
EL137_L_1981_06_093_08_2_PF_01,1981-06-21,Parti socialiste;Mouvement des radicaux de gauche;Parti socialiste unifié;Parti communiste français;gaullistes de gauche;écologistes,LEFT_PCF,train,1.1162853,False
EL176_L_1988_06_062_12_1_PF_03,1988-06-05,Parti communiste français,LEFT_PCF,train,1.1162269,False
EL191_L_1993_03_040_03_1_PF_03,1993-03-21,Génération écologie;Verts,ECO,train,1.1162244,False
EL198_L_1993_03_093_12_1_PF_09,1993-03-21,Rassemblement pour la République;Union pour la démocratie française,RIGHT_UPF,test,1.1160762,False
EL136_L_1981_06_067_03_2_PF_02,1981-06-21,Centre des démocrates sociaux;Rassemblement pour la République;Parti radical;Centre national des indépendants et paysans,RIGHT_RPR,train,1.1160704,False
EL134_L_1981_06_008_02_1_PF_02,1981-06-14,Parti socialiste,LEFT_PS,train,1.116043,False
EL197_L_1993_03_087_04_1_PF_01,1993-03-21,Parti communiste français,LEFT_PCF,train,1.1160281,False
EL136_L_1981_06_075_18_1_PF_04,1981-06-14,Parti socialiste unifié,LEFT_PS,train,1.115985,False
EL197_L_1993_03_083_04_2_PF_02,1993-03-28,Front national,FAR_RIGHT_FN,train,1.1159812,False
EL135_L_1981_06_056_01_1_PF_03,1981-06-14,Parti communiste français,LEFT_PCF,test,1.1158798,False
EL192_L_1993_03_044_07_1_PF_03,1993-03-21,Parti communiste français,LEFT_PCF,train,1.1158669,False
EL137_L_1981_06_088_01_1_PF_01,1981-06-14,Parti communiste français,LEFT_PCF,train,1.1158166,False
EL135_L_1981_06_059_08_1_PF_07,1981-06-14,Parti communiste français,LEFT_PCF,train,1.1157976,False
EL176_L_1988_06_067_09_2_PF_01,1988-06-12,Union pour la démocratie française;Rassemblement pour la République,RIGHT_URC,test,1.115635,False
EL177_L_1988_06_092_02_1_PF_01,1988-06-05,Centre national des indépendants et paysans;Rassemblement pour la République;Union pour la démocratie française,RIGHT_URC,train,1.1156156,False
EL177_L_1988_06_092_09_1_PF_03,1988-06-05,Front national,FAR_RIGHT_FN,test,1.1154572,False
EL135_L_1981_06_038_04_1_PF_03,1981-06-14,Parti socialiste,LEFT_PS,train,1.1154245,False
EL134_L_1981_06_013_11_2_PF_02,1981-06-21,Rassemblement pour la République;Union pour la démocratie française,RIGHT_UNM,test,1.1154168,False
EL134_L_1981_06_033_01_1_PF_03,1981-06-14,Parti socialiste,LEFT_PS,test,1.1153357,False
EL177_L_1988_06_095_06_2_PF_01,1988-06-12,Rassemblement pour la République;Union pour la démocratie française,RIGHT_URC,train,1.1152995,False
EL196_L_1993_03_080_01_1_PF_07,1993-03-21,Parti communiste français,LEFT_PCF,train,1.1152786,False
EL137_L_1981_06_078_07_1_PF_02,1981-06-14,Parti socialiste unifié,LEFT_PS,train,1.1152647,False
EL134_L_1981_06_030_02_2_PF_01,1981-06-21,Parti socialiste,LEFT_PS,train,1.1151923,False
EL137_L_1981_06_975_01_1_PF_03,1981-06-14,Rassemblement pour la République,RIGHT_RPR,train,1.1151807,False
EL134_L_1981_06_013_02_2_PF_02,1981-06-21,Parti socialiste,LEFT_PS,train,1.1151583,False
EL190_L_1993_03_021_03_1_PF_08,1993-03-21,Nouveaux écologistes du rassemblement nature et animaux,ECO,train,1.1150439,False
EL195_L_1993_03_072_01_1_PF_10,1993-03-21,Nouveaux écologistes du rassemblement nature et animaux,ECO,train,1.1150439,False
EL177_L_1988_06_094_03_1_PF_07,1988-06-05,Parti communiste français,LEFT_PCF,train,1.1150264,False
EL135_L_1981_06_041_01_2_PF_02,1981-06-21,Parti socialiste,LEFT_PS,train,1.1149555,False
EL135_L_1981_06_059_15_1_PF_05,1981-06-14,Union pour la démocratie française;Centre des démocrates sociaux;Parti républicain,RIGHT_UDF,test,1.1149478,False
EL194_L_1993_03_064_03_1_PF_05,1993-03-21,Front national,FAR_RIGHT_FN,train,1.1149468,False
EL195_L_1993_03_075_18_1_PF_02,1993-03-21,Rassemblement pour la République;Union pour la démocratie française,RIGHT_UPF,train,1.114935,False
EL135_L_1981_06_041_02_1_PF_01,1981-06-14,Parti socialiste;Mouvement des radicaux de gauche,LEFT_PS,train,1.1148133,False
EL189_L_1993_03_013_11_1_PF_03,1993-03-21,Mouvement des radicaux de gauche;Parti socialiste,LEFT_PS,train,1.1148106,False
EL176_L_1988_06_060_05_2_PF_02,1988-06-12,Rassemblement pour la République;Union pour la démocratie française;Centre national des indépendants et paysans,RIGHT_URC,train,1.1146743,False
EL196_L_1993_03_078_12_2_PF_01,1993-03-28,Rassemblement pour la République,RIGHT_RPR,train,1.1146556,False
EL198_L_1993_03_092_09_1_PF_01,1993-03-21,Parti communiste français,LEFT_PCF,train,1.1146543,False
EL136_L_1981_06_074_02_1_PF_05,1981-06-14,Rassemblement pour la République,RIGHT_RPR,train,1.1145087,False
EL175_L_1988_06_044_08_1_PF_02,1988-06-05,Parti communiste français,LEFT_PCF,train,1.1144742,False
EL177_L_1988_06_974_02_1_PF_03,1988-06-05,Parti socialiste;Club Tocqueville,LEFT_PS,train,1.1144598,False
EL175_L_1988_06_034_05_1_PF_01,1988-06-05,Parti communiste français,LEFT_PCF,test,1.114417,False
EL195_L_1993_03_075_14_1_PF_01,1993-03-21,Verts;Génération écologie,ECO,train,1.1143929,False
EL134_L_1981_06_029_05_2_PF_01,1981-06-21,Rassemblement pour la République,RIGHT_RPR,train,1.1143898,False
EL137_L_1981_06_080_05_1_PF_01,1981-06-14,Parti communiste français,LEFT_PCF,test,1.114365,False
EL193_L_1993_03_059_02_1_PF_03,1993-03-21,Ligue communiste révolutionnaire,FAR_LEFT,train,1.1142268,False
EL134_L_1981_06_023_01_1_PF_01,1981-06-14,Parti communiste français,LEFT_PCF,train,1.1141394,False
EL177_L_1988_06_092_11_1_PF_03,1988-06-05,Rassemblement pour la République;Union pour la démocratie française,RIGHT_URC,train,1.1140647,False
EL177_L_1988_06_095_07_1_PF_02,1988-06-05,Rassemblement pour la République;Union pour la démocratie française,RIGHT_URC,train,1.1140517,False
EL191_L_1993_03_034_01_1_PF_08,1993-03-21,Front national,FAR_RIGHT_FN,train,1.1140479,False
EL177_L_1988_06_083_02_1_PF_02,1988-06-05,Parti communiste français,LEFT_PCF,train,1.1140463,False
EL137_L_1981_06_093_01_1_PF_01,1981-06-14,Lutte ouvrière,FAR_LEFT,train,1.1140156,False
EL197_L_1993_03_082_02_1_PF_05,1993-03-21,Rassemblement pour la République;Union pour la démocratie française,RIGHT_UPF,train,1.1137941,False
EL194_L_1993_03_065_03_1_PF_01,1993-03-21,Génération écologie;Verts,ECO,train,1.1137809,False
EL174_L_1988_06_001_02_2_PF_02,1988-06-12,Union pour la démocratie française;Rassemblement pour la République,RIGHT_URC,train,1.1137494,False
EL134_L_1981_06_013_07_2_PF_01,1981-06-21,Parti socialiste,LEFT_PS,test,1.1136876,False
EL194_L_1993_03_066_03_2_PF_01,1993-03-28,socialiste,LEFT_PS,train,1.1136498,False
EL192_L_1993_03_045_05_2_PF_01,1993-03-28,Rassemblement pour la République;Union pour la démocratie française;Centre national des indépendants et paysans,RIGHT_UPF,train,1.1136279,False
EL198_L_1993_03_095_08_1_PF_02,1993-03-21,Front national,FAR_RIGHT_FN,train,1.113619,False
EL134_L_1981_06_021_01_2_PF_01,1981-06-21,Parti socialiste,LEFT_PS,train,1.1135728,False
EL175_L_1988_06_048_01_1_PF_03,1988-06-05,Rassemblement pour la République;Union pour la démocratie française,RIGHT_URC,train,1.1135138,False
EL190_L_1993_03_025_01_1_PF_02,1993-03-21,Parti communiste français,LEFT_PCF,train,1.1134762,False
EL192_L_1993_03_056_05_1_PF_08,1993-03-21,Ligue communiste révolutionnaire,FAR_LEFT,train,1.113224,False
EL193_L_1993_03_059_05_1_PF_03,1993-03-21,Front national,FAR_RIGHT_FN,test,1.1131794,False
EL175_L_1988_06_050_04_1_PF_04,1988-06-05,Front national,FAR_RIGHT_FN,test,1.1130615,False
EL135_L_1981_06_049_01_1_PF_01,1981-06-14,Lutte ouvrière,FAR_LEFT,train,1.113011,False
EL134_L_1981_06_035_03_1_PF_03,1981-06-14,Parti socialiste,LEFT_PS,test,1.1130066,False
EL189_L_1993_03_007_02_1_PF_03,1993-03-21,Verts,ECO,train,1.1129384,False
EL174_L_1988_06_02A_01_2_PF_01,1988-06-12,Rassemblement pour la République;Union pour la démocratie française;Centre national des indépendants et paysans;Comité central bonapartiste,RIGHT_URC,train,1.112884,False
EL191_L_1993_03_042_03_1_PF_04,1993-03-21,Génération écologie;Verts,ECO,train,1.1128644,False
EL137_L_1981_06_092_04_1_PF_01,1981-06-14,Union pour la démocratie française,RIGHT_UDF,train,1.1127545,False
EL194_L_1993_03_067_02_1_PF_04,1993-03-21,Front national,FAR_RIGHT_FN,test,1.1127458,False
EL190_L_1993_03_016_03_1_PF_03,1993-03-21,Forum progressiste;Solidarité écologie gauche alternative,ECO,train,1.1126901,False
EL175_L_1988_06_035_02_1_PF_01,1988-06-05,Parti communiste français,LEFT_PCF,train,1.1126753,False
EL134_L_1981_06_033_10_1_PF_04,1981-06-14,Centre national des indépendants et paysans;Parti républicain;Centre des démocrates sociaux;Parti radical-socialiste;Clubs Perspectives et réalités;Mouvement démocrate socialiste de France;Union pour la démocratie française;Parti démocrate chrétien;Cercle écologique des Hauts-de-Gironde,LEFT_PS,train,1.1126736,False
EL194_L_1993_03_067_05_2_PF_01,1993-03-28,Union pour la démocratie française;Rassemblement pour la République,RIGHT_UPF,test,1.1126149,False
EL189_L_1993_03_014_05_1_PF_05,1993-03-21,Parti communiste français,LEFT_PCF,train,1.1125194,False
EL197_L_1993_03_085_01_1_PF_02,1993-03-21,Parti socialiste,LEFT_PS,train,1.1125158,False
EL136_L_1981_06_075_25_1_PF_06,1981-06-14,Front national,FAR_RIGHT_FN,test,1.112493,False
EL175_L_1988_06_040_02_1_PF_01,1988-06-05,Parti communiste français,LEFT_PCF,test,1.1124827,False
EL198_L_1993_03_094_05_1_PF_01,1993-03-21,Parti communiste français,LEFT_PCF,test,1.1124269,False
EL135_L_1981_06_062_05_2_PF_02,1981-06-21,Rassemblement pour la République;Union pour la démocratie française,RIGHT_UNM,test,1.1123638,False
EL192_L_1993_03_045_01_1_PF_03,1993-03-21,Parti communiste français,LEFT_PCF,train,1.112328,False
EL134_L_1981_06_007_01_1_PF_02,1981-06-14,Parti socialiste,LEFT_PS,train,1.1122829,False
EL193_L_1993_03_059_14_2_PF_02,1993-03-28,Rassemblement pour la République;Union pour la démocratie française;Centre des démocrates sociaux;Parti républicain;Union des démocrates de progrès;Centre national des indépendants,RIGHT_UPF,train,1.1122708,False
EL136_L_1981_06_075_04_1_PF_05,1981-06-14,Rassemblement pour la République;Union pour la démocratie française;Centre national des indépendants;Union pour Paris;Union des associations et comités pour l'environnement de Paris,RIGHT_UNM,train,1.1121374,False
EL176_L_1988_06_068_01_2_PF_01,1988-06-12,Union pour la démocratie française;Rassemblement pour la République,RIGHT_URC,train,1.1121252,False
EL175_L_1988_06_045_01_1_PF_03,1988-06-05,Parti communiste français,LEFT_PCF,test,1.1121231,False
EL189_L_1993_03_010_01_1_PF_03,1993-03-21,Union pour la démocratie française;Rassemblement pour la République,RIGHT_UPF,train,1.1120303,False
EL136_L_1981_06_069_11_1_PF_06,1981-06-14,Rassemblement pour la République,RIGHT_RPR,train,1.1119479,False
EL196_L_1993_03_077_06_1_PF_03,1993-03-21,Parti communiste français,LEFT_PCF,train,1.111908,False
EL134_L_1981_06_035_04_1_PF_04,1981-06-14,Parti communiste français,LEFT_PCF,train,1.1119074,False
EL195_L_1993_03_074_05_1_PF_04,1993-03-21,Verts;Génération écologie,ECO,test,1.1118846,False
EL134_L_1981_06_026_03_1_PF_01,1981-06-14,Parti communiste français,LEFT_PCF,train,1.1118749,False
EL195_L_1993_03_074_01_1_PF_07,1993-03-21,Parti socialiste,LEFT_PS,train,1.1118702,False
EL137_L_1981_06_094_07_1_PF_01,1981-06-14,Rassemblement pour la République;Union pour la démocratie française;Centre national des indépendants,RIGHT_UNM,train,1.1118352,False
EL192_L_1993_03_054_03_1_PF_02,1993-03-21,Parti socialiste,LEFT_PS,train,1.1116682,False
EL135_L_1981_06_056_01_1_PF_04,1981-06-14,Parti socialiste,LEFT_PS,test,1.1116593,False
EL174_L_1988_06_026_02_1_PF_01,1988-06-05,Parti communiste français,LEFT_PCF,train,1.1116399,False
EL192_L_1993_03_054_03_1_PF_05,1993-03-21,Parti communiste français,LEFT_PCF,train,1.1116333,False
EL176_L_1988_06_071_04_1_PF_02,1988-06-05,Parti socialiste,LEFT_PS,train,1.1115893,False
EL189_L_1993_03_014_01_1_PF_04,1993-03-21,Parti socialiste,LEFT_PS,train,1.111553,False
EL197_L_1993_03_091_08_1_PF_03,1993-03-21,Parti communiste français,LEFT_PCF,test,1.1115508,False
EL134_L_1981_06_033_04_1_PF_03,1981-06-14,Rassemblement pour la République;Union pour la démocratie française;Parti républicain;Centre des démocrates sociaux;Clubs Perspectives et réalités;Parti radical-socialiste,LEFT_PS,train,1.1114393,False
EL136_L_1981_06_075_17_1_PF_01,1981-06-14,Parti socialiste unifié,LEFT_PS,train,1.1114241,False
EL191_L_1993_03_035_01_1_PF_05,1993-03-21,Génération écologie;Verts,ECO,train,1.1114194,False
EL175_L_1988_06_038_08_1_PF_01,1988-06-05,Front national,FAR_RIGHT_FN,train,1.1113988,False
EL189_L_1993_03_011_03_1_PF_01,1993-03-21,Ecologie les Verts;Génération écologie,ECO,train,1.1113986,False
EL135_L_1981_06_043_01_1_PF_03,1981-06-14,Parti communiste français,LEFT_PCF,train,1.1112589,False
EL189_L_1993_03_005_02_1_PF_05,1993-03-21,Rassemblement pour la République;Union pour la démocratie française,RIGHT_UPF,test,1.1112517,False
EL195_L_1993_03_075_14_1_PF_04,1993-03-21,Front national,FAR_RIGHT_FN,train,1.1112368,False
EL135_L_1981_06_043_02_1_PF_03,1981-06-14,Parti socialiste,LEFT_PS,train,1.1111012,False
EL176_L_1988_06_069_01_1_PF_05,1988-06-05,Rassemblement pour la République;Union pour la démocratie française,RIGHT_URC,train,1.1110871,False
EL136_L_1981_06_075_20_1_PF_05,1981-06-14,Union pour la démocratie française,RIGHT_UDF,train,1.1110787,False
EL136_L_1981_06_072_04_1_PF_05,1981-06-14,Parti socialiste unifié,LEFT_PS,train,1.1110076,False
EL190_L_1993_03_027_04_1_PF_07,1993-03-21,Rassemblement pour la République;Union pour la démocratie française,RIGHT_UPF,test,1.1109504,False
EL174_L_1988_06_014_05_2_PF_01,1988-06-12,Centre national des indépendants et paysans;Union pour la démocratie française;Rassemblement pour la République,RIGHT_URC,train,1.1108882,False
EL134_L_1981_06_026_01_1_PF_02,1981-06-14,Union pour la démocratie française;Centre des démocrates sociaux;Parti radical-socialiste;Parti républicain,LEFT_PS,train,1.1107693,False
EL195_L_1993_03_075_15_1_PF_01,1993-03-21,Verts;Génération écologie,ECO,train,1.110769,False
EL134_L_1981_06_014_04_1_PF_02,1981-06-14,Parti socialiste,LEFT_PS,train,1.110764,False
EL191_L_1993_03_031_02_1_PF_05,1993-03-21,Parti communiste français,LEFT_PCF,train,1.110698,False
EL189_L_1993_03_013_15_2_PF_02,1993-03-28,Rassemblement pour la République;Union pour la démocratie française,RIGHT_UPF,test,1.1106436,False
EL177_L_1988_06_084_02_1_PF_02,1988-06-05,Rassemblement pour la République;Union pour la démocratie française,RIGHT_URC,train,1.1106309,False
EL190_L_1993_03_025_03_1_PF_06,1993-03-21,Front national,FAR_RIGHT_FN,train,1.1105682,False
EL137_L_1981_06_078_04_1_PF_01,1981-06-14,Parti socialiste unifié,LEFT_PS,train,1.1105036,False
EL134_L_1981_06_034_04_1_PF_03,1981-06-14,Parti socialiste,LEFT_PS,test,1.1104838,False
EL189_L_1993_03_005_02_1_PF_01,1993-03-21,Génération écologie,ECO,train,1.1104306,False
EL174_L_1988_06_021_04_1_PF_04,1988-06-05,Front national,FAR_RIGHT_FN,train,1.1101844,False
EL192_L_1993_03_053_03_2_PF_01,1993-03-28,Rassemblement pour la République;Union pour la démocratie française,RIGHT_UPF,train,1.1100138,False
EL134_L_1981_06_013_07_2_PF_02,1981-06-21,Centre des démocrates sociaux;Union pour la démocratie française;Rassemblement pour la République,RIGHT_UNM,train,1.1099948,False
EL174_L_1988_06_028_03_1_PF_04,1988-06-05,Rassemblement pour la République;Union pour la démocratie française,RIGHT_URC,train,1.1099336,False
EL192_L_1993_03_054_02_2_PF_01,1993-03-28,Union pour la démocratie française;Rassemblement pour la République,RIGHT_UPF,train,1.1098835,False
EL189_L_1993_03_002_04_1_PF_04,1993-03-21,Verts;Génération écologie,ECO,train,1.1098834,False
EL175_L_1988_06_051_04_1_PF_01,1988-06-05,Parti communiste français,LEFT_PCF,train,1.1098821,False
EL134_L_1981_06_022_04_1_PF_04,1981-06-14,Rassemblement pour la République,RIGHT_RPR,train,1.1098758,False
EL192_L_1993_03_057_01_1_PF_03,1993-03-21,Front national,FAR_RIGHT_FN,train,1.1097777,False
EL137_L_1981_06_077_04_1_PF_04,1981-06-14,Lutte ouvrière,FAR_LEFT,train,1.109722,False
EL197_L_1993_03_088_03_1_PF_06,1993-03-21,Parti socialiste;centre;divers gauche,LEFT_PS,train,1.1096673,False
EL175_L_1988_06_035_06_1_PF_01,1988-06-05,Parti communiste français,LEFT_PCF,train,1.1095518,False
EL175_L_1988_06_036_01_1_PF_04,1988-06-05,Parti communiste français,LEFT_PCF,train,1.1095301,False
EL175_L_1988_06_032_01_1_PF_01,1988-06-05,Parti communiste français,LEFT_PCF,train,1.109503,False
EL198_L_1993_03_094_12_1_PF_02,1993-03-21,Solidarité écologie gauche alternative,ECO,train,1.1094081,False
EL174_L_1988_06_027_05_2_PF_01,1988-06-12,Rassemblement pour la République;Union pour la démocratie française;Centre national des indépendants et paysans,RIGHT_URC,train,1.1093594,False
EL190_L_1993_03_022_01_2_PF_01,1993-03-28,Union pour la démocratie française;Rassemblement pour la République,RIGHT_UPF,train,1.109304,False
EL135_L_1981_06_062_13_1_PF_02,1981-06-14,Parti communiste français,LEFT_PCF,test,1.1091902,False
EL134_L_1981_06_021_03_2_PF_01,1981-06-21,Parti socialiste,LEFT_PS,train,1.1091167,False
EL137_L_1981_06_077_01_1_PF_04,1981-06-14,Rassemblement pour la République,RIGHT_RPR,train,1.1091079,False
EL195_L_1993_03_075_06_1_PF_04,1993-03-21,Rassemblement pour la République;Union pour la démocratie française,RIGHT_UPF,train,1.1088927,False
EL134_L_1981_06_013_10_1_PF_01,1981-06-14,Parti communiste français,LEFT_PCF,test,1.1088372,False
EL194_L_1993_03_067_01_1_PF_01,1993-03-21,Parti socialiste,LEFT_PS,train,1.1088051,False
EL135_L_1981_06_057_06_1_PF_01,1981-06-14,Parti socialiste,LEFT_PS,train,1.1087747,False
EL196_L_1993_03_077_05_1_PF_05,1993-03-21,Rassemblement pour la République;Union pour la démocratie française,RIGHT_UPF,train,1.1085362,False
EL190_L_1993_03_022_02_1_PF_02,1993-03-21,Parti communiste français,LEFT_PCF,train,1.1084616,False
EL194_L_1993_03_065_02_1_PF_06,1993-03-21,Front national,FAR_RIGHT_FN,train,1.1084422,False
EL190_L_1993_03_02A_02_1_PF_06,1993-03-21,Rassemblement pour la République,RIGHT_RPR,train,1.1084278,False
EL177_L_1988_06_095_09_2_PF_02,1988-06-12,socialiste,LEFT_PS,train,1.1083255,False
EL195_L_1993_03_075_10_1_PF_04,1993-03-21,Front national,FAR_RIGHT_FN,train,1.1082903,False
EL136_L_1981_06_075_21_1_PF_01,1981-06-14,Union pour la démocratie française,RIGHT_UDF,test,1.1082854,False
EL135_L_1981_06_059_15_2_PF_02,1981-06-21,Rassemblement pour la République,RIGHT_RPR,train,1.1082566,False
EL136_L_1981_06_067_08_1_PF_02,1981-06-14,Parti communiste français,LEFT_PCF,train,1.1080954,False
EL192_L_1993_03_058_01_2_PF_01,1993-03-28,Parti socialiste,LEFT_PS,train,1.1077915,False
EL197_L_1993_03_091_05_1_PF_01,1993-03-21,Alliance pour l'écologie et la démocratie,ECO,train,1.1077384,False
EL196_L_1993_03_076_10_1_PF_05,1993-03-21,Parti communiste français,LEFT_PCF,train,1.1077034,False
EL136_L_1981_06_067_05_1_PF_01,1981-06-14,Parti communiste français,LEFT_PCF,train,1.1076953,False
EL137_L_1981_06_081_01_1_PF_04,1981-06-14,Rassemblement pour la République;Union pour la démocratie française,RIGHT_UNM,train,1.1076729,False
EL192_L_1993_03_045_01_2_PF_02,1993-03-28,Rassemblement pour la République;Union pour la démocratie française;Centre national des indépendants et paysans,RIGHT_UPF,train,1.1076417,False
EL175_L_1988_06_031_02_1_PF_04,1988-06-05,Front national,FAR_RIGHT_FN,train,1.1075777,False
EL192_L_1993_03_055_01_1_PF_03,1993-03-21,Verts;Génération écologie,ECO,train,1.1074872,False
EL135_L_1981_06_052_02_1_PF_03,1981-06-14,Union pour la démocratie française,RIGHT_UDF,train,1.1073736,False
EL189_L_1993_03_012_02_1_PF_05,1993-03-21,Union pour la démocratie française;Rassemblement pour la République,RIGHT_UPF,train,1.107336,False
EL137_L_1981_06_094_06_2_PF_02,1981-06-21,Parti socialiste,LEFT_PS,train,1.1071957,False
EL174_L_1988_06_011_03_1_PF_03,1988-06-05,Parti communiste français,LEFT_PCF,train,1.1071906,False
EL134_L_1981_06_006_06_1_PF_01,1981-06-14,Parti socialiste unifié,LEFT_PS,test,1.1070486,False
EL189_L_1993_03_015_01_1_PF_08,1993-03-21,Front national,FAR_RIGHT_FN,train,1.1069838,False
EL135_L_1981_06_057_04_1_PF_04,1981-06-14,Parti socialiste,LEFT_PS,train,1.1069639,False
EL175_L_1988_06_035_01_1_PF_01,1988-06-05,Parti communiste français,LEFT_PCF,test,1.106961,False
EL177_L_1988_06_094_10_1_PF_08,1988-06-05,Union pour la démocratie française;Rassemblement pour la République;Centre national des indépendants et paysans;Centre des démocrates sociaux;Parti républicain;Parti social-démocrate;Parti radical,RIGHT_URC,train,1.1068169,False
EL134_L_1981_06_025_02_1_PF_03,1981-06-14,Parti socialiste unifié,LEFT_PS,train,1.1068097,False
EL177_L_1988_06_083_03_1_PF_06,1988-06-05,Parti communiste français,LEFT_PCF,train,1.1067318,False
EL134_L_1981_06_002_01_1_PF_01,1981-06-14,Parti communiste français,LEFT_PCF,train,1.1067245,False
EL194_L_1993_03_064_05_1_PF_08,1993-03-21,Front national,FAR_RIGHT_FN,test,1.1067067,False
EL135_L_1981_06_059_22_1_PF_01,1981-06-14,Parti socialiste,LEFT_PS,train,1.1066986,False
EL135_L_1981_06_045_01_1_PF_07,1981-06-14,Mouvement de la gauche socialiste et démocratique,LEFT_PS,train,1.1066297,False
EL193_L_1993_03_059_14_1_PF_08,1993-03-21,socialistes,LEFT_PS,train,1.1065794,False
EL193_L_1993_03_059_11_1_PF_03,1993-03-21,Rassemblement pour la République,RIGHT_RPR,train,1.1064644,False
EL134_L_1981_06_013_09_1_PF_08,1981-06-14,Rassemblement pour la République,RIGHT_RPR,train,1.1064308,False
EL134_L_1981_06_033_09_2_PF_01,1981-06-21,Parti socialiste,LEFT_PS,test,1.1063503,False
EL197_L_1993_03_086_03_1_PF_04,1993-03-21,Front national,FAR_RIGHT_FN,train,1.1062666,False
EL135_L_1981_06_061_02_1_PF_04,1981-06-14,Parti communiste français,LEFT_PCF,train,1.1062406,False
EL135_L_1981_06_059_23_1_PF_06,1981-06-14,Union pour la démocratie française,RIGHT_UDF,train,1.1062393,False
EL174_L_1988_06_013_05_1_PF_04,1988-06-05,Rassemblement pour la République;Union pour la démocratie française,RIGHT_URC,train,1.1061901,False
EL136_L_1981_06_075_14_2_PF_02,1981-06-21,Rassemblement pour la République;Union pour la démocratie française,RIGHT_UNM,test,1.1061461,False
EL191_L_1993_03_040_01_2_PF_01,1993-03-28,Union pour la démocratie française;Rassemblement pour la République,RIGHT_UPF,test,1.1060814,False
EL195_L_1993_03_075_06_1_PF_10,1993-03-21,Alliance pour l'écologie et la démocratie,ECO,train,1.1060411,False
EL191_L_1993_03_033_08_1_PF_04,1993-03-21,Parti communiste français,LEFT_PCF,train,1.1059867,False
EL177_L_1988_06_091_09_1_PF_03,1988-06-05,Rassemblement pour la République,RIGHT_RPR,train,1.1059161,False
EL195_L_1993_03_075_11_2_PF_01,1993-03-28,Parti socialiste;Mouvement des radicaux de gauche,LEFT_PS,train,1.1058041,False
EL193_L_1993_03_061_02_1_PF_01,1993-03-21,Union pour la démocratie française,RIGHT_UDF,test,1.1056582,False
EL193_L_1993_03_059_11_1_PF_02,1993-03-21,Rassemblement pour la République;Union pour la démocratie française,RIGHT_UPF,train,1.1056114,False
EL175_L_1988_06_050_03_2_PF_01,1988-06-12,Rassemblement pour la République;Union pour la démocratie française,RIGHT_URC,test,1.1055996,False
EL175_L_1988_06_051_04_1_PF_05,1988-06-05,Front national,FAR_RIGHT_FN,train,1.1055466,False
EL137_L_1981_06_094_07_1_PF_04,1981-06-14,Parti socialiste,LEFT_PS,train,1.105435,False
EL194_L_1993_03_067_02_1_PF_06,1993-03-21,Parti communiste français,LEFT_PCF,train,1.1054224,False
EL175_L_1988_06_035_06_1_PF_03,1988-06-05,Rassemblement pour la République;Union pour la démocratie française,RIGHT_URC,train,1.1054007,False
EL176_L_1988_06_066_04_1_PF_01,1988-06-05,Parti communiste français,LEFT_PCF,train,1.1053531,False
EL136_L_1981_06_069_02_2_PF_01,1981-06-21,Parti socialiste,LEFT_PS,train,1.1052846,False
EL137_L_1981_06_076_08_1_PF_01,1981-06-14,Parti communiste français,LEFT_PCF,train,1.105278,False
EL177_L_1988_06_092_07_1_PF_01,1988-06-05,Parti communiste français,LEFT_PCF,train,1.1052024,False
EL135_L_1981_06_038_04_2_PF_01,1981-06-21,Socialistes,LEFT_PS,train,1.1051173,False
EL175_L_1988_06_032_01_1_PF_03,1988-06-05,Rassemblement pour la République;Centre national des indépendants et paysans,RIGHT_RPR,train,1.1051104,False
EL177_L_1988_06_092_12_1_PF_03,1988-06-05,Parti communiste français,LEFT_PCF,train,1.105012,False
EL194_L_1993_03_068_04_1_PF_03,1993-03-21,Génération écologie;Verts;Solidarités écologie,ECO,train,1.1049728,False
EL196_L_1993_03_078_11_1_PF_13,1993-03-21,Ligue communiste révolutionnaire,FAR_LEFT,train,1.1049216,False
EL137_L_1981_06_093_04_1_PF_04,1981-06-14,Parti socialiste,LEFT_PS,train,1.1048093,False
EL134_L_1981_06_006_02_1_PF_03,1981-06-14,Parti socialiste,LEFT_PS,train,1.1048088,False
EL136_L_1981_06_075_29_1_PF_04,1981-06-14,Union pour la démocratie française,RIGHT_UDF,test,1.1047541,False
EL136_L_1981_06_069_03_1_PF_05,1981-06-14,Parti socialiste,LEFT_PS,train,1.1047312,False
EL195_L_1993_03_075_13_1_PF_03,1993-03-21,Parti socialiste;Mouvement des radicaux de gauche,LEFT_PS,train,1.1045244,False
EL189_L_1993_03_009_02_1_PF_03,1993-03-21,Ecologie les Verts;Génération écologie,ECO,test,1.1044984,False
EL135_L_1981_06_060_04_1_PF_01,1981-06-14,Lutte ouvrière,FAR_LEFT,train,1.1044401,False
EL135_L_1981_06_044_06_1_PF_05,1981-06-14,Parti socialiste,LEFT_PS,train,1.1043675,False
EL175_L_1988_06_033_03_1_PF_03,1988-06-05,Parti communiste français,LEFT_PCF,train,1.1043646,False
EL195_L_1993_03_071_01_1_PF_04,1993-03-21,Rassemblement pour la République,RIGHT_RPR,test,1.1043,False
EL192_L_1993_03_051_06_1_PF_07,1993-03-21,Rassemblement pour la République;Union pour la démocratie française,RIGHT_UPF,train,1.1042793,False
EL193_L_1993_03_063_04_1_PF_07,1993-03-21,Verts;Génération écologie,ECO,train,1.1042029,False
EL194_L_1993_03_069_09_1_PF_08,1993-03-21,Front national,FAR_RIGHT_FN,train,1.1041483,False
EL191_L_1993_03_034_01_1_PF_06,1993-03-21,Parti républicain;Rassemblement pour la République,RIGHT_RPR,train,1.1041296,False
EL174_L_1988_06_027_02_1_PF_04,1988-06-05,Parti communiste français,LEFT_PCF,train,1.1040652,False
EL134_L_1981_06_026_01_1_PF_04,1981-06-14,Rassemblement pour la République,RIGHT_RPR,train,1.1040604,False
EL135_L_1981_06_044_02_1_PF_05,1981-06-14,Rassemblement pour la République,RIGHT_RPR,test,1.1039963,False
EL137_L_1981_06_077_02_1_PF_04,1981-06-14,Lutte ouvrière,FAR_LEFT,train,1.1039035,False
EL136_L_1981_06_075_27_1_PF_03,1981-06-14,Rassemblement pour la République;Union pour la démocratie française,RIGHT_UNM,train,1.1038727,False
EL192_L_1993_03_057_09_2_PF_02,1993-03-28,Front national,FAR_RIGHT_FN,test,1.1038405,False
EL191_L_1993_03_035_07_1_PF_04,1993-03-21,Génération écologie;Ecologie les Verts,ECO,test,1.103831,False
EL175_L_1988_06_046_02_1_PF_01,1988-06-05,Parti communiste français,LEFT_PCF,test,1.1038305,False
EL192_L_1993_03_058_01_1_PF_06,1993-03-21,Rassemblement pour la République;Union pour la démocratie française,RIGHT_UPF,train,1.1036359,False
EL136_L_1981_06_075_07_1_PF_03,1981-06-14,Rassemblement pour la République;Union pour la démocratie française;Centre national des indépendants,RIGHT_UNM,test,1.1035745,False
EL194_L_1993_03_069_12_1_PF_01,1993-03-21,Union pour la démocratie française;Rassemblement pour la République,RIGHT_UPF,train,1.1034849,False
EL192_L_1993_03_057_09_1_PF_05,1993-03-21,Verts;Génération écologie,ECO,train,1.103397,False
EL192_L_1993_03_044_02_1_PF_01,1993-03-21,Front national,FAR_RIGHT_FN,train,1.103365,False
EL197_L_1993_03_091_10_1_PF_04,1993-03-21,Parti socialiste;Mouvement des radicaux de gauche,LEFT_PS,train,1.1031994,False
EL137_L_1981_06_077_05_1_PF_01,1981-06-14,Parti radical;Centre national des indépendants;Rassemblement pour la République;Union pour la démocratie française,RIGHT_UNM,test,1.1030322,False
EL174_L_1988_06_004_02_2_PF_01,1988-06-12,socialiste,LEFT_PS,train,1.1029903,False
EL192_L_1993_03_058_01_1_PF_01,1993-03-21,Parti socialiste,LEFT_PS,train,1.1028821,False
EL194_L_1993_03_069_02_1_PF_05,1993-03-21,Parti socialiste,LEFT_PS,test,1.1028754,False
EL135_L_1981_06_037_01_1_PF_06,1981-06-14,Parti socialiste unifié;Amis de la Terre,LEFT_PS,train,1.102861,False
EL191_L_1993_03_034_04_1_PF_08,1993-03-21,Union pour la démocratie française;Rassemblement pour la République,RIGHT_UPF,train,1.1028475,False
EL134_L_1981_06_002_01_1_PF_04,1981-06-14,Rassemblement pour la République,RIGHT_RPR,train,1.1028421,False
EL198_L_1993_03_095_03_1_PF_05,1993-03-21,Rassemblement pour la République,RIGHT_RPR,train,1.1028036,False
EL174_L_1988_06_012_02_1_PF_04,1988-06-05,Parti communiste français,LEFT_PCF,train,1.1027819,False
EL176_L_1988_06_065_03_1_PF_02,1988-06-05,Parti socialiste,LEFT_PS,train,1.1026088,False
EL191_L_1993_03_033_07_1_PF_08,1993-03-21,Union pour la démocratie française;Rassemblement pour la République,RIGHT_UPF,train,1.1024975,False
EL134_L_1981_06_027_02_1_PF_04,1981-06-14,Rassemblement pour la République;Centre national des indépendants et paysans,RIGHT_RPR,train,1.102417,False
EL134_L_1981_06_017_03_1_PF_01,1981-06-14,Parti communiste français,LEFT_PCF,train,1.1022614,False
EL198_L_1993_03_095_06_1_PF_08,1993-03-21,Verts;Génération écologie,ECO,train,1.1022435,False
EL136_L_1981_06_069_01_2_PF_02,1981-06-21,Centre national des indépendants;Rassemblement pour la République;Union pour la démocratie française,RIGHT_UNM,test,1.1021286,False
EL177_L_1988_06_078_08_2_PF_01,1988-06-12,Parti socialiste,LEFT_PS,train,1.1021031,False
EL135_L_1981_06_044_05_1_PF_01,1981-06-14,Parti socialiste unifié,LEFT_PS,train,1.1020538,False
EL135_L_1981_06_038_03_2_PF_01,1981-06-21,Parti socialiste;Mouvement des radicaux de gauche;Parti communiste français;Parti socialiste unifié,LEFT_PCF,train,1.1020473,False
EL198_L_1993_03_094_05_1_PF_07,1993-03-21,Ligue communiste révolutionnaire,FAR_LEFT,test,1.1020279,False
EL192_L_1993_03_054_01_2_PF_01,1993-03-28,Union pour la démocratie française;Rassemblement pour la République,RIGHT_UPF,test,1.1020235,False
EL135_L_1981_06_043_02_1_PF_01,1981-06-14,Union pour la démocratie française;Rassemblement pour la République,RIGHT_UNM,test,1.1019909,False
EL198_L_1993_03_094_05_1_PF_05,1993-03-21,Verts;Génération écologie,ECO,train,1.1019733,False
EL135_L_1981_06_051_02_2_PF_01,1981-06-21,Socialiste,LEFT_PS,train,1.1019061,False
EL177_L_1988_06_094_07_1_PF_03,1988-06-05,Parti communiste français,LEFT_PCF,train,1.1018641,False
EL194_L_1993_03_069_07_1_PF_07,1993-03-21,Parti socialiste,LEFT_PS,train,1.1018409,False
EL176_L_1988_06_071_04_2_PF_01,1988-06-12,Parti socialiste,LEFT_PS,train,1.1017185,False
EL189_L_1993_03_010_01_2_PF_01,1993-03-28,Front national,FAR_RIGHT_FN,train,1.1017158,False
EL137_L_1981_06_076_04_2_PF_02,1981-06-21,Rassemblement pour la République;Union pour la démocratie française,RIGHT_UNM,train,1.1016546,False
EL194_L_1993_03_065_01_1_PF_07,1993-03-21,Nouveaux écologistes du rassemblement nature et animaux,ECO,train,1.1016457,False
EL135_L_1981_06_062_02_1_PF_02,1981-06-14,Mouvement des radicaux de gauche,LEFT_PS,test,1.1015245,False
EL190_L_1993_03_018_03_2_PF_01,1993-03-28,Rassemblement pour la République;Union pour la démocratie française,RIGHT_UPF,test,1.1015198,False
EL176_L_1988_06_064_01_1_PF_04,1988-06-05,Rassemblement pour la République;Union pour la démocratie française,RIGHT_URC,train,1.1015072,False
EL176_L_1988_06_069_12_1_PF_02,1988-06-05,Front national,FAR_RIGHT_FN,train,1.101362,False
EL177_L_1988_06_092_09_1_PF_02,1988-06-05,Parti communiste français,LEFT_PCF,train,1.1013029,False
EL193_L_1993_03_060_04_1_PF_03,1993-03-21,Verts;Génération écologie,ECO,train,1.101255,False
EL193_L_1993_03_059_14_1_PF_04,1993-03-21,aucun parti politique;Rassemblement pour la République;Union des démocrates de progrès;Centre national des indépendants;Amicale gaulliste des Flandres;Femme avenir;Groupe opposition nouvelle génération,RIGHT_RPR,train,1.1012465,False
EL137_L_1981_06_092_09_1_PF_01,1981-06-14,Centre national des indépendants;Rassemblement pour la République;Union pour la démocratie française;Centre des démocrates sociaux;Parti républicain;Parti radical;Mouvement des démocrates socialistes,LEFT_PS,train,1.1011988,False
EL194_L_1993_03_069_02_2_PF_02,1993-03-28,Rassemblement pour la République;Union pour la démocratie française,RIGHT_UPF,train,1.1011053,False
EL192_L_1993_03_044_10_1_PF_04,1993-03-21,Parti communiste français,LEFT_PCF,train,1.1010635,False
EL193_L_1993_03_063_04_2_PF_01,1993-03-28,Rassemblement pour la République,RIGHT_RPR,train,1.1010591,False
EL135_L_1981_06_044_08_1_PF_01,1981-06-14,Mouvement des radicaux de gauche,LEFT_PS,train,1.1010395,False
EL174_L_1988_06_003_02_1_PF_01,1988-06-05,Parti communiste français,LEFT_PCF,train,1.1010226,False
EL177_L_1988_06_075_09_2_PF_01,1988-06-12,Mouvement des radicaux de gauche;Parti socialiste;Républicains de progrès,LEFT_PS,test,1.101008,False
EL134_L_1981_06_003_02_1_PF_01,1981-06-14,Lutte ouvrière,FAR_LEFT,test,1.1010079,False
EL135_L_1981_06_064_02_1_PF_01,1981-06-14,Parti communiste français,LEFT_PCF,test,1.1009525,False
EL190_L_1993_03_023_01_1_PF_07,1993-03-21,Rassemblement pour la République,RIGHT_RPR,train,1.1009125,False
EL194_L_1993_03_069_13_1_PF_06,1993-03-21,Union pour la démocratie française;Rassemblement pour la République,RIGHT_UPF,train,1.1008946,False
EL197_L_1993_03_083_06_1_PF_04,1993-03-21,Verts,ECO,train,1.1008604,False
EL175_L_1988_06_038_05_2_PF_02,1988-06-12,Parti socialiste,LEFT_PS,test,1.1008549,False
EL191_L_1993_03_031_05_1_PF_05,1993-03-21,Front national,FAR_RIGHT_FN,train,1.100782,False
EL134_L_1981_06_026_03_1_PF_03,1981-06-14,Union pour la démocratie française;Rassemblement pour la République,RIGHT_UNM,train,1.1007717,False
EL196_L_1993_03_076_07_1_PF_04,1993-03-21,Parti socialiste;Mouvement des radicaux de gauche,LEFT_PS,train,1.1007645,False
EL191_L_1993_03_035_01_1_PF_03,1993-03-21,Parti communiste français,LEFT_PCF,train,1.1007413,False
EL197_L_1993_03_086_03_1_PF_06,1993-03-21,Parti communiste français,LEFT_PCF,train,1.1007388,False
EL190_L_1993_03_030_04_1_PF_09,1993-03-21,Rassemblement pour la République;Union pour la démocratie française,RIGHT_UPF,train,1.100732,False
EL189_L_1993_03_008_02_1_PF_06,1993-03-21,Parti communiste français,LEFT_PCF,train,1.1006901,False
EL194_L_1993_03_064_01_1_PF_09,1993-03-21,Nouveaux écologistes du rassemblement nature et animaux,ECO,test,1.1005914,False
EL189_L_1993_03_013_13_2_PF_01,1993-03-28,Parti communiste français,LEFT_PCF,train,1.1005838,False
EL174_L_1988_06_021_02_1_PF_03,1988-06-05,Parti communiste français,LEFT_PCF,test,1.1005772,False
EL189_L_1993_03_007_01_2_PF_02,1993-03-28,Rassemblement pour la République;Union pour la démocratie française,RIGHT_UPF,train,1.1005703,False
EL192_L_1993_03_045_03_1_PF_02,1993-03-21,Parti communiste français,LEFT_PCF,train,1.1005005,False
EL191_L_1993_03_038_04_1_PF_07,1993-03-21,Verts,ECO,test,1.1004854,False
EL198_L_1993_03_095_05_1_PF_08,1993-03-21,Front national,FAR_RIGHT_FN,train,1.100477,False
EL134_L_1981_06_022_04_2_PF_01,1981-06-21,Parti socialiste,LEFT_PS,train,1.1003997,False
EL191_L_1993_03_035_03_1_PF_06,1993-03-21,Génération écologie;Verts,ECO,train,1.1003977,False
EL177_L_1988_06_078_05_2_PF_02,1988-06-12,Parti socialiste,LEFT_PS,train,1.1003797,False
EL174_L_1988_06_022_01_1_PF_02,1988-06-05,Front national,FAR_RIGHT_FN,train,1.1003531,False
EL174_L_1988_06_025_02_1_PF_05,1988-06-05,Union pour la démocratie française;Rassemblement pour la République,RIGHT_URC,test,1.1003402,False
EL190_L_1993_03_024_02_2_PF_02,1993-03-28,Union pour la démocratie française;Rassemblement pour la République,RIGHT_UPF,train,1.1002885,False
EL135_L_1981_06_059_08_1_PF_06,1981-06-14,Union pour la démocratie française;Centre des démocrates sociaux,RIGHT_UDF,test,1.100236,False
EL194_L_1993_03_069_02_1_PF_11,1993-03-21,Rassemblement pour la République;Union pour la démocratie française,RIGHT_UPF,train,1.1002347,False
EL191_L_1993_03_038_08_1_PF_07,1993-03-21,Parti socialiste,LEFT_PS,train,1.1002102,False
EL135_L_1981_06_057_05_1_PF_02,1981-06-14,Rassemblement pour la République,RIGHT_RPR,test,1.100209,False
EL189_L_1993_03_013_06_2_PF_02,1993-03-28,Front national,FAR_RIGHT_FN,train,1.1002045,False
EL193_L_1993_03_063_04_1_PF_09,1993-03-21,Ligue communiste révolutionnaire,FAR_LEFT,train,1.1001846,False
EL190_L_1993_03_021_03_1_PF_03,1993-03-21,Parti communiste français,LEFT_PCF,train,1.1001468,False
EL175_L_1988_06_033_04_1_PF_04,1988-06-05,Parti communiste français,LEFT_PCF,train,1.1001418,False
EL135_L_1981_06_054_02_1_PF_05,1981-06-14,Parti socialiste,LEFT_PS,test,1.1001308,False
EL175_L_1988_06_042_03_1_PF_02,1988-06-05,Front national,FAR_RIGHT_FN,test,1.1001248,False
EL195_L_1993_03_075_09_1_PF_06,1993-03-21,Parti communiste français,LEFT_PCF,train,1.0999367,False
EL195_L_1993_03_075_08_1_PF_11,1993-03-21,Ligue communiste révolutionnaire,FAR_LEFT,test,1.0998992,False
EL192_L_1993_03_057_01_2_PF_01,1993-03-28,Rassemblement pour la République;Union pour la démocratie française;Parti radical;Centre des démocrates sociaux;Parti républicain;Moselle debout,RIGHT_UPF,train,1.09983,False
EL189_L_1993_03_005_01_2_PF_01,1993-03-28,Rassemblement pour la République,RIGHT_RPR,train,1.0998268,False
EL137_L_1981_06_082_02_1_PF_01,1981-06-14,Parti socialiste,LEFT_PS,train,1.0998082,False
EL191_L_1993_03_039_03_1_PF_04,1993-03-21,Front national,FAR_RIGHT_FN,test,1.0997931,False
EL174_L_1988_06_006_04_1_PF_01,1988-06-05,Parti communiste français,LEFT_PCF,train,1.0997874,False
EL192_L_1993_03_054_03_1_PF_07,1993-03-21,Front national,FAR_RIGHT_FN,train,1.0997336,False
EL194_L_1993_03_068_02_1_PF_08,1993-03-21,Union pour la démocratie française;Rassemblement pour la République,RIGHT_UPF,train,1.0997148,False
EL135_L_1981_06_053_01_1_PF_03,1981-06-14,Parti socialiste,LEFT_PS,train,1.0996567,False
EL135_L_1981_06_049_06_1_PF_03,1981-06-14,Parti communiste français,LEFT_PCF,test,1.0996243,False
EL176_L_1988_06_067_01_1_PF_01,1988-06-05,Union pour la démocratie française;Rassemblement pour la République,RIGHT_URC,train,1.0995643,False
EL190_L_1993_03_023_02_1_PF_02,1993-03-21,Parti communiste français,LEFT_PCF,test,1.0995216,False
EL175_L_1988_06_044_05_2_PF_02,1988-06-12,Rassemblement pour la République;Union pour la démocratie française,RIGHT_URC,test,1.099518,False
EL191_L_1993_03_036_02_1_PF_04,1993-03-21,Verts;Génération écologie,ECO,train,1.0994186,False
EL190_L_1993_03_025_02_1_PF_02,1993-03-21,Rassemblement pour la République;Union pour la démocratie française,RIGHT_UPF,train,1.0992795,False
EL192_L_1993_03_058_01_1_PF_04,1993-03-21,Front national,FAR_RIGHT_FN,train,1.099261,False
EL189_L_1993_03_004_02_1_PF_01,1993-03-21,Verts;Génération écologie,ECO,train,1.0992551,False
EL135_L_1981_06_062_02_2_PF_01,1981-06-21,Mouvement des radicaux de gauche,LEFT_PS,test,1.099085,False
EL174_L_1988_06_006_05_1_PF_06,1988-06-05,Parti communiste français,LEFT_PCF,train,1.0990293,False
EL194_L_1993_03_067_03_1_PF_02,1993-03-21,Génération écologie;Verts,ECO,train,1.099016,False
EL191_L_1993_03_038_04_1_PF_03,1993-03-21,Parti communiste français,LEFT_PCF,train,1.0989856,False
EL198_L_1993_03_094_04_2_PF_01,1993-03-28,Rassemblement pour la République;Union pour la démocratie française,RIGHT_UPF,test,1.0988042,False
EL193_L_1993_03_062_02_2_PF_02,1993-03-28,Rassemblement pour la République;Union pour la démocratie française,RIGHT_UPF,train,1.0987808,False
EL198_L_1993_03_094_04_1_PF_01,1993-03-21,Rassemblement pour la République;Union pour la démocratie française,RIGHT_UPF,train,1.0986965,False
EL189_L_1993_03_004_01_1_PF_03,1993-03-21,Rassemblement pour la République,RIGHT_RPR,train,1.0986878,False
EL195_L_1993_03_075_17_1_PF_10,1993-03-21,Ligue communiste révolutionnaire,FAR_LEFT,test,1.0986785,False
EL197_L_1993_03_091_07_1_PF_05,1993-03-21,Front national,FAR_RIGHT_FN,train,1.0986352,False
EL174_L_1988_06_021_02_1_PF_05,1988-06-05,Union pour la démocratie française,RIGHT_UDF,train,1.0986274,False
EL197_L_1993_03_086_02_1_PF_04,1993-03-21,Parti communiste français,LEFT_PCF,test,1.0984883,False
EL192_L_1993_03_051_05_1_PF_03,1993-03-21,Verts;Génération écologie,ECO,train,1.0984374,False
EL176_L_1988_06_059_04_1_PF_01,1988-06-05,Parti socialiste,LEFT_PS,test,1.0984346,False
EL174_L_1988_06_026_04_1_PF_02,1988-06-05,Parti socialiste,LEFT_PS,train,1.0984215,False
EL192_L_1993_03_052_01_1_PF_08,1993-03-21,Parti communiste français,LEFT_PCF,train,1.0984179,False
EL191_L_1993_03_040_03_1_PF_04,1993-03-21,Union pour la démocratie française;Rassemblement pour la République,RIGHT_UPF,train,1.0982913,False
EL177_L_1988_06_084_03_1_PF_04,1988-06-05,Rassemblement pour la République;Union pour la démocratie française,RIGHT_URC,train,1.0982864,False
EL134_L_1981_06_02B_01_1_PF_03,1981-06-14,Mouvement des radicaux de gauche,LEFT_PS,train,1.0982671,False
EL134_L_1981_06_02B_01_2_PF_02,1981-06-21,Mouvement des radicaux de gauche,LEFT_PS,train,1.0982671,False
EL192_L_1993_03_044_04_1_PF_04,1993-03-21,Parti socialiste,LEFT_PS,train,1.0981804,False
EL176_L_1988_06_057_01_1_PF_02,1988-06-05,Union pour la démocratie française;Rassemblement pour la République,RIGHT_URC,train,1.0980953,False
EL191_L_1993_03_033_09_1_PF_03,1993-03-21,Parti communiste français,LEFT_PCF,train,1.0979749,False
EL190_L_1993_03_016_04_2_PF_02,1993-03-28,Rassemblement pour la République;Union pour la démocratie française,RIGHT_UPF,train,1.0976608,False
EL135_L_1981_06_038_01_1_PF_02,1981-06-14,Parti socialiste,LEFT_PS,train,1.0976585,False
EL193_L_1993_03_061_02_2_PF_01,1993-03-28,Union pour la démocratie française,RIGHT_UDF,test,1.0975668,False
EL175_L_1988_06_040_01_1_PF_01,1988-06-05,Parti communiste français,LEFT_PCF,train,1.0973549,False
EL198_L_1993_03_095_07_1_PF_10,1993-03-21,Ligue communiste révolutionnaire,FAR_LEFT,train,1.097221,False
EL134_L_1981_06_022_03_2_PF_01,1981-06-21,Parti socialiste,LEFT_PS,test,1.0971878,False
EL136_L_1981_06_074_01_1_PF_04,1981-06-14,Parti communiste français,LEFT_PCF,train,1.0971843,False
EL194_L_1993_03_069_08_1_PF_06,1993-03-21,Front national,FAR_RIGHT_FN,train,1.0971415,False
EL135_L_1981_06_059_19_1_PF_03,1981-06-14,Parti socialiste,LEFT_PS,test,1.0971406,False
EL192_L_1993_03_049_03_1_PF_01,1993-03-21,Union pour la démocratie française;Rassemblement pour la République,RIGHT_UPF,train,1.0971166,False
EL137_L_1981_06_094_01_2_PF_01,1981-06-21,Parti socialiste;Mouvement des radicaux de gauche;Parti socialiste unifié;Parti communiste français,LEFT_PCF,train,1.097008,False
EL197_L_1993_03_083_05_2_PF_01,1993-03-28,Union pour la démocratie française,RIGHT_UDF,train,1.0969025,False
EL192_L_1993_03_044_06_1_PF_01,1993-03-21,Front national,FAR_RIGHT_FN,train,1.0969017,False
EL137_L_1981_06_092_10_1_PF_05,1981-06-14,Parti communiste français,LEFT_PCF,train,1.0968994,False
EL192_L_1993_03_045_02_1_PF_03,1993-03-21,Parti communiste français,LEFT_PCF,train,1.0968993,False
EL191_L_1993_03_035_02_1_PF_02,1993-03-21,Parti communiste français,LEFT_PCF,train,1.0968865,False
EL176_L_1988_06_057_08_1_PF_02,1988-06-05,Parti socialiste,LEFT_PS,train,1.0968045,False
EL137_L_1981_06_085_04_1_PF_03,1981-06-14,Parti socialiste,LEFT_PS,train,1.0967612,False
EL135_L_1981_06_059_08_1_PF_05,1981-06-14,Rassemblement pour la République,RIGHT_RPR,train,1.0966381,False
EL194_L_1993_03_064_02_1_PF_01,1993-03-21,Parti communiste français,LEFT_PCF,train,1.0965828,False
EL189_L_1993_03_001_03_1_PF_03,1993-03-21,Union pour la démocratie française;Rassemblement pour la République,RIGHT_UPF,test,1.0964453,False
EL174_L_1988_06_021_01_1_PF_01,1988-06-05,socialiste,LEFT_PS,train,1.0964042,False
EL191_L_1993_03_033_04_1_PF_09,1993-03-21,Parti communiste français,LEFT_PCF,train,1.0963933,False
EL174_L_1988_06_010_02_1_PF_01,1988-06-05,Parti communiste français,LEFT_PCF,train,1.0961822,False
EL177_L_1988_06_083_04_1_PF_03,1988-06-05,Parti communiste français,LEFT_PCF,train,1.0961299,False
EL174_L_1988_06_017_03_1_PF_01,1988-06-05,Parti communiste français,LEFT_PCF,train,1.0961145,False
EL190_L_1993_03_025_01_1_PF_07,1993-03-21,Rassemblement pour la République;Union pour la démocratie française,RIGHT_UPF,train,1.0960431,False
EL175_L_1988_06_033_08_1_PF_03,1988-06-05,Parti communiste français,LEFT_PCF,train,1.0960412,False
EL196_L_1993_03_076_02_1_PF_01,1993-03-21,Union pour la démocratie française;Rassemblement pour la République,RIGHT_UPF,test,1.095983,False
EL192_L_1993_03_056_05_1_PF_04,1993-03-21,Parti communiste français,LEFT_PCF,train,1.0959777,False
EL137_L_1981_06_076_06_1_PF_06,1981-06-14,écologistes,ECO,train,1.0958583,False
EL136_L_1981_06_070_01_1_PF_03,1981-06-14,Mouvement des radicaux de gauche,LEFT_PS,train,1.0958489,False
EL135_L_1981_06_053_01_1_PF_01,1981-06-14,Parti socialiste unifié,LEFT_PS,train,1.0958371,False
EL192_L_1993_03_055_02_1_PF_02,1993-03-21,Parti socialiste;Mouvement des radicaux de gauche,LEFT_PS,train,1.0958066,False
EL190_L_1993_03_026_04_1_PF_05,1993-03-21,Union pour la démocratie française;Rassemblement pour la République,RIGHT_UPF,train,1.0957981,False
EL192_L_1993_03_051_03_2_PF_02,1993-03-28,Front national,FAR_RIGHT_FN,train,1.0957214,False
EL194_L_1993_03_067_06_1_PF_01,1993-03-21,Centre des démocrates sociaux;Union pour la démocratie française,RIGHT_UDF,train,1.0956503,False
EL175_L_1988_06_030_04_1_PF_04,1988-06-05,Front national,FAR_RIGHT_FN,train,1.0956266,False
EL136_L_1981_06_067_01_1_PF_01,1981-06-14,Parti communiste français,LEFT_PCF,train,1.095493,False
EL198_L_1993_03_093_12_1_PF_15,1993-03-21,Ligue communiste révolutionnaire,FAR_LEFT,train,1.0954167,False
EL174_L_1988_06_028_03_1_PF_05,1988-06-05,Front national,FAR_RIGHT_FN,train,1.0953761,False
EL196_L_1993_03_081_02_1_PF_03,1993-03-21,Parti socialiste,LEFT_PS,train,1.0953594,False
EL135_L_1981_06_065_01_1_PF_03,1981-06-14,Rassemblement pour la République;Union pour la démocratie française,RIGHT_UNM,train,1.0953555,False
EL195_L_1993_03_071_06_1_PF_02,1993-03-21,Parti communiste français,LEFT_PCF,train,1.095276,False
EL191_L_1993_03_033_05_1_PF_06,1993-03-21,Parti communiste français,LEFT_PCF,train,1.0952598,False
EL175_L_1988_06_030_05_1_PF_02,1988-06-05,Parti socialiste,LEFT_PS,train,1.0952499,False
EL135_L_1981_06_041_02_1_PF_04,1981-06-14,Parti communiste français,LEFT_PCF,train,1.0952287,False
EL192_L_1993_03_050_03_1_PF_04,1993-03-21,Verts;Génération écologie,ECO,train,1.0952256,False
EL136_L_1981_06_069_05_1_PF_01,1981-06-14,Parti communiste français,LEFT_PCF,train,1.095165,False
EL189_L_1993_03_013_15_1_PF_04,1993-03-21,Rassemblement pour la République;Union pour la démocratie française,RIGHT_UPF,train,1.0951574,False
EL135_L_1981_06_063_01_1_PF_05,1981-06-14,Parti socialiste;Mouvement des radicaux de gauche,LEFT_PS,train,1.0950933,False
EL197_L_1993_03_084_02_1_PF_05,1993-03-21,Union pour la démocratie française;Rassemblement pour la République,RIGHT_UPF,train,1.0950456,False
EL193_L_1993_03_059_02_1_PF_09,1993-03-21,Nouveaux écologistes du rassemblement nature et animaux,ECO,train,1.0950172,False
EL137_L_1981_06_094_01_1_PF_05,1981-06-14,Union pour la démocratie française,RIGHT_UDF,test,1.0949985,False
EL134_L_1981_06_033_03_1_PF_07,1981-06-14,Lutte ouvrière,FAR_LEFT,train,1.0949324,False
EL174_L_1988_06_02B_01_2_PF_02,1988-06-12,Rassemblement pour la République;Union pour la démocratie française,RIGHT_URC,train,1.0948138,False
EL192_L_1993_03_045_03_2_PF_01,1993-03-28,Rassemblement pour la République;Union pour la démocratie française,RIGHT_UPF,test,1.0946708,False
EL190_L_1993_03_030_05_1_PF_04,1993-03-21,Verts;Génération écologie,ECO,train,1.0946144,False
EL195_L_1993_03_075_11_1_PF_11,1993-03-21,Ligue communiste révolutionnaire,FAR_LEFT,train,1.0945747,False
EL137_L_1981_06_077_04_1_PF_02,1981-06-14,Parti socialiste,LEFT_PS,train,1.09453,False
EL176_L_1988_06_060_04_1_PF_03,1988-06-05,Rassemblement pour la République;Union pour la démocratie française,RIGHT_URC,train,1.0945297,False
EL134_L_1981_06_007_01_1_PF_01,1981-06-14,Parti communiste français,LEFT_PCF,train,1.0945091,False
EL134_L_1981_06_034_02_2_PF_02,1981-06-21,Centre des démocrates sociaux;Radicaux-socialistes;Parti républicain;Rassemblement pour la République,LEFT_PS,train,1.0944449,False
EL174_L_1988_06_003_03_1_PF_04,1988-06-05,Front national,FAR_RIGHT_FN,train,1.0944434,False
EL191_L_1993_03_036_02_1_PF_02,1993-03-21,Parti communiste français,LEFT_PCF,train,1.0943868,False
EL195_L_1993_03_075_11_1_PF_04,1993-03-21,Parti communiste français,LEFT_PCF,train,1.094332,False
EL134_L_1981_06_030_01_1_PF_01,1981-06-14,Parti communiste français,LEFT_PCF,train,1.0942715,False
EL177_L_1988_06_080_01_1_PF_05,1988-06-05,Rassemblement pour la République;Union pour la démocratie française,RIGHT_URC,test,1.0941688,False
EL137_L_1981_06_092_05_1_PF_02,1981-06-14,Parti communiste français,LEFT_PCF,test,1.0941368,False
EL177_L_1988_06_075_05_1_PF_02,1988-06-05,Mouvement des radicaux de gauche;Parti socialiste;Républicains de progrès,LEFT_PS,train,1.0941179,False
EL137_L_1981_06_088_04_1_PF_02,1981-06-14,Parti socialiste,LEFT_PS,train,1.0940812,False
EL135_L_1981_06_062_06_1_PF_03,1981-06-14,Parti socialiste,LEFT_PS,train,1.0940548,False
EL191_L_1993_03_034_05_1_PF_07,1993-03-21,Rassemblement pour la République,RIGHT_RPR,train,1.0940424,False
EL192_L_1993_03_044_02_1_PF_06,1993-03-21,Rassemblement pour la République;Union pour la démocratie française;Centre national des indépendants et paysans,RIGHT_UPF,train,1.0939804,False
EL137_L_1981_06_094_08_1_PF_03,1981-06-14,Lutte ouvrière,FAR_LEFT,test,1.0938604,False
EL135_L_1981_06_059_04_1_PF_06,1981-06-14,Union pour la démocratie française;Parti républicain,RIGHT_UDF,train,1.0938176,False
EL192_L_1993_03_050_03_1_PF_06,1993-03-21,Rassemblement pour la République;Union pour la démocratie française,RIGHT_UPF,test,1.0937822,False
EL196_L_1993_03_079_04_1_PF_05,1993-03-21,Union pour la démocratie française,RIGHT_UDF,train,1.0937809,False
EL197_L_1993_03_088_03_1_PF_04,1993-03-21,Rassemblement pour la République;Union pour la démocratie française,RIGHT_UPF,train,1.0937617,False
EL198_L_1993_03_093_06_1_PF_05,1993-03-21,Parti socialiste;Mouvement des radicaux de gauche,LEFT_PS,train,1.093746,False
EL193_L_1993_03_063_03_1_PF_06,1993-03-21,Rassemblement pour la République;Union pour la démocratie française,RIGHT_UPF,train,1.0937136,False
EL135_L_1981_06_059_17_1_PF_02,1981-06-14,Parti communiste français,LEFT_PCF,train,1.0936837,False
EL193_L_1993_03_059_02_1_PF_04,1993-03-21,Parti socialiste,LEFT_PS,train,1.0936172,False
EL175_L_1988_06_038_02_1_PF_04,1988-06-05,Front national,FAR_RIGHT_FN,test,1.0935624,False
EL196_L_1993_03_078_07_2_PF_01,1993-03-28,Union pour la démocratie française;Rassemblement pour la République,RIGHT_UPF,test,1.0935587,False
EL134_L_1981_06_014_05_1_PF_02,1981-06-14,Parti communiste français,LEFT_PCF,train,1.0935069,False
EL136_L_1981_06_067_08_1_PF_03,1981-06-14,Rassemblement pour la République;Union pour la démocratie française,RIGHT_UNM,test,1.0934316,False
EL177_L_1988_06_094_11_1_PF_02,1988-06-05,Centre national des indépendants et paysans;Rassemblement pour la République;Union pour la démocratie française,RIGHT_URC,train,1.0933107,False
EL190_L_1993_03_029_03_1_PF_04,1993-03-21,Verts;Génération écologie,ECO,train,1.0932319,False
EL137_L_1981_06_095_01_1_PF_01,1981-06-14,Parti socialiste,LEFT_PS,train,1.0931869,False
EL190_L_1993_03_021_02_2_PF_02,1993-03-28,Rassemblement pour la République;Union pour la démocratie française;Centre national des indépendants et paysans,RIGHT_UPF,test,1.0931795,False
EL134_L_1981_06_035_04_1_PF_01,1981-06-14,Union pour la démocratie française;Rassemblement pour la République;Parti républicain;Parti radical;Centre des démocrates sociaux,RIGHT_UNM,train,1.093179,False
EL191_L_1993_03_031_06_1_PF_02,1993-03-21,Génération écologie;Verts,ECO,train,1.0931265,False
EL189_L_1993_03_003_04_1_PF_07,1993-03-21,Verts,ECO,train,1.0931256,False
EL135_L_1981_06_057_03_1_PF_01,1981-06-14,Parti communiste français,LEFT_PCF,train,1.0930212,False
EL135_L_1981_06_041_01_1_PF_03,1981-06-14,Parti socialiste unifié,LEFT_PS,train,1.0930201,False
EL194_L_1993_03_066_01_1_PF_07,1993-03-21,Union pour la démocratie française,RIGHT_UDF,test,1.0930057,False
EL189_L_1993_03_008_02_2_PF_02,1993-03-28,Union pour la démocratie française;Rassemblement pour la République,RIGHT_UPF,train,1.0929992,False
EL177_L_1988_06_093_13_2_PF_01,1988-06-12,Parti socialiste;Mouvement des radicaux de gauche;Mouvement des gaullistes populaires,LEFT_PS,train,1.0929192,False
EL192_L_1993_03_056_06_1_PF_02,1993-03-21,Union pour la démocratie française,RIGHT_UDF,train,1.0929142,False
EL174_L_1988_06_017_05_1_PF_03,1988-06-05,Rassemblement pour la République;Union pour la démocratie française,RIGHT_URC,test,1.0929116,False
EL136_L_1981_06_075_13_2_PF_02,1981-06-21,Rassemblement pour la République,RIGHT_RPR,train,1.0928948,False
EL135_L_1981_06_056_02_1_PF_03,1981-06-14,Parti communiste français,LEFT_PCF,train,1.0928893,False
EL135_L_1981_06_063_03_1_PF_01,1981-06-14,Lutte ouvrière,FAR_LEFT,test,1.0928421,False
EL175_L_1988_06_051_03_1_PF_04,1988-06-05,Centre national des indépendants et paysans;Rassemblement pour la République;Union pour la démocratie française,RIGHT_URC,test,1.0928212,False
EL197_L_1993_03_088_02_1_PF_05,1993-03-21,Union pour la démocratie française;Rassemblement pour la République,RIGHT_UPF,train,1.0928105,False
EL175_L_1988_06_035_05_1_PF_05,1988-06-05,Front national,FAR_RIGHT_FN,train,1.0927684,False
EL196_L_1993_03_076_10_1_PF_01,1993-03-21,Union pour la démocratie française;Rassemblement pour la République,RIGHT_UPF,train,1.0927237,False
EL174_L_1988_06_022_03_1_PF_03,1988-06-05,Front national,FAR_RIGHT_FN,train,1.0926985,False
EL193_L_1993_03_059_02_1_PF_05,1993-03-21,Front national,FAR_RIGHT_FN,train,1.0926696,False
EL135_L_1981_06_065_02_1_PF_03,1981-06-14,Mouvement des radicaux de gauche;Parti socialiste,LEFT_PS,train,1.0926235,False
EL197_L_1993_03_087_02_1_PF_06,1993-03-21,Parti communiste français,LEFT_PCF,train,1.0926023,False
EL175_L_1988_06_053_03_1_PF_01,1988-06-05,Union pour la démocratie française;Parti républicain,RIGHT_UDF,train,1.0926013,False
EL192_L_1993_03_054_05_1_PF_03,1993-03-21,Union pour la démocratie française,RIGHT_UDF,test,1.0925344,False
EL177_L_1988_06_086_02_1_PF_02,1988-06-05,Front national,FAR_RIGHT_FN,train,1.0925002,False
EL192_L_1993_03_053_03_1_PF_03,1993-03-21,Rassemblement pour la République;Union pour la démocratie française,RIGHT_UPF,train,1.092478,False
EL197_L_1993_03_091_02_2_PF_01,1993-03-28,Front national,FAR_RIGHT_FN,train,1.0923915,False
EL134_L_1981_06_032_02_1_PF_02,1981-06-14,Parti socialiste unifié,LEFT_PS,train,1.0923644,False
EL135_L_1981_06_059_16_1_PF_01,1981-06-14,Parti socialiste,LEFT_PS,train,1.0923557,False
EL135_L_1981_06_045_03_2_PF_02,1981-06-21,Socialiste,LEFT_PS,train,1.0922993,False
EL192_L_1993_03_058_03_2_PF_01,1993-03-28,Parti socialiste,LEFT_PS,train,1.0922226,False
EL134_L_1981_06_011_02_1_PF_01,1981-06-14,Parti communiste français,LEFT_PCF,train,1.0922109,False
EL137_L_1981_06_080_01_1_PF_03,1981-06-14,Parti socialiste,LEFT_PS,train,1.0921476,False
EL135_L_1981_06_048_01_1_PF_03,1981-06-14,Parti socialiste,LEFT_PS,train,1.092065,False
EL198_L_1993_03_094_12_2_PF_01,1993-03-28,Rassemblement pour la République;Union pour la démocratie française,RIGHT_UPF,train,1.0920473,False
EL137_L_1981_06_091_03_1_PF_05,1981-06-14,Union pour la démocratie française,RIGHT_UDF,train,1.0920327,False
EL137_L_1981_06_088_03_2_PF_02,1981-06-21,Parti socialiste,LEFT_PS,train,1.09201,False
EL191_L_1993_03_033_11_1_PF_03,1993-03-21,Front national,FAR_RIGHT_FN,train,1.0920018,False
EL191_L_1993_03_038_08_1_PF_01,1993-03-21,Union pour la démocratie française;Rassemblement pour la République,RIGHT_UPF,test,1.0918692,False
EL197_L_1993_03_089_01_1_PF_08,1993-03-21,Ligue communiste révolutionnaire,FAR_LEFT,train,1.0918536,False
EL135_L_1981_06_042_03_1_PF_04,1981-06-14,Lutte ouvrière,FAR_LEFT,test,1.0918416,False
EL174_L_1988_06_001_04_1_PF_05,1988-06-05,Union pour la démocratie française;Rassemblement pour la République;Centre national des indépendants et paysans;Centre des démocrates sociaux,RIGHT_URC,train,1.0918251,False
EL189_L_1993_03_013_05_2_PF_01,1993-03-28,Front national,FAR_RIGHT_FN,test,1.0917971,False
EL189_L_1993_03_001_01_1_PF_02,1993-03-21,Parti communiste français,LEFT_PCF,train,1.0916679,False
EL174_L_1988_06_019_03_1_PF_04,1988-06-05,Front national,FAR_RIGHT_FN,train,1.0916493,False
EL191_L_1993_03_032_01_1_PF_02,1993-03-21,Parti communiste français,LEFT_PCF,train,1.0915619,False
EL135_L_1981_06_053_02_1_PF_02,1981-06-14,Socialiste,LEFT_PS,train,1.0915418,False
EL195_L_1993_03_073_03_1_PF_02,1993-03-21,Rassemblement pour la République;Union pour la démocratie française,RIGHT_UPF,train,1.0915389,False
EL174_L_1988_06_013_14_2_PF_01,1988-06-12,Union pour la démocratie française;Rassemblement pour la République,RIGHT_URC,train,1.0915082,False
EL192_L_1993_03_051_01_1_PF_04,1993-03-21,Rassemblement pour la République;Union pour la démocratie française;Centre national des indépendants,RIGHT_UPF,train,1.0912735,False
EL193_L_1993_03_061_03_2_PF_01,1993-03-28,Rassemblement pour la République;Union pour la démocratie française,RIGHT_UPF,train,1.0912465,False
EL189_L_1993_03_007_02_2_PF_02,1993-03-28,Rassemblement pour la République;Union pour la démocratie française,RIGHT_UPF,train,1.0911748,False
EL135_L_1981_06_037_03_2_PF_01,1981-06-21,Parti socialiste;communistes,LEFT_PS,train,1.0911528,False
EL136_L_1981_06_072_02_2_PF_01,1981-06-21,Parti socialiste,LEFT_PS,train,1.091101,False
EL194_L_1993_03_067_09_2_PF_02,1993-03-28,Union pour la démocratie française;Rassemblement pour la République,RIGHT_UPF,train,1.0910951,False
EL198_L_1993_03_092_10_1_PF_03,1993-03-21,Rassemblement pour la République;Union pour la démocratie française,RIGHT_UPF,test,1.0910935,False
EL198_L_1993_03_094_08_1_PF_08,1993-03-21,Ligue communiste révolutionnaire,FAR_LEFT,train,1.0910189,False
EL195_L_1993_03_075_07_1_PF_05,1993-03-21,Rassemblement pour la République;Union pour la démocratie française,RIGHT_UPF,train,1.0909983,False
EL176_L_1988_06_067_01_2_PF_01,1988-06-12,Union pour la démocratie française;Rassemblement pour la République,RIGHT_URC,test,1.0909886,False
EL177_L_1988_06_091_08_1_PF_01,1988-06-05,Parti communiste français,LEFT_PCF,train,1.0909612,False
EL198_L_1993_03_094_03_2_PF_02,1993-03-28,Rassemblement pour la République;Union pour la démocratie française;Centre national des indépendants,RIGHT_UPF,train,1.0909215,False
EL175_L_1988_06_037_02_1_PF_02,1988-06-05,Rassemblement pour la République;Union pour la démocratie française,RIGHT_URC,train,1.0908859,False
EL135_L_1981_06_055_01_1_PF_02,1981-06-14,Parti communiste français,LEFT_PCF,train,1.090828,False
EL135_L_1981_06_051_01_1_PF_02,1981-06-14,Parti communiste français,LEFT_PCF,train,1.0907478,False
EL134_L_1981_06_001_03_1_PF_01,1981-06-14,Parti socialiste,LEFT_PS,train,1.0907389,False
EL195_L_1993_03_075_16_1_PF_02,1993-03-21,Front national,FAR_RIGHT_FN,train,1.0907198,False
EL190_L_1993_03_018_03_1_PF_05,1993-03-21,Rassemblement pour la République;Union pour la démocratie française,RIGHT_UPF,train,1.0907063,False
EL176_L_1988_06_069_01_1_PF_01,1988-06-05,Parti communiste français,LEFT_PCF,train,1.0907025,False
EL135_L_1981_06_047_02_2_PF_02,1981-06-21,Parti socialiste,LEFT_PS,test,1.0906956,False
EL192_L_1993_03_054_03_1_PF_04,1993-03-21,Verts;Génération écologie,ECO,train,1.090686,False
EL177_L_1988_06_077_07_2_PF_01,1988-06-12,Centre national des indépendants et paysans;Rassemblement pour la République;Union pour la démocratie française,RIGHT_URC,train,1.0906852,False
EL176_L_1988_06_068_05_1_PF_04,1988-06-05,Front national,FAR_RIGHT_FN,train,1.0906601,False
EL175_L_1988_06_033_05_1_PF_02,1988-06-05,Parti communiste français,LEFT_PCF,train,1.0905697,False
EL196_L_1993_03_078_04_1_PF_03,1993-03-21,Front national,FAR_RIGHT_FN,train,1.0904634,False
EL137_L_1981_06_092_12_2_PF_01,1981-06-21,Parti socialiste,LEFT_PS,test,1.0904552,False
EL195_L_1993_03_075_05_1_PF_02,1993-03-21,Front national,FAR_RIGHT_FN,train,1.0904238,False
EL190_L_1993_03_027_02_1_PF_01,1993-03-21,Front national,FAR_RIGHT_FN,train,1.0903623,False
EL176_L_1988_06_069_12_1_PF_04,1988-06-05,Parti socialiste,LEFT_PS,train,1.0903542,False
EL192_L_1993_03_049_02_1_PF_09,1993-03-21,Solidarité écologie gauche alternative;Alternative rouge et verte,ECO,train,1.0903445,False
EL177_L_1988_06_094_07_1_PF_02,1988-06-05,Front national,FAR_RIGHT_FN,train,1.0903339,False
EL189_L_1993_03_013_15_1_PF_01,1993-03-21,Ecologie les Verts;Génération écologie,ECO,train,1.0903085,False
EL137_L_1981_06_078_06_1_PF_05,1981-06-14,Centre national des indépendants;Rassemblement pour la République;Centre des démocrates sociaux;Parti radical,RIGHT_RPR,train,1.0902971,False
EL135_L_1981_06_054_02_2_PF_01,1981-06-21,Socialiste,LEFT_PS,train,1.0901843,False
EL135_L_1981_06_056_04_1_PF_03,1981-06-14,Parti communiste français,LEFT_PCF,train,1.0901116,False
EL134_L_1981_06_031_01_1_PF_04,1981-06-14,Parti socialiste,LEFT_PS,train,1.0901072,False
EL137_L_1981_06_095_03_1_PF_03,1981-06-14,Parti socialiste unifié,LEFT_PS,train,1.0900911,False
EL193_L_1993_03_060_06_2_PF_02,1993-03-28,Front national,FAR_RIGHT_FN,train,1.0900902,False
EL176_L_1988_06_062_13_1_PF_03,1988-06-05,Union pour la démocratie française;Centre des démocrates sociaux,RIGHT_UDF,test,1.0900631,False
EL134_L_1981_06_023_02_2_PF_01,1981-06-21,Parti socialiste,LEFT_PS,train,1.0900328,False
EL190_L_1993_03_029_03_1_PF_01,1993-03-21,Solidarité écologie gauche alternative,ECO,train,1.0899721,False
EL189_L_1993_03_008_03_1_PF_02,1993-03-21,Front national,FAR_RIGHT_FN,train,1.089967,False
EL175_L_1988_06_038_02_1_PF_03,1988-06-05,Rassemblement pour la République;Union pour la démocratie française;Parti radical-socialiste,LEFT_PS,train,1.0899595,False
EL135_L_1981_06_064_04_1_PF_01,1981-06-14,Union pour la démocratie française;Rassemblement pour la République,RIGHT_UNM,train,1.0898976,False
EL134_L_1981_06_002_01_1_PF_03,1981-06-14,Parti socialiste,LEFT_PS,train,1.0898949,False
EL189_L_1993_03_013_01_1_PF_01,1993-03-21,Ecologie les Verts;Génération écologie,ECO,train,1.089854,False
EL176_L_1988_06_064_02_1_PF_05,1988-06-05,Front national,FAR_RIGHT_FN,train,1.0898443,False
EL192_L_1993_03_051_02_2_PF_01,1993-03-28,Union pour la démocratie française;Rassemblement pour la République;Centre national des indépendants,RIGHT_UPF,train,1.0895213,False
EL177_L_1988_06_083_06_1_PF_03,1988-06-05,Parti socialiste,LEFT_PS,train,1.0895013,False
EL192_L_1993_03_048_02_1_PF_04,1993-03-21,Rassemblement pour la République;Union pour la démocratie française,RIGHT_UPF,train,1.0894681,False
EL177_L_1988_06_092_10_1_PF_02,1988-06-05,Parti communiste français,LEFT_PCF,train,1.0894623,False
EL137_L_1981_06_092_02_2_PF_01,1981-06-21,Rassemblement pour la République,RIGHT_RPR,train,1.0893953,False
EL175_L_1988_06_038_02_2_PF_01,1988-06-12,Parti socialiste,LEFT_PS,train,1.0891938,False
EL135_L_1981_06_049_06_1_PF_01,1981-06-14,Lutte ouvrière,FAR_LEFT,train,1.0891877,False
EL135_L_1981_06_045_04_1_PF_01,1981-06-14,Parti communiste français,LEFT_PCF,test,1.0888402,False
EL135_L_1981_06_059_04_2_PF_02,1981-06-21,Parti socialiste,LEFT_PS,test,1.0888094,False
EL136_L_1981_06_072_01_1_PF_04,1981-06-14,Parti socialiste unifié,LEFT_PS,train,1.088702,False
EL193_L_1993_03_061_02_1_PF_07,1993-03-21,Verts;Génération écologie,ECO,train,1.0886769,False
EL196_L_1993_03_077_05_1_PF_03,1993-03-21,Parti socialiste;Mouvement des radicaux de gauche,LEFT_PS,train,1.0885195,False
EL175_L_1988_06_039_03_1_PF_01,1988-06-05,Parti socialiste,LEFT_PS,train,1.088469,False
EL134_L_1981_06_033_01_2_PF_02,1981-06-21,Parti socialiste,LEFT_PS,train,1.0881648,False
EL192_L_1993_03_057_03_1_PF_11,1993-03-21,Front national,FAR_RIGHT_FN,test,1.0879931,False
EL189_L_1993_03_007_03_1_PF_02,1993-03-21,Parti communiste français,LEFT_PCF,test,1.0878257,False
EL137_L_1981_06_078_02_1_PF_01,1981-06-14,Parti communiste français,LEFT_PCF,train,1.0878198,False
EL196_L_1993_03_078_08_2_PF_01,1993-03-28,Union pour la démocratie française;Rassemblement pour la République;non inscrits,RIGHT_UPF,train,1.0877124,False
EL136_L_1981_06_072_01_1_PF_03,1981-06-14,Parti communiste français,LEFT_PCF,train,1.0875809,False
EL189_L_1993_03_001_03_1_PF_05,1993-03-21,Verts;Génération écologie,ECO,train,1.0875808,False
EL174_L_1988_06_018_01_1_PF_02,1988-06-05,Parti socialiste,LEFT_PS,train,1.0875772,False
EL174_L_1988_06_017_01_1_PF_04,1988-06-05,Front national,FAR_RIGHT_FN,train,1.087545,False
EL174_L_1988_06_017_05_1_PF_01,1988-06-05,Parti communiste français,LEFT_PCF,train,1.0875118,False
EL135_L_1981_06_044_03_1_PF_03,1981-06-14,Parti socialiste unifié,LEFT_PS,train,1.087421,False
EL193_L_1993_03_059_10_1_PF_04,1993-03-21,Verts;Génération écologie,ECO,train,1.0874195,False
EL194_L_1993_03_070_02_1_PF_01,1993-03-21,socialistes;divers gauche;Radicaux de gauche,LEFT_PS,train,1.0874032,False
EL189_L_1993_03_006_05_2_PF_02,1993-03-28,Rassemblement pour la République;Union pour la démocratie française,RIGHT_UPF,train,1.0874003,False
EL191_L_1993_03_041_03_1_PF_05,1993-03-21,socialistes,LEFT_PS,test,1.0873269,False
EL189_L_1993_03_013_12_1_PF_02,1993-03-21,Ecologie les Verts;Génération écologie,ECO,train,1.0872638,False
EL136_L_1981_06_067_03_2_PF_01,1981-06-21,Parti socialiste,LEFT_PS,train,1.0871803,False
EL135_L_1981_06_062_04_2_PF_01,1981-06-21,Parti socialiste,LEFT_PS,train,1.0871696,False
EL193_L_1993_03_060_06_1_PF_07,1993-03-21,Front national,FAR_RIGHT_FN,test,1.0870482,False
EL134_L_1981_06_015_01_1_PF_01,1981-06-14,Parti communiste français,LEFT_PCF,train,1.0870286,False
EL137_L_1981_06_080_05_2_PF_02,1981-06-21,Parti socialiste,LEFT_PS,train,1.0869924,False
EL175_L_1988_06_031_07_1_PF_04,1988-06-05,Parti socialiste,LEFT_PS,test,1.0869921,False
EL136_L_1981_06_075_14_1_PF_05,1981-06-14,Lutte ouvrière,FAR_LEFT,train,1.0869876,False
EL191_L_1993_03_035_02_1_PF_06,1993-03-21,Union pour la démocratie française;Rassemblement pour la République,RIGHT_UPF,train,1.0869688,False
EL193_L_1993_03_062_13_1_PF_01,1993-03-21,Parti socialiste,LEFT_PS,train,1.0868949,False
EL191_L_1993_03_033_07_1_PF_02,1993-03-21,Parti communiste français,LEFT_PCF,train,1.0868874,False
EL136_L_1981_06_075_19_1_PF_03,1981-06-14,Parti socialiste unifié,LEFT_PS,train,1.0868793,False
EL135_L_1981_06_038_07_1_PF_05,1981-06-14,Front national,FAR_RIGHT_FN,train,1.0867966,False
EL176_L_1988_06_072_05_1_PF_02,1988-06-05,Front national,FAR_RIGHT_FN,train,1.0867332,False
EL189_L_1993_03_003_04_1_PF_08,1993-03-21,Mouvement des radicaux de gauche,LEFT_PS,train,1.0866448,False
EL134_L_1981_06_003_04_2_PF_02,1981-06-21,Radical-socialiste,LEFT_PS,train,1.0864825,False
EL192_L_1993_03_056_05_1_PF_05,1993-03-21,Verts;Génération écologie,ECO,train,1.0863997,False
EL192_L_1993_03_045_03_1_PF_07,1993-03-21,Verts;Génération écologie,ECO,train,1.0863928,False
EL135_L_1981_06_059_16_1_PF_05,1981-06-14,Rassemblement pour la République;Union pour la démocratie française;Parti républicain;Centre des démocrates sociaux;Radicaux-socialistes,LEFT_PS,train,1.0862727,False
EL135_L_1981_06_059_02_1_PF_02,1981-06-14,Parti communiste français,LEFT_PCF,train,1.0861429,False
EL189_L_1993_03_006_08_1_PF_06,1993-03-21,Verts;Génération écologie,ECO,train,1.0860826,False
EL174_L_1988_06_003_01_1_PF_03,1988-06-05,Front national,FAR_RIGHT_FN,train,1.086034,False
EL136_L_1981_06_069_03_1_PF_01,1981-06-14,Front national,FAR_RIGHT_FN,test,1.0860105,False
EL197_L_1993_03_083_06_1_PF_05,1993-03-21,Union pour la démocratie française;Rassemblement pour la République,RIGHT_UPF,train,1.0859619,False
EL197_L_1993_03_087_03_1_PF_06,1993-03-21,Parti communiste français,LEFT_PCF,train,1.0859427,False
EL194_L_1993_03_064_01_1_PF_08,1993-03-21,Front national,FAR_RIGHT_FN,train,1.0859367,False
EL195_L_1993_03_075_11_1_PF_03,1993-03-21,Parti socialiste;Mouvement des radicaux de gauche,LEFT_PS,train,1.0859228,False
EL134_L_1981_06_015_02_1_PF_02,1981-06-14,Parti socialiste,LEFT_PS,train,1.0858486,False
EL196_L_1993_03_081_02_1_PF_01,1993-03-21,Génération écologie;Verts;Parti occitan,ECO,train,1.0855333,False
EL136_L_1981_06_075_24_1_PF_03,1981-06-14,Parti socialiste unifié,LEFT_PS,test,1.0854967,False
EL192_L_1993_03_045_01_1_PF_05,1993-03-21,Verts;Génération écologie,ECO,test,1.0854323,False
EL196_L_1993_03_077_08_2_PF_01,1993-03-28,Union pour la démocratie française;Rassemblement pour la République,RIGHT_UPF,train,1.0852801,False
EL177_L_1988_06_077_08_1_PF_02,1988-06-05,Parti communiste français,LEFT_PCF,train,1.0851363,False
EL134_L_1981_06_031_06_1_PF_02,1981-06-14,Rassemblement pour la République,RIGHT_RPR,train,1.0851125,False
EL195_L_1993_03_075_03_1_PF_04,1993-03-21,Parti socialiste;Mouvement des radicaux de gauche,LEFT_PS,test,1.0850642,False
EL193_L_1993_03_063_06_1_PF_03,1993-03-21,Verts;Génération écologie,ECO,train,1.0850003,False
EL191_L_1993_03_035_05_1_PF_07,1993-03-21,Front national,FAR_RIGHT_FN,train,1.0849817,False
EL196_L_1993_03_077_03_1_PF_07,1993-03-21,Union pour la démocratie française;Rassemblement pour la République,RIGHT_UPF,train,1.084959,False
EL197_L_1993_03_083_01_1_PF_02,1993-03-21,Mouvement des radicaux de gauche;Parti socialiste,LEFT_PS,train,1.0849584,False
EL134_L_1981_06_031_03_2_PF_01,1981-06-21,Parti socialiste,LEFT_PS,train,1.0849205,False
EL193_L_1993_03_061_02_1_PF_03,1993-03-21,Front national,FAR_RIGHT_FN,train,1.0848743,False
EL135_L_1981_06_059_03_1_PF_01,1981-06-14,Parti socialiste,LEFT_PS,train,1.084859,False
EL135_L_1981_06_049_05_1_PF_03,1981-06-14,Parti communiste français,LEFT_PCF,train,1.0848496,False
EL176_L_1988_06_062_06_2_PF_01,1988-06-12,Parti socialiste,LEFT_PS,train,1.0848151,False
EL190_L_1993_03_019_02_2_PF_01,1993-03-28,Rassemblement pour la République;Union pour la démocratie française,RIGHT_UPF,train,1.084758,False
EL196_L_1993_03_076_11_1_PF_03,1993-03-21,Front national,FAR_RIGHT_FN,train,1.0847305,False
EL189_L_1993_03_008_02_1_PF_03,1993-03-21,Front national,FAR_RIGHT_FN,train,1.0846611,False
EL198_L_1993_03_092_09_1_PF_10,1993-03-21,Ligue communiste révolutionnaire,FAR_LEFT,train,1.0846341,False
EL177_L_1988_06_081_02_1_PF_02,1988-06-05,Parti socialiste,LEFT_PS,test,1.0846164,False
EL177_L_1988_06_090_02_1_PF_01,1988-06-05,Parti communiste français,LEFT_PCF,test,1.0845554,False
EL194_L_1993_03_068_01_1_PF_02,1993-03-21,Génération écologie;Verts;Solidarités écologie,ECO,test,1.084543,False
EL174_L_1988_06_001_02_1_PF_01,1988-06-05,Parti communiste français,LEFT_PCF,train,1.0845078,False
EL137_L_1981_06_076_04_2_PF_01,1981-06-21,Parti socialiste,LEFT_PS,train,1.0845026,False
EL198_L_1993_03_092_10_1_PF_09,1993-03-21,Solidarité écologie gauche alternative,ECO,test,1.0843326,False
EL176_L_1988_06_069_11_2_PF_01,1988-06-12,Parti socialiste,LEFT_PS,test,1.0843227,False
EL177_L_1988_06_093_04_1_PF_03,1988-06-05,Front national,FAR_RIGHT_FN,train,1.0843198,False
EL191_L_1993_03_042_03_1_PF_05,1993-03-21,Parti communiste français,LEFT_PCF,train,1.0843104,False
EL175_L_1988_06_033_11_1_PF_04,1988-06-05,Parti communiste français,LEFT_PCF,test,1.0842997,False
EL137_L_1981_06_078_06_1_PF_01,1981-06-14,Parti socialiste unifié,LEFT_PS,test,1.084284,False
EL190_L_1993_03_030_03_1_PF_06,1993-03-21,Union pour la démocratie française,RIGHT_UDF,train,1.0842649,False
EL190_L_1993_03_02A_02_1_PF_02,1993-03-21,Parti socialiste;Mouvement des radicaux de gauche,LEFT_PS,test,1.0841155,False
EL134_L_1981_06_003_04_2_PF_01,1981-06-21,Parti socialiste,LEFT_PS,train,1.084099,False
EL177_L_1988_06_086_04_1_PF_04,1988-06-05,Parti communiste français,LEFT_PCF,train,1.0840762,False
EL174_L_1988_06_013_04_1_PF_03,1988-06-05,Rassemblement pour la République;Union pour la démocratie française,RIGHT_URC,test,1.0840603,False
EL175_L_1988_06_037_02_2_PF_01,1988-06-12,Rassemblement pour la République;Union pour la démocratie française,RIGHT_URC,train,1.0840261,False
EL189_L_1993_03_008_01_1_PF_02,1993-03-21,Front national,FAR_RIGHT_FN,train,1.083895,False
EL189_L_1993_03_008_02_1_PF_01,1993-03-21,Parti socialiste,LEFT_PS,train,1.0838811,False
EL193_L_1993_03_060_05_1_PF_02,1993-03-21,Parti communiste français,LEFT_PCF,train,1.0838536,False
EL137_L_1981_06_093_09_1_PF_04,1981-06-14,Parti socialiste,LEFT_PS,train,1.0837662,False
EL190_L_1993_03_017_03_1_PF_01,1993-03-21,Parti communiste français,LEFT_PCF,train,1.0837315,False
EL177_L_1988_06_094_12_2_PF_02,1988-06-12,Rassemblement pour la République;Union pour la démocratie française,RIGHT_URC,train,1.0836924,False
EL196_L_1993_03_080_05_1_PF_06,1993-03-21,Parti socialiste,LEFT_PS,train,1.0835117,False
EL134_L_1981_06_013_11_1_PF_05,1981-06-14,Rassemblement pour la République;Union pour la démocratie française,RIGHT_UNM,train,1.0834831,False
EL196_L_1993_03_080_01_1_PF_04,1993-03-21,Union pour la démocratie française;Rassemblement pour la République,RIGHT_UPF,train,1.0834419,False
EL175_L_1988_06_040_03_1_PF_02,1988-06-05,Parti socialiste,LEFT_PS,test,1.0834403,False
EL193_L_1993_03_059_14_1_PF_02,1993-03-21,Union pour la démocratie française;Centre des démocrates sociaux,RIGHT_UDF,test,1.0833403,False
EL136_L_1981_06_075_08_1_PF_01,1981-06-14,Parti socialiste unifié,LEFT_PS,train,1.0833204,False
EL195_L_1993_03_075_12_1_PF_04,1993-03-21,Verts;Génération écologie,ECO,train,1.0832789,False
EL192_L_1993_03_044_09_1_PF_05,1993-03-21,Union pour la démocratie française;Rassemblement pour la République;Centre national des indépendants,RIGHT_UPF,train,1.0832672,False
EL192_L_1993_03_055_01_1_PF_06,1993-03-21,Union pour la démocratie française;Rassemblement pour la République,RIGHT_UPF,test,1.0832282,False
EL191_L_1993_03_039_02_2_PF_01,1993-03-28,Union pour la démocratie française;Rassemblement pour la République,RIGHT_UPF,train,1.08322,False
EL135_L_1981_06_056_05_2_PF_02,1981-06-21,Union pour la démocratie française,RIGHT_UDF,train,1.0831456,False
EL134_L_1981_06_031_01_1_PF_05,1981-06-14,Centre des démocrates sociaux;Union pour la démocratie française,RIGHT_UDF,train,1.0830605,False
EL189_L_1993_03_006_04_1_PF_07,1993-03-21,Parti socialiste,LEFT_PS,train,1.0830351,False
EL175_L_1988_06_038_08_1_PF_02,1988-06-05,Rassemblement pour la République;Union pour la démocratie française,RIGHT_URC,train,1.0830307,False
EL198_L_1993_03_094_10_1_PF_01,1993-03-21,Parti communiste français,LEFT_PCF,train,1.0828998,False
EL135_L_1981_06_045_02_1_PF_03,1981-06-14,Parti communiste français,LEFT_PCF,train,1.0828979,False
EL134_L_1981_06_019_03_1_PF_01,1981-06-14,Parti communiste français,LEFT_PCF,train,1.0828618,False
EL193_L_1993_03_059_24_1_PF_07,1993-03-21,Rassemblement pour la République;Union pour la démocratie française;Centre national des indépendants,RIGHT_UPF,train,1.0828454,False
EL135_L_1981_06_061_01_1_PF_04,1981-06-14,Parti communiste français,LEFT_PCF,train,1.0828208,False
EL192_L_1993_03_047_02_1_PF_04,1993-03-21,Rassemblement pour la République;Union pour la démocratie française;Centre national des indépendants,RIGHT_UPF,train,1.0827675,False
EL175_L_1988_06_031_04_1_PF_03,1988-06-05,Parti socialiste,LEFT_PS,train,1.0827385,False
EL197_L_1993_03_086_01_1_PF_05,1993-03-21,Solidarité écologie gauche alternative,ECO,test,1.0827338,False
EL176_L_1988_06_067_08_1_PF_04,1988-06-05,Verts,ECO,train,1.0827163,False
EL134_L_1981_06_022_01_2_PF_01,1981-06-21,Parti socialiste,LEFT_PS,train,1.0826974,False
EL135_L_1981_06_048_02_1_PF_04,1981-06-14,Parti socialiste unifié;Mouvement pour une alternative non-violente;Mouvement pour le désarmement la paix la liberté;Comité Larzac,LEFT_PS,train,1.082632,False
EL177_L_1988_06_076_05_1_PF_01,1988-06-05,Parti communiste français,LEFT_PCF,train,1.0825775,False
EL137_L_1981_06_094_06_1_PF_05,1981-06-14,Parti socialiste,LEFT_PS,train,1.0825666,False
EL193_L_1993_03_060_07_2_PF_03,1993-03-28,Front national,FAR_RIGHT_FN,train,1.0825577,False
EL192_L_1993_03_044_09_1_PF_06,1993-03-21,Union pour la démocratie française,RIGHT_UDF,train,1.0825121,False
EL191_L_1993_03_039_02_1_PF_02,1993-03-21,Front national,FAR_RIGHT_FN,train,1.0825086,False
EL176_L_1988_06_062_02_1_PF_03,1988-06-05,Parti communiste français,LEFT_PCF,train,1.0824355,False
EL176_L_1988_06_070_01_1_PF_04,1988-06-05,Front national,FAR_RIGHT_FN,train,1.0824271,False
EL195_L_1993_03_075_17_1_PF_06,1993-03-21,Front national,FAR_RIGHT_FN,train,1.0823671,False
EL198_L_1993_03_092_06_1_PF_03,1993-03-21,Rassemblement pour la République;Union pour la démocratie française;Centre national des indépendants,RIGHT_UPF,train,1.0823061,False
EL135_L_1981_06_062_08_1_PF_01,1981-06-14,Parti communiste français,LEFT_PCF,train,1.0822006,False
EL135_L_1981_06_037_04_1_PF_03,1981-06-14,Parti socialiste,LEFT_PS,test,1.0821654,False
EL137_L_1981_06_076_07_1_PF_03,1981-06-14,Parti communiste français,LEFT_PCF,train,1.0821618,False
EL174_L_1988_06_006_08_1_PF_05,1988-06-05,Parti communiste français,LEFT_PCF,test,1.0821292,False
EL136_L_1981_06_069_13_1_PF_03,1981-06-14,Parti communiste français,LEFT_PCF,train,1.0821041,False
EL134_L_1981_06_011_01_1_PF_02,1981-06-14,Parti communiste français,LEFT_PCF,train,1.0820967,False
EL134_L_1981_06_002_03_1_PF_03,1981-06-14,Parti socialiste,LEFT_PS,train,1.0820869,False
EL194_L_1993_03_066_02_1_PF_05,1993-03-21,Génération écologie;Verts,ECO,train,1.0820271,False
EL134_L_1981_06_024_04_1_PF_01,1981-06-14,Parti communiste français,LEFT_PCF,train,1.0819942,False
EL135_L_1981_06_063_04_1_PF_02,1981-06-14,Parti communiste français,LEFT_PCF,test,1.0819926,False
EL197_L_1993_03_091_09_1_PF_06,1993-03-21,Parti communiste français,LEFT_PCF,train,1.0819176,False
EL190_L_1993_03_029_05_1_PF_03,1993-03-21,Verts;Génération écologie,ECO,test,1.0819093,False
EL135_L_1981_06_061_03_1_PF_05,1981-06-14,Rassemblement pour la République,RIGHT_RPR,train,1.0818096,False
EL136_L_1981_06_074_02_1_PF_02,1981-06-14,Parti communiste français,LEFT_PCF,train,1.0817873,False
EL177_L_1988_06_076_08_1_PF_04,1988-06-05,Front national,FAR_RIGHT_FN,train,1.0817659,False
EL189_L_1993_03_001_04_2_PF_01,1993-03-28,Union pour la démocratie française;Rassemblement pour la République;Centre national des indépendants et paysans,RIGHT_UPF,train,1.0817591,False
EL135_L_1981_06_059_04_1_PF_04,1981-06-14,Parti communiste français,LEFT_PCF,train,1.0817384,False
EL193_L_1993_03_061_01_1_PF_01,1993-03-21,Rassemblement pour la République,RIGHT_RPR,train,1.0817329,False
EL191_L_1993_03_037_02_2_PF_01,1993-03-28,Union pour la démocratie française;Rassemblement pour la République,RIGHT_UPF,train,1.0816857,False
EL135_L_1981_06_049_04_1_PF_03,1981-06-14,Union pour la démocratie française,RIGHT_UDF,test,1.0816098,False
EL177_L_1988_06_080_06_2_PF_02,1988-06-12,Rassemblement pour la République;Union pour la démocratie française,RIGHT_URC,train,1.0814954,False
EL134_L_1981_06_014_01_1_PF_02,1981-06-14,Parti socialiste unifié,LEFT_PS,train,1.0814635,False
EL136_L_1981_06_075_15_1_PF_02,1981-06-14,Parti socialiste unifié,LEFT_PS,train,1.0814313,False
EL193_L_1993_03_059_03_2_PF_02,1993-03-28,Rassemblement pour la République;Union pour la démocratie française;Centre national des indépendants,RIGHT_UPF,train,1.0812461,False
EL136_L_1981_06_075_31_1_PF_07,1981-06-14,Lutte ouvrière,FAR_LEFT,train,1.0811597,False
EL174_L_1988_06_021_01_1_PF_04,1988-06-05,Parti communiste français,LEFT_PCF,test,1.0811323,False
EL176_L_1988_06_062_06_1_PF_01,1988-06-05,Parti socialiste,LEFT_PS,train,1.0810909,False
EL190_L_1993_03_022_03_1_PF_02,1993-03-21,Parti socialiste,LEFT_PS,train,1.0810543,False
EL175_L_1988_06_051_01_1_PF_04,1988-06-05,Centre national des indépendants et paysans;Rassemblement pour la République;Union pour la démocratie française,RIGHT_URC,train,1.0810034,False
EL197_L_1993_03_084_03_1_PF_06,1993-03-21,Rassemblement pour la République;Union pour la démocratie française;Centre national des indépendants,RIGHT_UPF,train,1.0810028,False
EL195_L_1993_03_074_01_1_PF_04,1993-03-21,Union pour la démocratie française;Parti républicain,RIGHT_UDF,train,1.080994,False
EL197_L_1993_03_091_05_1_PF_09,1993-03-21,Union pour la démocratie française;Rassemblement pour la République,RIGHT_UPF,test,1.0808446,False
EL194_L_1993_03_067_01_2_PF_01,1993-03-28,Union pour la démocratie française,RIGHT_UDF,train,1.0808135,False
EL198_L_1993_03_092_06_1_PF_01,1993-03-21,Parti communiste français,LEFT_PCF,train,1.0806905,False
EL194_L_1993_03_068_05_1_PF_10,1993-03-21,Lutte ouvrière,FAR_LEFT,train,1.0806575,False
EL191_L_1993_03_031_08_1_PF_08,1993-03-21,Parti communiste français,LEFT_PCF,train,1.0805798,False
EL192_L_1993_03_044_08_1_PF_05,1993-03-21,Parti socialiste,LEFT_PS,train,1.0805458,False
EL189_L_1993_03_006_05_1_PF_05,1993-03-21,Parti communiste français,LEFT_PCF,train,1.0805035,False
EL136_L_1981_06_067_07_1_PF_01,1981-06-14,Parti communiste français,LEFT_PCF,train,1.0804596,False
EL137_L_1981_06_078_08_1_PF_03,1981-06-14,Parti socialiste unifié,LEFT_PS,train,1.0804353,False
EL174_L_1988_06_014_04_1_PF_04,1988-06-05,Parti socialiste,LEFT_PS,train,1.080433,False
EL174_L_1988_06_013_14_1_PF_04,1988-06-05,Union pour la démocratie française;Rassemblement pour la République,RIGHT_URC,train,1.0803658,False
EL135_L_1981_06_056_04_1_PF_02,1981-06-14,Parti socialiste,LEFT_PS,test,1.0803177,False
EL135_L_1981_06_054_01_2_PF_02,1981-06-21,Union pour la démocratie française;Rassemblement pour la République;Centre national des indépendants et paysans;Parti républicain;Centre des démocrates sociaux;Parti radical-socialiste,LEFT_PS,train,1.0802985,False
EL134_L_1981_06_013_06_1_PF_01,1981-06-14,Union pour la démocratie française,RIGHT_UDF,train,1.0802917,False
EL191_L_1993_03_031_08_1_PF_09,1993-03-21,Front national,FAR_RIGHT_FN,train,1.0802423,False
EL137_L_1981_06_080_02_1_PF_03,1981-06-14,Union pour la démocratie française,RIGHT_UDF,train,1.0801933,False
EL190_L_1993_03_016_04_1_PF_06,1993-03-21,Solidarité écologie gauche alternative,ECO,train,1.0801563,False
EL134_L_1981_06_014_03_1_PF_03,1981-06-14,Parti socialiste,LEFT_PS,test,1.0800548,False
EL135_L_1981_06_054_06_1_PF_02,1981-06-14,Parti communiste français,LEFT_PCF,train,1.0798532,False
EL134_L_1981_06_009_01_1_PF_02,1981-06-14,Rassemblement pour la République,RIGHT_RPR,train,1.0798435,False
EL174_L_1988_06_013_11_1_PF_03,1988-06-05,Rassemblement pour la République;Union pour la démocratie française,RIGHT_URC,train,1.0798087,False
EL191_L_1993_03_035_03_1_PF_03,1993-03-21,Parti communiste français,LEFT_PCF,train,1.0798078,False
EL189_L_1993_03_002_01_1_PF_03,1993-03-21,Parti socialiste,LEFT_PS,train,1.0797433,False
EL194_L_1993_03_069_14_1_PF_09,1993-03-21,Front national,FAR_RIGHT_FN,train,1.0796336,False
EL134_L_1981_06_008_01_1_PF_04,1981-06-14,Rassemblement pour la République,RIGHT_RPR,train,1.0796158,False
EL134_L_1981_06_035_03_1_PF_01,1981-06-14,Centre des démocrates sociaux;Union pour la démocratie française;Rassemblement pour la République,RIGHT_UNM,train,1.0796143,False
EL195_L_1993_03_075_04_1_PF_04,1993-03-21,Front national,FAR_RIGHT_FN,train,1.0794946,False
EL136_L_1981_06_067_04_1_PF_01,1981-06-14,Parti communiste français,LEFT_PCF,train,1.079397,False
EL195_L_1993_03_072_03_1_PF_04,1993-03-21,Parti communiste français,LEFT_PCF,train,1.0793949,False
EL137_L_1981_06_086_01_1_PF_04,1981-06-14,Parti communiste français,LEFT_PCF,train,1.0793751,False
EL190_L_1993_03_017_05_1_PF_02,1993-03-21,Parti socialiste;Mouvement des radicaux de gauche,LEFT_PS,train,1.0793612,False
EL177_L_1988_06_093_03_1_PF_04,1988-06-05,Union pour la démocratie française,RIGHT_UDF,train,1.0793519,False
EL175_L_1988_06_051_05_2_PF_02,1988-06-12,Rassemblement pour la République;Union pour la démocratie française,RIGHT_URC,train,1.0792251,False
EL190_L_1993_03_025_05_1_PF_02,1993-03-21,Parti communiste français,LEFT_PCF,test,1.0791702,False
EL190_L_1993_03_023_02_1_PF_03,1993-03-21,Parti socialiste,LEFT_PS,train,1.078953,False
EL135_L_1981_06_059_21_1_PF_04,1981-06-14,Démocrate socialiste;Union pour la démocratie française,LEFT_PS,train,1.0789421,False
EL135_L_1981_06_062_01_1_PF_03,1981-06-14,Parti communiste français,LEFT_PCF,train,1.0789176,False
EL176_L_1988_06_067_08_1_PF_01,1988-06-05,Union pour la démocratie française;Rassemblement pour la République,RIGHT_URC,train,1.0788916,False
EL198_L_1993_03_092_10_1_PF_01,1993-03-21,Verts;Génération écologie,ECO,train,1.0788761,False
EL176_L_1988_06_060_07_2_PF_02,1988-06-12,Union pour la démocratie française;Rassemblement pour la République,RIGHT_URC,train,1.0788691,False
EL135_L_1981_06_050_05_1_PF_01,1981-06-14,Parti socialiste,LEFT_PS,train,1.0788219,False
EL191_L_1993_03_035_03_1_PF_08,1993-03-21,Union pour la démocratie française;Rassemblement pour la République,RIGHT_UPF,train,1.0788158,False
EL136_L_1981_06_069_11_1_PF_01,1981-06-14,Lutte ouvrière,FAR_LEFT,train,1.0787443,False
EL175_L_1988_06_038_02_2_PF_02,1988-06-12,Rassemblement pour la République;Union pour la démocratie française;Parti radical-socialiste,LEFT_PS,train,1.0787256,False
EL135_L_1981_06_059_15_1_PF_04,1981-06-14,Rassemblement pour la République,RIGHT_RPR,train,1.0786923,False
EL196_L_1993_03_078_01_2_PF_02,1993-03-28,Parti socialiste,LEFT_PS,test,1.0786363,False
EL174_L_1988_06_027_05_1_PF_02,1988-06-05,Rassemblement pour la République;Union pour la démocratie française;Centre national des indépendants et paysans,RIGHT_URC,train,1.0786217,False
EL175_L_1988_06_033_06_1_PF_03,1988-06-05,Parti communiste français,LEFT_PCF,train,1.0786102,False
EL137_L_1981_06_087_02_1_PF_02,1981-06-14,Parti communiste français,LEFT_PCF,train,1.0785986,False
EL174_L_1988_06_021_03_1_PF_03,1988-06-05,Parti communiste français,LEFT_PCF,train,1.0785655,False
EL175_L_1988_06_051_06_1_PF_01,1988-06-05,Parti communiste français,LEFT_PCF,test,1.0785191,False
EL177_L_1988_06_089_03_1_PF_01,1988-06-05,Rassemblement pour la République;Union pour la démocratie française,RIGHT_URC,train,1.0784951,False
EL177_L_1988_06_089_02_1_PF_04,1988-06-05,Parti communiste français,LEFT_PCF,train,1.0784179,False
EL175_L_1988_06_034_03_1_PF_03,1988-06-05,Rassemblement pour la République;Union pour la démocratie française;Centre national des indépendants et paysans,RIGHT_URC,train,1.0783583,False
EL192_L_1993_03_047_02_1_PF_01,1993-03-21,Front national,FAR_RIGHT_FN,train,1.0782713,False
EL176_L_1988_06_066_01_1_PF_01,1988-06-05,Parti communiste français,LEFT_PCF,train,1.0782136,False
EL194_L_1993_03_067_01_1_PF_09,1993-03-21,Front national,FAR_RIGHT_FN,train,1.0780702,False
EL176_L_1988_06_069_02_1_PF_03,1988-06-05,Union pour la démocratie française;Rassemblement pour la République,RIGHT_URC,train,1.0780624,False
EL177_L_1988_06_079_02_1_PF_02,1988-06-05,Parti socialiste,LEFT_PS,test,1.0780562,False
EL135_L_1981_06_044_03_1_PF_05,1981-06-14,Rassemblement pour la République,RIGHT_RPR,train,1.077943,False
EL137_L_1981_06_095_02_1_PF_03,1981-06-14,Parti socialiste unifié,LEFT_PS,train,1.0779381,False
EL177_L_1988_06_095_01_1_PF_01,1988-06-05,Mouvement des radicaux de gauche;Démocrates de progrès,LEFT_PS,train,1.0779268,False
EL135_L_1981_06_054_05_1_PF_02,1981-06-14,Parti communiste français,LEFT_PCF,train,1.077875,False
EL134_L_1981_06_029_03_1_PF_04,1981-06-14,Rassemblement pour la République;Union pour la démocratie française,RIGHT_UNM,test,1.0778626,False
EL174_L_1988_06_021_02_1_PF_06,1988-06-05,Mouvement des radicaux de gauche,LEFT_PS,train,1.0778432,False
EL197_L_1993_03_091_06_1_PF_05,1993-03-21,Union pour la démocratie française,RIGHT_UDF,train,1.0778272,False
EL137_L_1981_06_095_04_1_PF_04,1981-06-14,Parti socialiste,LEFT_PS,train,1.077752,False
EL135_L_1981_06_059_05_1_PF_03,1981-06-14,Parti communiste français,LEFT_PCF,train,1.077721,False
EL198_L_1993_03_093_06_1_PF_06,1993-03-21,Verts;Génération écologie,ECO,test,1.077594,False
EL134_L_1981_06_012_02_1_PF_04,1981-06-14,Parti socialiste unifié,LEFT_PS,train,1.0774993,False
EL174_L_1988_06_028_01_1_PF_01,1988-06-05,Parti communiste français,LEFT_PCF,train,1.077481,False
EL190_L_1993_03_018_01_1_PF_05,1993-03-21,Union pour la démocratie française,RIGHT_UDF,train,1.0774739,False
EL177_L_1988_06_094_05_1_PF_05,1988-06-05,Centre national des indépendants et paysans;Rassemblement pour la République;Union pour la démocratie française,RIGHT_URC,train,1.0774348,False
EL135_L_1981_06_053_01_1_PF_04,1981-06-14,Union pour la démocratie française;Rassemblement pour la République;Parti républicain,RIGHT_UNM,train,1.0773848,False
EL194_L_1993_03_065_03_1_PF_06,1993-03-21,Front national,FAR_RIGHT_FN,train,1.0772294,False
EL134_L_1981_06_002_02_2_PF_02,1981-06-21,Union pour la démocratie française,RIGHT_UDF,train,1.0771931,False
EL177_L_1988_06_094_03_1_PF_03,1988-06-05,Union gaulliste pour la démocratie;Centre national des indépendants et paysans;Rassemblement pour la République;Union pour la démocratie française,RIGHT_URC,train,1.077031,False
EL134_L_1981_06_022_03_1_PF_04,1981-06-14,Parti socialiste unifié;Union démocratique bretonne,LEFT_PS,train,1.0770103,False
EL195_L_1993_03_074_03_1_PF_04,1993-03-21,Verts;Génération écologie,ECO,train,1.0769874,False
EL136_L_1981_06_072_04_1_PF_01,1981-06-14,Parti socialiste,LEFT_PS,train,1.0769864,False
EL137_L_1981_06_093_05_2_PF_01,1981-06-21,Parti socialiste;Mouvement des radicaux de gauche,LEFT_PS,test,1.076975,False
EL196_L_1993_03_078_09_1_PF_01,1993-03-21,Union pour la démocratie française;Rassemblement pour la République,RIGHT_UPF,test,1.0769721,False
EL177_L_1988_06_083_01_1_PF_07,1988-06-05,Front national,FAR_RIGHT_FN,train,1.0769142,False
EL174_L_1988_06_02B_02_1_PF_04,1988-06-05,Front national,FAR_RIGHT_FN,train,1.0769112,False
EL135_L_1981_06_057_05_1_PF_01,1981-06-14,Parti socialiste,LEFT_PS,train,1.0768844,False
EL135_L_1981_06_045_01_2_PF_01,1981-06-21,Union pour la démocratie française;Rassemblement pour la République,RIGHT_UNM,test,1.076879,False
EL190_L_1993_03_02B_02_1_PF_08,1993-03-21,Union pour la démocratie française;Rassemblement pour la République;centristes,RIGHT_UPF,train,1.0768224,False
EL134_L_1981_06_023_02_1_PF_01,1981-06-14,Parti communiste français,LEFT_PCF,train,1.0765358,False
EL135_L_1981_06_054_03_1_PF_03,1981-06-14,Parti socialiste,LEFT_PS,train,1.0765052,False
EL175_L_1988_06_042_05_1_PF_02,1988-06-05,Parti socialiste;Mouvement des radicaux de gauche,LEFT_PS,train,1.0763226,False
EL177_L_1988_06_092_11_1_PF_04,1988-06-05,Parti communiste français,LEFT_PCF,test,1.076302,False
EL198_L_1993_03_092_10_2_PF_01,1993-03-28,Rassemblement pour la République;Union pour la démocratie française,RIGHT_UPF,train,1.0762575,False
EL198_L_1993_03_095_03_1_PF_01,1993-03-21,Parti communiste français,LEFT_PCF,test,1.0762256,False
EL191_L_1993_03_031_08_1_PF_03,1993-03-21,Parti socialiste,LEFT_PS,train,1.0762181,False
EL195_L_1993_03_075_05_1_PF_07,1993-03-21,Verts;Génération écologie,ECO,train,1.0761755,False
EL136_L_1981_06_075_28_2_PF_02,1981-06-21,Parti socialiste,LEFT_PS,train,1.0761153,False
EL134_L_1981_06_013_11_1_PF_03,1981-06-14,Parti socialiste,LEFT_PS,test,1.0759689,False
EL134_L_1981_06_035_06_1_PF_04,1981-06-14,Rassemblement pour la République;Parti républicain;Centre des démocrates sociaux;Centre national des indépendants;Radicaux,RIGHT_RPR,train,1.0758642,False
EL175_L_1988_06_040_02_1_PF_02,1988-06-05,Parti socialiste,LEFT_PS,train,1.0758423,False
EL134_L_1981_06_025_03_2_PF_01,1981-06-21,Parti socialiste,LEFT_PS,train,1.0758407,False
EL196_L_1993_03_078_03_1_PF_03,1993-03-21,Génération écologie;Verts,ECO,train,1.0757817,False
EL189_L_1993_03_003_03_1_PF_01,1993-03-21,Parti communiste français,LEFT_PCF,train,1.0755905,False
EL189_L_1993_03_010_02_1_PF_05,1993-03-21,Rassemblement pour la République;Union pour la démocratie française,RIGHT_UPF,train,1.0755695,False
EL196_L_1993_03_078_09_1_PF_07,1993-03-21,Front national,FAR_RIGHT_FN,train,1.0755516,False
EL135_L_1981_06_039_01_1_PF_01,1981-06-14,Parti communiste français,LEFT_PCF,test,1.0755343,False
EL198_L_1993_03_092_04_1_PF_04,1993-03-21,Parti socialiste;Mouvement des radicaux de gauche,LEFT_PS,train,1.0754888,False
EL197_L_1993_03_086_01_1_PF_02,1993-03-21,Union pour la démocratie française;Rassemblement pour la République,RIGHT_UPF,test,1.0754154,False
EL136_L_1981_06_069_10_1_PF_05,1981-06-14,Parti socialiste,LEFT_PS,train,1.0753807,False
EL177_L_1988_06_091_01_1_PF_03,1988-06-05,Rassemblement pour la République,RIGHT_RPR,test,1.0753561,False
EL189_L_1993_03_015_01_1_PF_06,1993-03-21,Rassemblement pour la République;Union pour la démocratie française,RIGHT_UPF,train,1.0753511,False
EL191_L_1993_03_031_03_1_PF_05,1993-03-21,Verts;Alliance pour l'écologie et la démocratie,ECO,train,1.0753198,False
EL134_L_1981_06_017_04_1_PF_03,1981-06-14,Rassemblement pour la République;Union pour la démocratie française;Centre national des indépendants et paysans,RIGHT_UNM,train,1.0752307,False
EL194_L_1993_03_069_11_1_PF_03,1993-03-21,Parti communiste français,LEFT_PCF,train,1.0751811,False
EL195_L_1993_03_075_19_2_PF_01,1993-03-28,Rassemblement pour la République;Union pour la démocratie française,RIGHT_UPF,train,1.0751133,False
EL135_L_1981_06_060_03_2_PF_02,1981-06-21,Rassemblement pour la République;Union pour la démocratie française;Centre des démocrates sociaux;Parti républicain;Parti radical-socialiste;Mouvement démocrate socialiste;Clubs Perspectives et réalités;Mouvement des enseignants libéraux;Parti libéral,LEFT_PS,train,1.0751055,False
EL194_L_1993_03_069_07_2_PF_02,1993-03-28,Parti socialiste,LEFT_PS,test,1.0751052,False
EL192_L_1993_03_044_07_1_PF_04,1993-03-21,Parti socialiste,LEFT_PS,test,1.0751007,False
EL134_L_1981_06_021_04_2_PF_02,1981-06-21,Parti socialiste,LEFT_PS,train,1.0750934,False
EL177_L_1988_06_078_10_1_PF_03,1988-06-05,Parti communiste français,LEFT_PCF,test,1.075089,False
EL135_L_1981_06_064_01_1_PF_01,1981-06-14,Parti socialiste,LEFT_PS,train,1.0750232,False
EL175_L_1988_06_036_03_1_PF_01,1988-06-05,Parti socialiste,LEFT_PS,train,1.0749595,False
EL192_L_1993_03_057_01_1_PF_08,1993-03-21,Lutte ouvrière,FAR_LEFT,train,1.0749593,False
EL137_L_1981_06_092_02_2_PF_02,1981-06-21,Parti socialiste,LEFT_PS,test,1.0747427,False
EL136_L_1981_06_069_04_1_PF_01,1981-06-14,Parti socialiste,LEFT_PS,train,1.0747112,False
EL196_L_1993_03_081_03_1_PF_06,1993-03-21,Solidarité écologie gauche alternative,ECO,train,1.0746695,False
EL196_L_1993_03_078_05_1_PF_05,1993-03-21,Génération écologie;Verts,ECO,train,1.0746686,False
EL192_L_1993_03_051_02_1_PF_06,1993-03-21,Union pour la démocratie française,RIGHT_UDF,train,1.0746447,False
EL190_L_1993_03_025_03_1_PF_03,1993-03-21,Parti socialiste,LEFT_PS,train,1.0745958,False
EL137_L_1981_06_078_03_1_PF_01,1981-06-14,Lutte ouvrière,FAR_LEFT,train,1.074558,False
EL174_L_1988_06_013_03_1_PF_04,1988-06-05,Rassemblement pour la République;Union pour la démocratie française,RIGHT_URC,train,1.0744575,False
EL192_L_1993_03_054_06_1_PF_07,1993-03-21,Parti communiste français,LEFT_PCF,train,1.0744022,False
EL193_L_1993_03_060_05_1_PF_06,1993-03-21,Rassemblement pour la République;Union pour la démocratie française,RIGHT_UPF,train,1.0743306,False
EL177_L_1988_06_075_21_1_PF_02,1988-06-05,Mouvement des radicaux de gauche;Parti socialiste;Républicains de progrès,LEFT_PS,test,1.0743179,False
EL136_L_1981_06_075_31_2_PF_02,1981-06-21,Parti socialiste,LEFT_PS,train,1.0740889,False
EL137_L_1981_06_094_02_1_PF_01,1981-06-14,Parti communiste français,LEFT_PCF,train,1.0740856,False
EL136_L_1981_06_071_05_1_PF_04,1981-06-14,Parti socialiste unifié,LEFT_PS,train,1.0740849,False
EL190_L_1993_03_016_02_1_PF_04,1993-03-21,Rassemblement pour la République;Union pour la démocratie française,RIGHT_UPF,train,1.0740609,False
EL190_L_1993_03_018_03_1_PF_04,1993-03-21,Verts;Génération écologie,ECO,test,1.073958,False
EL192_L_1993_03_057_01_1_PF_06,1993-03-21,Rassemblement pour la République;Union pour la démocratie française;Parti radical;Centre des démocrates sociaux;Parti républicain;Moselle debout,RIGHT_UPF,train,1.0739131,False
EL134_L_1981_06_004_01_2_PF_01,1981-06-21,Parti socialiste;Mouvement des radicaux de gauche,LEFT_PS,test,1.0738819,False
EL176_L_1988_06_062_11_2_PF_01,1988-06-12,Parti socialiste,LEFT_PS,test,1.0738646,False
EL136_L_1981_06_075_16_1_PF_02,1981-06-14,Parti socialiste unifié,LEFT_PS,train,1.0738527,False
EL194_L_1993_03_068_04_2_PF_01,1993-03-28,Centre des démocrates sociaux;Union pour la démocratie française;Rassemblement pour la République,RIGHT_UPF,train,1.0738299,False
EL134_L_1981_06_021_04_1_PF_03,1981-06-14,Parti socialiste,LEFT_PS,train,1.0737442,False
EL189_L_1993_03_002_04_1_PF_07,1993-03-21,Front national,FAR_RIGHT_FN,train,1.0736922,False
EL191_L_1993_03_033_09_1_PF_04,1993-03-21,Génération écologie;Verts,ECO,train,1.0735997,False
EL174_L_1988_06_003_01_2_PF_01,1988-06-12,Parti socialiste;Mouvement des radicaux de gauche,LEFT_PS,train,1.0735966,False
EL174_L_1988_06_005_02_1_PF_03,1988-06-05,Rassemblement pour la République;Union pour la démocratie française,RIGHT_URC,train,1.073396,False
EL177_L_1988_06_075_06_2_PF_01,1988-06-12,Mouvement des radicaux de gauche;Parti socialiste;Républicains de progrès,LEFT_PS,train,1.0733695,False
EL134_L_1981_06_033_04_1_PF_01,1981-06-14,Parti socialiste,LEFT_PS,train,1.0732933,False
EL137_L_1981_06_092_03_1_PF_07,1981-06-14,Rassemblement pour la République,RIGHT_RPR,train,1.0732749,False
EL176_L_1988_06_069_06_1_PF_01,1988-06-05,Parti communiste français,LEFT_PCF,train,1.0731674,False
EL193_L_1993_03_059_06_1_PF_04,1993-03-21,Union pour la démocratie française,RIGHT_UDF,train,1.0730668,False
EL176_L_1988_06_064_02_1_PF_03,1988-06-05,Union pour la démocratie française;Rassemblement pour la République,RIGHT_URC,train,1.0729703,False
EL190_L_1993_03_025_02_1_PF_06,1993-03-21,Verts;Génération écologie,ECO,train,1.0729489,False
EL192_L_1993_03_047_01_1_PF_01,1993-03-21,Front national,FAR_RIGHT_FN,train,1.0729262,False
EL176_L_1988_06_073_03_2_PF_02,1988-06-12,Rassemblement pour la République,RIGHT_RPR,train,1.0728849,False
EL192_L_1993_03_051_03_1_PF_04,1993-03-21,Parti communiste français,LEFT_PCF,train,1.0727773,False
EL196_L_1993_03_079_02_1_PF_05,1993-03-21,Front national,FAR_RIGHT_FN,train,1.07274,False
EL177_L_1988_06_091_08_1_PF_03,1988-06-05,Centre national des indépendants et paysans;Rassemblement pour la République;Union pour la démocratie française,RIGHT_URC,train,1.0727221,False
EL135_L_1981_06_060_01_1_PF_03,1981-06-14,Parti socialiste;Mouvement des radicaux de gauche,LEFT_PS,train,1.07264,False
EL191_L_1993_03_033_03_1_PF_09,1993-03-21,Parti communiste français,LEFT_PCF,train,1.0726382,False
EL137_L_1981_06_076_01_1_PF_01,1981-06-14,Lutte ouvrière,FAR_LEFT,train,1.0726011,False
EL137_L_1981_06_092_11_1_PF_05,1981-06-14,Parti socialiste,LEFT_PS,train,1.0725589,False
EL136_L_1981_06_069_09_1_PF_03,1981-06-14,Parti communiste français,LEFT_PCF,train,1.072528,False
EL191_L_1993_03_036_03_1_PF_02,1993-03-21,Parti communiste français,LEFT_PCF,test,1.072491,False
EL177_L_1988_06_091_07_1_PF_03,1988-06-05,Centre national des indépendants et paysans;Rassemblement pour la République;Union pour la démocratie française,RIGHT_URC,train,1.0724856,False
EL135_L_1981_06_059_01_1_PF_03,1981-06-14,Parti socialiste,LEFT_PS,train,1.0724455,False
EL189_L_1993_03_011_02_1_PF_01,1993-03-21,Ecologie les Verts;Génération écologie,ECO,train,1.072391,False
EL198_L_1993_03_094_08_2_PF_01,1993-03-28,Rassemblement pour la République;Union pour la démocratie française,RIGHT_UPF,train,1.0722404,False
EL190_L_1993_03_030_02_2_PF_01,1993-03-28,Union pour la démocratie française,RIGHT_UDF,train,1.0719547,False
EL191_L_1993_03_031_06_1_PF_05,1993-03-21,Front national,FAR_RIGHT_FN,test,1.0719337,False
EL136_L_1981_06_068_05_1_PF_02,1981-06-14,Parti socialiste,LEFT_PS,test,1.0718476,False
EL135_L_1981_06_042_07_1_PF_02,1981-06-14,Parti socialiste,LEFT_PS,train,1.0718311,False
EL190_L_1993_03_025_04_1_PF_01,1993-03-21,Lutte ouvrière,FAR_LEFT,train,1.0717839,False
EL189_L_1993_03_014_04_1_PF_10,1993-03-21,Parti communiste français,LEFT_PCF,train,1.0716934,False
EL136_L_1981_06_071_04_1_PF_01,1981-06-14,Parti socialiste,LEFT_PS,test,1.0716789,False
EL174_L_1988_06_006_01_1_PF_02,1988-06-05,Parti socialiste;Mouvement des radicaux de gauche;Républicains et démocrates de progrès,LEFT_PS,train,1.0716265,False
EL198_L_1993_03_094_05_2_PF_01,1993-03-28,Rassemblement pour la République;Union pour la démocratie française,RIGHT_UPF,train,1.0716064,False
EL197_L_1993_03_086_02_1_PF_02,1993-03-21,Solidarité écologie gauche alternative,ECO,test,1.0715904,False
EL175_L_1988_06_044_01_1_PF_03,1988-06-05,Parti socialiste,LEFT_PS,train,1.0715469,False
EL137_L_1981_06_088_02_1_PF_02,1981-06-14,Parti socialiste;Mouvement des radicaux de gauche,LEFT_PS,train,1.0715109,False
EL191_L_1993_03_035_02_1_PF_04,1993-03-21,Génération écologie;Verts,ECO,train,1.0714915,False
EL135_L_1981_06_064_03_1_PF_01,1981-06-14,Parti communiste français,LEFT_PCF,train,1.0714784,False
EL175_L_1988_06_051_04_2_PF_01,1988-06-12,Parti communiste français,LEFT_PCF,test,1.0714478,False
EL135_L_1981_06_062_10_2_PF_01,1981-06-21,Parti socialiste,LEFT_PS,train,1.0714365,False
EL197_L_1993_03_091_06_1_PF_01,1993-03-21,Génération écologie,ECO,train,1.0714295,False
EL137_L_1981_06_078_05_1_PF_03,1981-06-14,Parti socialiste,LEFT_PS,test,1.071323,False
EL195_L_1993_03_075_14_1_PF_05,1993-03-21,Parti communiste français,LEFT_PCF,train,1.0713086,False
EL175_L_1988_06_038_03_2_PF_01,1988-06-12,Parti socialiste,LEFT_PS,train,1.0712274,False
EL134_L_1981_06_019_02_2_PF_02,1981-06-21,Rassemblement pour la République;Union pour la démocratie française,RIGHT_UNM,train,1.0712242,False
EL191_L_1993_03_042_03_1_PF_08,1993-03-21,Parti socialiste;Mouvement des radicaux de gauche,LEFT_PS,train,1.0711104,False
EL197_L_1993_03_087_01_1_PF_04,1993-03-21,Parti communiste français,LEFT_PCF,train,1.0710807,False
EL134_L_1981_06_031_02_1_PF_02,1981-06-14,Parti socialiste unifié,LEFT_PS,train,1.07107,False
EL194_L_1993_03_069_05_1_PF_06,1993-03-21,Parti communiste français,LEFT_PCF,train,1.071053,False
EL174_L_1988_06_021_01_1_PF_03,1988-06-05,Front national,FAR_RIGHT_FN,train,1.0710046,False
EL194_L_1993_03_069_04_1_PF_04,1993-03-21,Front national,FAR_RIGHT_FN,test,1.0707895,False
EL194_L_1993_03_070_02_1_PF_05,1993-03-21,Front national,FAR_RIGHT_FN,train,1.0707761,False
EL137_L_1981_06_087_03_1_PF_01,1981-06-14,Lutte ouvrière,FAR_LEFT,train,1.0707685,False
EL193_L_1993_03_060_04_1_PF_05,1993-03-21,Rassemblement pour la République;Union pour la démocratie française,RIGHT_UPF,train,1.070757,False
EL175_L_1988_06_049_06_1_PF_05,1988-06-05,Union pour la démocratie française,RIGHT_UDF,train,1.0707539,False
EL134_L_1981_06_022_04_1_PF_05,1981-06-14,Parti socialiste unifié;Union démocratique bretonne,LEFT_PS,train,1.0705745,False
EL192_L_1993_03_046_02_1_PF_06,1993-03-21,Rassemblement pour la République;Union pour la démocratie française,RIGHT_UPF,train,1.070491,False
EL136_L_1981_06_071_02_1_PF_04,1981-06-14,Mouvement des radicaux de gauche,LEFT_PS,train,1.0704863,False
EL192_L_1993_03_054_05_1_PF_05,1993-03-21,Union pour la démocratie française,RIGHT_UDF,train,1.0704654,False
EL190_L_1993_03_026_04_1_PF_06,1993-03-21,Parti communiste français,LEFT_PCF,train,1.0704056,False
EL195_L_1993_03_074_01_1_PF_02,1993-03-21,Verts;Génération écologie,ECO,train,1.0703226,False
EL196_L_1993_03_079_01_2_PF_02,1993-03-28,socialiste,LEFT_PS,train,1.0703125,False
EL190_L_1993_03_026_02_1_PF_04,1993-03-21,Union pour la démocratie française;Rassemblement pour la République,RIGHT_UPF,test,1.0702926,False
EL197_L_1993_03_091_05_1_PF_02,1993-03-21,Parti communiste français,LEFT_PCF,train,1.070197,False
EL176_L_1988_06_061_03_1_PF_01,1988-06-05,Parti communiste français,LEFT_PCF,test,1.0701964,False
EL137_L_1981_06_081_02_1_PF_03,1981-06-14,Parti socialiste,LEFT_PS,train,1.0701576,False
EL176_L_1988_06_065_01_1_PF_01,1988-06-05,Parti communiste français,LEFT_PCF,train,1.0701388,False
EL189_L_1993_03_006_05_1_PF_06,1993-03-21,Verts;Génération écologie,ECO,train,1.0700977,False
EL177_L_1988_06_087_02_1_PF_04,1988-06-05,Front national,FAR_RIGHT_FN,test,1.0700966,False
EL198_L_1993_03_093_04_1_PF_01,1993-03-21,Parti communiste français,LEFT_PCF,train,1.0700487,False
EL176_L_1988_06_059_14_1_PF_02,1988-06-05,Rassemblement pour la République;Union pour la démocratie française;Centre national des indépendants et paysans,RIGHT_URC,test,1.0700454,False
EL196_L_1993_03_078_04_1_PF_01,1993-03-21,Rassemblement pour la République;Union pour la démocratie française,RIGHT_UPF,train,1.0700068,False
EL175_L_1988_06_044_07_1_PF_01,1988-06-05,Parti communiste français,LEFT_PCF,train,1.069904,False
EL136_L_1981_06_075_25_1_PF_01,1981-06-14,Parti socialiste,LEFT_PS,train,1.0698447,False
EL134_L_1981_06_017_02_1_PF_03,1981-06-14,Parti socialiste,LEFT_PS,train,1.0696521,False
EL193_L_1993_03_060_04_2_PF_02,1993-03-28,Front national,FAR_RIGHT_FN,train,1.0695101,False
EL196_L_1993_03_077_05_1_PF_04,1993-03-21,Verts,ECO,train,1.0694655,False
EL134_L_1981_06_033_08_1_PF_03,1981-06-14,Parti communiste français,LEFT_PCF,train,1.0694139,False
EL136_L_1981_06_075_10_1_PF_04,1981-06-14,Parti socialiste unifié,LEFT_PS,train,1.0693489,False
EL135_L_1981_06_060_03_1_PF_04,1981-06-14,Parti socialiste,LEFT_PS,test,1.0693043,False
EL175_L_1988_06_047_02_1_PF_02,1988-06-05,Parti communiste français,LEFT_PCF,train,1.0692685,False
EL134_L_1981_06_025_02_1_PF_05,1981-06-14,Parti socialiste,LEFT_PS,test,1.0692387,False
EL177_L_1988_06_094_05_1_PF_02,1988-06-05,Parti socialiste,LEFT_PS,train,1.0691804,False
EL198_L_1993_03_092_11_1_PF_02,1993-03-21,Front national,FAR_RIGHT_FN,test,1.0691631,False
EL136_L_1981_06_075_01_1_PF_04,1981-06-14,Rassemblement pour la République;Union pour la démocratie française;Centre national des indépendants,RIGHT_UNM,train,1.0691352,False
EL175_L_1988_06_044_03_1_PF_03,1988-06-05,Union pour la démocratie française,RIGHT_UDF,train,1.0691295,False
EL176_L_1988_06_062_11_1_PF_03,1988-06-05,Parti communiste français,LEFT_PCF,train,1.0691247,False
EL190_L_1993_03_016_03_1_PF_06,1993-03-21,Verts;Génération écologie,ECO,train,1.0690812,False
EL192_L_1993_03_050_03_1_PF_11,1993-03-21,Front national,FAR_RIGHT_FN,train,1.0690458,False
EL134_L_1981_06_021_04_1_PF_02,1981-06-14,Mouvement des radicaux de gauche,LEFT_PS,train,1.0689433,False
EL134_L_1981_06_028_03_1_PF_01,1981-06-14,Parti communiste français,LEFT_PCF,train,1.0689291,False
EL189_L_1993_03_005_01_1_PF_04,1993-03-21,Verts,ECO,train,1.068828,False
EL196_L_1993_03_081_03_1_PF_05,1993-03-21,Union pour la démocratie française;Rassemblement pour la République;Parti radical;Parti républicain;Centre des démocrates sociaux,RIGHT_UPF,train,1.0687916,False
EL191_L_1993_03_034_01_2_PF_02,1993-03-28,Parti républicain;Rassemblement pour la République,RIGHT_RPR,train,1.0687789,False
EL193_L_1993_03_063_04_1_PF_05,1993-03-21,Rassemblement pour la République,RIGHT_RPR,train,1.0685855,False
EL134_L_1981_06_013_09_1_PF_04,1981-06-14,Parti communiste français,LEFT_PCF,test,1.0685207,False
EL175_L_1988_06_033_09_1_PF_04,1988-06-05,Parti communiste français,LEFT_PCF,train,1.0684253,False
EL136_L_1981_06_069_11_1_PF_04,1981-06-14,Parti communiste français,LEFT_PCF,train,1.0684171,False
EL137_L_1981_06_076_02_1_PF_03,1981-06-14,Parti socialiste,LEFT_PS,train,1.0684037,False
EL177_L_1988_06_078_04_1_PF_06,1988-06-05,Front national,FAR_RIGHT_FN,train,1.068374,False
EL175_L_1988_06_054_02_1_PF_01,1988-06-05,Front national,FAR_RIGHT_FN,train,1.0682472,False
EL135_L_1981_06_037_04_1_PF_04,1981-06-14,Parti communiste français,LEFT_PCF,train,1.068122,False
EL134_L_1981_06_001_03_2_PF_01,1981-06-21,Parti socialiste,LEFT_PS,train,1.0680698,False
EL192_L_1993_03_052_01_1_PF_04,1993-03-21,Rassemblement pour la République;Union pour la démocratie française,RIGHT_UPF,train,1.0680561,False
EL134_L_1981_06_031_03_1_PF_06,1981-06-14,Parti socialiste,LEFT_PS,test,1.0679867,False
EL191_L_1993_03_035_03_1_PF_09,1993-03-21,Front national,FAR_RIGHT_FN,train,1.0679653,False
EL174_L_1988_06_025_05_1_PF_03,1988-06-05,Rassemblement pour la République;Union pour la démocratie française,RIGHT_URC,test,1.0678967,False
EL135_L_1981_06_050_04_1_PF_01,1981-06-14,Rassemblement pour la République,RIGHT_RPR,train,1.0678859,False
EL137_L_1981_06_076_10_1_PF_03,1981-06-14,Rassemblement pour la République,RIGHT_RPR,train,1.067843,False
EL135_L_1981_06_059_12_1_PF_01,1981-06-14,Union pour la démocratie française;Rassemblement pour la République,RIGHT_UNM,train,1.06783,False
EL195_L_1993_03_071_01_1_PF_03,1993-03-21,Parti socialiste,LEFT_PS,train,1.0678036,False
EL190_L_1993_03_025_01_1_PF_06,1993-03-21,Solidarité écologie gauche alternative,ECO,test,1.0677909,False
EL134_L_1981_06_008_03_2_PF_02,1981-06-21,Parti socialiste,LEFT_PS,train,1.0677222,False
EL192_L_1993_03_045_05_1_PF_04,1993-03-21,Ligue communiste révolutionnaire,FAR_LEFT,train,1.0676956,False
EL136_L_1981_06_073_03_1_PF_01,1981-06-14,Parti socialiste;Mouvement des radicaux de gauche,LEFT_PS,train,1.0676941,False
EL190_L_1993_03_030_05_1_PF_07,1993-03-21,Front national,FAR_RIGHT_FN,train,1.067658,False
EL137_L_1981_06_076_01_1_PF_02,1981-06-14,Parti socialiste unifié,LEFT_PS,train,1.0676202,False
EL134_L_1981_06_028_02_1_PF_04,1981-06-14,Rassemblement pour la République,RIGHT_RPR,test,1.0674975,False
EL135_L_1981_06_042_05_1_PF_04,1981-06-14,Union pour la démocratie française,RIGHT_UDF,train,1.0673835,False
EL175_L_1988_06_033_02_1_PF_02,1988-06-05,Parti communiste français,LEFT_PCF,test,1.0672908,False
EL197_L_1993_03_087_02_1_PF_01,1993-03-21,Ecologie les Verts;Génération écologie,ECO,train,1.0672015,False
EL176_L_1988_06_062_01_1_PF_01,1988-06-05,Mouvement des radicaux de gauche;Parti socialiste,LEFT_PS,train,1.0671593,False
EL192_L_1993_03_054_04_1_PF_01,1993-03-21,Verts,ECO,train,1.0670736,False
EL189_L_1993_03_006_07_2_PF_02,1993-03-28,Union pour la démocratie française,RIGHT_UDF,train,1.0670016,False
EL190_L_1993_03_029_05_1_PF_04,1993-03-21,Rassemblement pour la République;Union pour la démocratie française,RIGHT_UPF,train,1.0669206,False
EL137_L_1981_06_077_02_2_PF_02,1981-06-21,Rassemblement pour la République;Union pour la démocratie française,RIGHT_UNM,train,1.0669144,False
EL136_L_1981_06_075_16_2_PF_02,1981-06-21,Parti socialiste,LEFT_PS,train,1.0668886,False
EL134_L_1981_06_003_04_1_PF_02,1981-06-14,Parti communiste français,LEFT_PCF,train,1.0668788,False
EL135_L_1981_06_052_01_1_PF_03,1981-06-14,Socialiste,LEFT_PS,train,1.0668697,False
EL198_L_1993_03_095_01_1_PF_06,1993-03-21,Rassemblement pour la République;Union pour la démocratie française,RIGHT_UPF,train,1.0668685,False
EL136_L_1981_06_074_02_2_PF_02,1981-06-21,Parti socialiste,LEFT_PS,test,1.0668178,False
EL137_L_1981_06_094_05_1_PF_03,1981-06-14,Parti communiste français,LEFT_PCF,train,1.0667762,False
EL193_L_1993_03_060_03_1_PF_04,1993-03-21,Parti socialiste;Mouvement des radicaux de gauche,LEFT_PS,train,1.0667366,False
EL177_L_1988_06_075_09_2_PF_02,1988-06-12,Rassemblement pour la République;Union pour la démocratie française,RIGHT_URC,train,1.0666186,False
EL189_L_1993_03_011_02_1_PF_02,1993-03-21,Parti socialiste,LEFT_PS,train,1.0663974,False
EL134_L_1981_06_033_09_1_PF_01,1981-06-14,Parti socialiste,LEFT_PS,train,1.0663617,False
EL176_L_1988_06_069_07_1_PF_04,1988-06-05,Verts,ECO,train,1.0661862,False
EL191_L_1993_03_037_04_1_PF_03,1993-03-21,Front national,FAR_RIGHT_FN,train,1.0661374,False
EL137_L_1981_06_088_02_1_PF_01,1981-06-14,Parti communiste français,LEFT_PCF,train,1.0660589,False
EL136_L_1981_06_075_17_1_PF_06,1981-06-14,Parti socialiste,LEFT_PS,train,1.0660509,False
EL135_L_1981_06_059_03_2_PF_01,1981-06-21,Rassemblement pour la République;Union pour la démocratie française;Centre des démocrates sociaux;Parti républicain;Parti radical;Mouvement des jeunes giscardiens;Centre national des indépendants;Parti libéral;Démocratie chrétienne,RIGHT_UNM,test,1.0660424,False
EL190_L_1993_03_017_04_1_PF_01,1993-03-21,Parti communiste français,LEFT_PCF,train,1.0660255,False
EL193_L_1993_03_062_11_1_PF_02,1993-03-21,Parti communiste français,LEFT_PCF,train,1.0659451,False
EL174_L_1988_06_013_15_2_PF_01,1988-06-12,Parti socialiste,LEFT_PS,train,1.0659128,False
EL177_L_1988_06_078_05_1_PF_03,1988-06-05,Parti communiste français,LEFT_PCF,train,1.0659113,False
EL176_L_1988_06_067_03_2_PF_02,1988-06-12,Union pour la démocratie française;Rassemblement pour la République,RIGHT_URC,train,1.0658761,False
EL189_L_1993_03_007_01_1_PF_04,1993-03-21,Rassemblement pour la République;Union pour la démocratie française,RIGHT_UPF,train,1.0655673,False
EL190_L_1993_03_029_05_1_PF_05,1993-03-21,Front national,FAR_RIGHT_FN,train,1.0655595,False
EL195_L_1993_03_072_01_2_PF_01,1993-03-28,Rassemblement pour la République;Union pour la démocratie française,RIGHT_UPF,train,1.0652668,False
EL137_L_1981_06_094_06_1_PF_01,1981-06-14,Rassemblement pour la République;Union pour la démocratie française;Centre national des indépendants;Centre des démocrates sociaux;Parti républicain;Parti radical;Union travailliste;Collège pour une société de participation;Union des jeunes pour le progrès;Centre féminin d'études et d'information,RIGHT_UNM,train,1.06523,False
EL177_L_1988_06_092_13_1_PF_01,1988-06-05,Rassemblement pour la République,RIGHT_RPR,train,1.0652153,False
EL190_L_1993_03_025_02_1_PF_04,1993-03-21,Solidarité écologie gauche alternative,ECO,train,1.0651766,False
EL137_L_1981_06_094_01_1_PF_01,1981-06-14,Parti communiste français,LEFT_PCF,train,1.0650973,False
EL189_L_1993_03_009_02_1_PF_02,1993-03-21,Union pour la démocratie française;Rassemblement pour la République,RIGHT_UPF,train,1.065039,False
EL198_L_1993_03_092_13_1_PF_01,1993-03-21,Parti communiste français,LEFT_PCF,train,1.0648888,False
EL197_L_1993_03_089_03_1_PF_03,1993-03-21,Parti socialiste,LEFT_PS,test,1.0648788,False
EL137_L_1981_06_076_08_1_PF_04,1981-06-14,Rassemblement pour la République,RIGHT_RPR,test,1.0648624,False
EL177_L_1988_06_075_03_1_PF_07,1988-06-05,Front national,FAR_RIGHT_FN,train,1.064845,False
EL135_L_1981_06_059_11_1_PF_01,1981-06-14,Lutte ouvrière,FAR_LEFT,train,1.0647992,False
EL174_L_1988_06_017_05_2_PF_01,1988-06-12,Parti socialiste,LEFT_PS,train,1.0647911,False
EL175_L_1988_06_052_01_2_PF_01,1988-06-12,Rassemblement pour la République;Union pour la démocratie française,RIGHT_URC,train,1.0647893,False
EL177_L_1988_06_080_01_1_PF_03,1988-06-05,Parti communiste français,LEFT_PCF,train,1.0647632,False
EL194_L_1993_03_069_07_1_PF_08,1993-03-21,Front national,FAR_RIGHT_FN,test,1.0644683,False
EL177_L_1988_06_076_05_1_PF_02,1988-06-05,Parti socialiste;Mouvement des radicaux de gauche,LEFT_PS,train,1.0644152,False
EL190_L_1993_03_022_01_1_PF_01,1993-03-21,Union pour la démocratie française;Rassemblement pour la République,RIGHT_UPF,test,1.064314,False
EL176_L_1988_06_059_18_1_PF_03,1988-06-05,Rassemblement pour la République;Union pour la démocratie française;Centre national des indépendants et paysans,RIGHT_URC,train,1.0642158,False
EL177_L_1988_06_078_06_1_PF_01,1988-06-05,Centre national des indépendants et paysans;Rassemblement pour la République;Union pour la démocratie française,RIGHT_URC,train,1.0641792,False
EL189_L_1993_03_008_02_1_PF_10,1993-03-21,Nouveaux écologistes du rassemblement nature et animaux,ECO,train,1.064107,False
EL191_L_1993_03_042_07_1_PF_09,1993-03-21,Nouveaux écologistes du rassemblement nature et animaux;Union nationale écologiste;Parti pour la défense des animaux;Mouvement universaliste,ECO,train,1.064107,False
EL198_L_1993_03_094_09_1_PF_12,1993-03-21,Nouveaux écologistes du rassemblement nature et animaux,ECO,test,1.064107,False
EL193_L_1993_03_062_09_1_PF_08,1993-03-21,Nouveaux écologistes du rassemblement nature et animaux,ECO,train,1.064107,False
EL196_L_1993_03_076_01_1_PF_11,1993-03-21,Nouveaux écologistes du rassemblement nature et animaux,ECO,train,1.064107,False
EL193_L_1993_03_062_08_1_PF_07,1993-03-21,Nouveaux écologistes du rassemblement nature et animaux,ECO,train,1.064107,False
EL136_L_1981_06_075_02_1_PF_02,1981-06-14,Parti socialiste unifié,LEFT_PS,test,1.0641011,False
EL137_L_1981_06_076_10_1_PF_01,1981-06-14,Parti communiste français,LEFT_PCF,train,1.0640733,False
EL194_L_1993_03_068_02_2_PF_02,1993-03-28,Union pour la démocratie française;Rassemblement pour la République,RIGHT_UPF,test,1.0640377,False
EL177_L_1988_06_080_01_2_PF_01,1988-06-12,Parti socialiste,LEFT_PS,test,1.0640093,False
EL190_L_1993_03_029_03_1_PF_02,1993-03-21,Parti communiste français,LEFT_PCF,train,1.0639975,False
EL197_L_1993_03_085_03_2_PF_01,1993-03-28,Union pour la démocratie française;Rassemblement pour la République,RIGHT_UPF,train,1.0639738,False
EL190_L_1993_03_022_02_1_PF_04,1993-03-21,Front national,FAR_RIGHT_FN,train,1.0639621,False
EL192_L_1993_03_050_03_1_PF_02,1993-03-21,Parti socialiste,LEFT_PS,train,1.0638795,False
EL189_L_1993_03_015_02_1_PF_04,1993-03-21,Ecologie les Verts,ECO,train,1.0638695,False
EL135_L_1981_06_042_05_1_PF_01,1981-06-14,Parti communiste français,LEFT_PCF,train,1.0638117,False
EL174_L_1988_06_025_05_2_PF_02,1988-06-12,Rassemblement pour la République;Union pour la démocratie française,RIGHT_URC,test,1.0637861,False
EL134_L_1981_06_015_01_2_PF_01,1981-06-21,Parti socialiste,LEFT_PS,train,1.0637659,False
EL190_L_1993_03_023_01_1_PF_04,1993-03-21,Parti socialiste,LEFT_PS,train,1.0637143,False
EL175_L_1988_06_035_07_1_PF_01,1988-06-05,Parti communiste français,LEFT_PCF,train,1.0636927,False
EL136_L_1981_06_075_14_1_PF_07,1981-06-14,Union pour la démocratie française,RIGHT_UDF,train,1.0636146,False
EL174_L_1988_06_019_03_1_PF_03,1988-06-05,Parti communiste français,LEFT_PCF,train,1.0635574,False
EL189_L_1993_03_008_01_2_PF_01,1993-03-28,Union pour la démocratie française;Rassemblement pour la République,RIGHT_UPF,test,1.0634288,False
EL194_L_1993_03_066_04_1_PF_05,1993-03-21,Génération écologie;Verts,ECO,train,1.063375,False
EL137_L_1981_06_094_03_1_PF_02,1981-06-14,Parti socialiste,LEFT_PS,test,1.063369,False
EL190_L_1993_03_030_01_1_PF_02,1993-03-21,Solidarité écologie gauche alternative,ECO,train,1.0633521,False
EL135_L_1981_06_048_01_1_PF_05,1981-06-14,Parti socialiste unifié;Mouvement pour une alternative non-violente;Mouvement pour le désarmement la paix la liberté;Comité Larzac,LEFT_PS,train,1.0633448,False
EL177_L_1988_06_076_07_1_PF_02,1988-06-05,Parti communiste français,LEFT_PCF,train,1.0633155,False
EL189_L_1993_03_006_09_1_PF_02,1993-03-21,Verts;Génération écologie,ECO,train,1.0632653,False
EL197_L_1993_03_087_01_2_PF_01,1993-03-28,Rassemblement pour la République;Union pour la démocratie française,RIGHT_UPF,train,1.0632519,False
EL192_L_1993_03_057_08_1_PF_02,1993-03-21,Parti communiste français,LEFT_PCF,test,1.0632379,False
EL175_L_1988_06_044_02_1_PF_02,1988-06-05,Parti socialiste,LEFT_PS,train,1.0632155,False
EL136_L_1981_06_072_01_2_PF_01,1981-06-21,Parti socialiste,LEFT_PS,train,1.0631592,False
EL191_L_1993_03_038_02_1_PF_03,1993-03-21,Parti socialiste,LEFT_PS,test,1.0629555,False
EL197_L_1993_03_084_02_2_PF_01,1993-03-28,Front national,FAR_RIGHT_FN,test,1.0629442,False
EL135_L_1981_06_036_02_1_PF_01,1981-06-14,Parti socialiste,LEFT_PS,train,1.0628833,False
EL134_L_1981_06_003_01_1_PF_01,1981-06-14,Rassemblement pour la République,RIGHT_RPR,train,1.0628188,False
EL177_L_1988_06_078_09_1_PF_03,1988-06-05,Parti communiste français,LEFT_PCF,train,1.0627872,False
EL192_L_1993_03_045_04_1_PF_06,1993-03-21,Verts;Génération écologie,ECO,train,1.0627323,False
EL136_L_1981_06_075_12_2_PF_01,1981-06-21,Parti socialiste,LEFT_PS,test,1.0626947,False
EL194_L_1993_03_067_05_1_PF_04,1993-03-21,Génération écologie;Verts,ECO,train,1.062566,False
EL135_L_1981_06_063_02_1_PF_04,1981-06-14,Mouvement des radicaux de gauche,LEFT_PS,train,1.0624354,False
EL176_L_1988_06_070_03_1_PF_01,1988-06-05,Front national,FAR_RIGHT_FN,train,1.0624138,False
EL175_L_1988_06_042_01_2_PF_03,1988-06-12,Rassemblement pour la République;Union pour la démocratie française,RIGHT_URC,train,1.062375,False
EL176_L_1988_06_057_02_1_PF_01,1988-06-05,Parti socialiste,LEFT_PS,train,1.0623417,False
EL196_L_1993_03_077_09_2_PF_01,1993-03-28,Rassemblement pour la République;Union pour la démocratie française;Union des démocrates de progrès;Centre national des indépendants,RIGHT_UPF,test,1.0623361,False
EL134_L_1981_06_017_02_1_PF_01,1981-06-14,Parti socialiste unifié,LEFT_PS,test,1.062325,False
EL196_L_1993_03_079_03_1_PF_05,1993-03-21,Front national,FAR_RIGHT_FN,train,1.0622298,False
EL175_L_1988_06_033_09_1_PF_02,1988-06-05,Parti socialiste,LEFT_PS,train,1.0620389,False
EL191_L_1993_03_031_05_2_PF_02,1993-03-28,Union pour la démocratie française;Rassemblement pour la République,RIGHT_UPF,train,1.0620368,False
EL135_L_1981_06_062_03_2_PF_02,1981-06-21,Union pour la démocratie française;Rassemblement pour la République,RIGHT_UNM,train,1.0619535,False
EL176_L_1988_06_069_01_2_PF_02,1988-06-12,Parti socialiste,LEFT_PS,train,1.0619204,False
EL135_L_1981_06_059_16_1_PF_02,1981-06-14,Parti communiste français,LEFT_PCF,train,1.0618297,False
EL134_L_1981_06_033_07_1_PF_03,1981-06-14,Parti communiste français,LEFT_PCF,train,1.0617356,False
EL176_L_1988_06_059_11_1_PF_04,1988-06-05,Front national,FAR_RIGHT_FN,train,1.0617081,False
EL192_L_1993_03_056_05_1_PF_01,1993-03-21,Union pour la démocratie française;Rassemblement pour la République,RIGHT_UPF,train,1.0616376,False
EL175_L_1988_06_034_06_1_PF_01,1988-06-05,Parti communiste français,LEFT_PCF,train,1.0615854,False
EL198_L_1993_03_094_02_1_PF_10,1993-03-21,Parti communiste français,LEFT_PCF,train,1.0615338,False
EL176_L_1988_06_059_18_2_PF_02,1988-06-12,Rassemblement pour la République;Union pour la démocratie française;Centre national des indépendants et paysans,RIGHT_URC,train,1.0614792,False
EL191_L_1993_03_041_02_1_PF_03,1993-03-21,Front national,FAR_RIGHT_FN,train,1.061406,False
EL175_L_1988_06_033_10_1_PF_03,1988-06-05,Parti communiste français,LEFT_PCF,train,1.0613993,False
EL194_L_1993_03_069_08_1_PF_04,1993-03-21,Union pour la démocratie française;Rassemblement pour la République,RIGHT_UPF,test,1.06132,False
EL136_L_1981_06_067_03_1_PF_02,1981-06-14,Parti communiste français,LEFT_PCF,train,1.0613096,False
EL192_L_1993_03_044_03_1_PF_01,1993-03-21,Front national,FAR_RIGHT_FN,test,1.0613052,False
EL134_L_1981_06_035_01_2_PF_01,1981-06-21,Parti socialiste,LEFT_PS,test,1.0611875,False
EL190_L_1993_03_026_03_1_PF_01,1993-03-21,Verts;Génération écologie,ECO,train,1.0611564,False
EL197_L_1993_03_083_04_1_PF_01,1993-03-21,Parti socialiste,LEFT_PS,train,1.061147,False
EL193_L_1993_03_062_04_1_PF_04,1993-03-21,Front national,FAR_RIGHT_FN,train,1.061103,False
EL136_L_1981_06_068_01_1_PF_02,1981-06-14,Centre des démocrates sociaux;Rassemblement pour la République;Parti radical;Mouvement démocrate socialiste;Union pour la démocratie française,LEFT_PS,train,1.061054,False
EL191_L_1993_03_039_01_1_PF_06,1993-03-21,Verts;Génération écologie,ECO,train,1.0610447,False
EL195_L_1993_03_072_04_1_PF_06,1993-03-21,Parti socialiste;Mouvement des radicaux de gauche,LEFT_PS,test,1.0610443,False
EL190_L_1993_03_026_04_1_PF_04,1993-03-21,Verts,ECO,train,1.060984,False
EL198_L_1993_03_094_11_1_PF_08,1993-03-21,Nouveaux écologistes du rassemblement nature et animaux,ECO,train,1.0608975,False
EL134_L_1981_06_028_02_1_PF_02,1981-06-14,Parti communiste français,LEFT_PCF,train,1.0608969,False
EL136_L_1981_06_075_13_2_PF_01,1981-06-21,Parti socialiste,LEFT_PS,train,1.0608426,False
EL174_L_1988_06_002_02_1_PF_02,1988-06-05,Union pour la démocratie française;Rassemblement pour la République;Centre national des indépendants et paysans,RIGHT_URC,train,1.0608046,False
EL134_L_1981_06_031_03_1_PF_02,1981-06-14,Parti socialiste unifié,LEFT_PS,train,1.0607626,False
EL177_L_1988_06_084_02_2_PF_02,1988-06-12,Rassemblement pour la République;Union pour la démocratie française,RIGHT_URC,test,1.0605333,False
EL176_L_1988_06_062_14_1_PF_02,1988-06-05,Parti communiste français,LEFT_PCF,train,1.0604994,False
EL137_L_1981_06_089_02_1_PF_03,1981-06-14,Parti communiste français,LEFT_PCF,test,1.0604801,False
EL135_L_1981_06_060_05_1_PF_04,1981-06-14,Parti radical-socialiste,LEFT_PS,test,1.0604291,False
EL175_L_1988_06_049_07_2_PF_01,1988-06-12,Rassemblement pour la République;Union pour la démocratie française,RIGHT_URC,train,1.0604227,False
EL195_L_1993_03_075_01_1_PF_11,1993-03-21,Solidarité écologie gauche alternative;Ecologie solidarités,ECO,train,1.0604166,False
EL191_L_1993_03_042_01_1_PF_01,1993-03-21,Union pour la démocratie française;Rassemblement pour la République,RIGHT_UPF,train,1.0603873,False
EL135_L_1981_06_060_05_1_PF_03,1981-06-14,Parti socialiste,LEFT_PS,train,1.0603817,False
EL190_L_1993_03_021_01_1_PF_08,1993-03-21,Front national,FAR_RIGHT_FN,test,1.0603006,False
EL191_L_1993_03_034_05_1_PF_02,1993-03-21,Parti socialiste,LEFT_PS,train,1.0602542,False
EL134_L_1981_06_027_04_1_PF_05,1981-06-14,Parti socialiste unifié,LEFT_PS,train,1.0602043,False
EL177_L_1988_06_095_01_1_PF_03,1988-06-05,Parti communiste français,LEFT_PCF,train,1.060201,False
EL192_L_1993_03_053_03_1_PF_04,1993-03-21,Parti communiste français,LEFT_PCF,train,1.0601548,False
EL134_L_1981_06_008_01_1_PF_02,1981-06-14,Parti communiste français,LEFT_PCF,test,1.0600431,False
EL192_L_1993_03_051_04_1_PF_03,1993-03-21,Verts;Génération écologie,ECO,train,1.0599532,False
EL176_L_1988_06_062_08_1_PF_04,1988-06-05,Parti communiste français,LEFT_PCF,train,1.0599047,False
EL175_L_1988_06_054_03_1_PF_03,1988-06-05,Parti socialiste,LEFT_PS,train,1.0598909,False
EL175_L_1988_06_055_01_1_PF_01,1988-06-05,Rassemblement pour la République;Union pour la démocratie française,RIGHT_URC,test,1.0598904,False
EL175_L_1988_06_044_07_1_PF_03,1988-06-05,Front national,FAR_RIGHT_FN,train,1.0598903,False
EL189_L_1993_03_011_01_1_PF_05,1993-03-21,Verts;Génération écologie,ECO,train,1.0598794,False
EL189_L_1993_03_014_05_1_PF_01,1993-03-21,Front national,FAR_RIGHT_FN,train,1.059779,False
EL192_L_1993_03_053_01_1_PF_04,1993-03-21,Parti communiste français,LEFT_PCF,test,1.0597157,False
EL190_L_1993_03_017_01_1_PF_03,1993-03-21,Parti communiste français,LEFT_PCF,train,1.0597119,False
EL175_L_1988_06_034_07_1_PF_04,1988-06-05,Front national,FAR_RIGHT_FN,train,1.0595133,False
EL197_L_1993_03_083_07_1_PF_05,1993-03-21,Ecologie les Verts,ECO,train,1.0594667,False
EL177_L_1988_06_092_06_1_PF_01,1988-06-05,Centre national des indépendants et paysans;Rassemblement pour la République;Union pour la démocratie française,RIGHT_URC,test,1.05919,False
EL193_L_1993_03_062_03_1_PF_04,1993-03-21,Rassemblement pour la République;Union pour la démocratie française,RIGHT_UPF,train,1.059094,False
EL193_L_1993_03_062_03_1_PF_02,1993-03-21,Parti communiste français,LEFT_PCF,train,1.0590827,False
EL190_L_1993_03_016_03_1_PF_01,1993-03-21,Front national,FAR_RIGHT_FN,train,1.0588038,False
EL137_L_1981_06_092_08_1_PF_04,1981-06-14,Parti socialiste,LEFT_PS,test,1.0587763,False
EL195_L_1993_03_072_05_2_PF_02,1993-03-28,Rassemblement pour la République;Union pour la démocratie française,RIGHT_UPF,test,1.0587599,False
EL197_L_1993_03_085_05_1_PF_04,1993-03-21,Rassemblement pour la République;Union pour la démocratie française,RIGHT_UPF,train,1.0587119,False
EL135_L_1981_06_050_03_1_PF_05,1981-06-14,Parti radical-socialiste,LEFT_PS,train,1.0587007,False
EL176_L_1988_06_069_02_2_PF_01,1988-06-12,Union pour la démocratie française;Rassemblement pour la République,RIGHT_URC,train,1.0586835,False
EL137_L_1981_06_078_01_1_PF_03,1981-06-14,Parti socialiste,LEFT_PS,train,1.058574,False
EL192_L_1993_03_046_02_1_PF_04,1993-03-21,Verts;Génération écologie,ECO,train,1.058556,False
EL191_L_1993_03_037_04_2_PF_01,1993-03-28,Union pour la démocratie française;Rassemblement pour la République,RIGHT_UPF,train,1.05854,False
EL194_L_1993_03_067_05_1_PF_05,1993-03-21,Parti communiste français,LEFT_PCF,train,1.0585277,False
EL135_L_1981_06_047_03_1_PF_04,1981-06-14,Parti socialiste,LEFT_PS,train,1.0585029,False
EL134_L_1981_06_024_01_1_PF_01,1981-06-14,Parti communiste français,LEFT_PCF,train,1.0585,False
EL191_L_1993_03_033_10_1_PF_03,1993-03-21,Génération écologie;Verts,ECO,train,1.0583699,False
EL193_L_1993_03_059_05_1_PF_05,1993-03-21,Rassemblement pour la République,RIGHT_RPR,train,1.0583508,False
EL135_L_1981_06_064_04_1_PF_02,1981-06-14,Parti communiste français,LEFT_PCF,train,1.0582904,False
EL177_L_1988_06_084_04_1_PF_02,1988-06-05,Centre national des indépendants et paysans;Rassemblement pour la République,RIGHT_RPR,train,1.0582088,False
EL176_L_1988_06_067_03_1_PF_02,1988-06-05,Union pour la démocratie française;Rassemblement pour la République,RIGHT_URC,train,1.0582049,False
EL192_L_1993_03_051_06_1_PF_03,1993-03-21,Parti communiste français,LEFT_PCF,train,1.0582031,False
EL136_L_1981_06_074_01_1_PF_03,1981-06-14,Parti socialiste,LEFT_PS,train,1.0581726,False
EL135_L_1981_06_060_05_2_PF_02,1981-06-21,Union pour la démocratie française;Centre national des indépendants;Rassemblement pour la République,RIGHT_UNM,train,1.0581424,False
EL135_L_1981_06_054_01_1_PF_04,1981-06-14,Lutte ouvrière,FAR_LEFT,train,1.0580432,False
EL193_L_1993_03_059_03_1_PF_06,1993-03-21,Ligue communiste révolutionnaire,FAR_LEFT,train,1.0579771,False
EL194_L_1993_03_067_06_1_PF_03,1993-03-21,Front national,FAR_RIGHT_FN,train,1.0579762,False
EL192_L_1993_03_049_01_1_PF_02,1993-03-21,Front national,FAR_RIGHT_FN,train,1.0578668,False
EL137_L_1981_06_077_04_2_PF_01,1981-06-21,Centre national des indépendants;Union pour la démocratie française;Rassemblement pour la République;gaullistes,RIGHT_UNM,train,1.05781,False
EL134_L_1981_06_003_02_2_PF_01,1981-06-21,Parti socialiste,LEFT_PS,train,1.0575944,False
EL193_L_1993_03_059_06_1_PF_03,1993-03-21,Front national,FAR_RIGHT_FN,test,1.0575831,False
EL196_L_1993_03_081_04_1_PF_03,1993-03-21,Parti communiste français,LEFT_PCF,test,1.0574645,False
EL176_L_1988_06_056_04_1_PF_02,1988-06-05,Parti socialiste,LEFT_PS,train,1.0574634,False
EL194_L_1993_03_069_01_2_PF_02,1993-03-28,Union pour la démocratie française;Rassemblement pour la République,RIGHT_UPF,train,1.0573927,False
EL134_L_1981_06_006_04_1_PF_03,1981-06-14,Rassemblement pour la République;Union pour la démocratie française,RIGHT_UNM,train,1.0573032,False
EL198_L_1993_03_094_12_1_PF_08,1993-03-21,Rassemblement pour la République;Union pour la démocratie française,RIGHT_UPF,test,1.0573007,False
EL191_L_1993_03_034_06_1_PF_03,1993-03-21,Génération écologie;Verts,ECO,train,1.0570647,False
EL177_L_1988_06_080_01_2_PF_02,1988-06-12,Rassemblement pour la République;Union pour la démocratie française,RIGHT_URC,train,1.0568552,False
EL197_L_1993_03_086_04_1_PF_03,1993-03-21,Ecologie les Verts;Génération écologie,ECO,test,1.0568086,False
EL134_L_1981_06_034_02_1_PF_04,1981-06-14,Parti socialiste unifié,LEFT_PS,train,1.0567946,False
EL194_L_1993_03_065_02_1_PF_03,1993-03-21,Génération écologie;Verts,ECO,train,1.0567019,False
EL195_L_1993_03_075_01_1_PF_17,1993-03-21,Ligue communiste révolutionnaire,FAR_LEFT,train,1.0564299,False
EL136_L_1981_06_074_01_1_PF_02,1981-06-14,Parti socialiste unifié,LEFT_PS,test,1.0564284,False
EL176_L_1988_06_062_10_1_PF_03,1988-06-05,Parti communiste français,LEFT_PCF,test,1.0563091,False
EL195_L_1993_03_071_04_1_PF_04,1993-03-21,Union pour la démocratie française;Parti radical,RIGHT_UDF,train,1.0562644,False
EL176_L_1988_06_069_05_1_PF_01,1988-06-05,Parti communiste français,LEFT_PCF,train,1.0562595,False
EL191_L_1993_03_031_08_1_PF_01,1993-03-21,Génération écologie;Verts,ECO,test,1.0562445,False
EL195_L_1993_03_072_04_1_PF_03,1993-03-21,Front national,FAR_RIGHT_FN,train,1.0562106,False
EL190_L_1993_03_02A_01_1_PF_01,1993-03-21,Union pour la démocratie française;Parti républicain;Centre national des indépendants et paysans;Comité central bonapartiste,RIGHT_UDF,test,1.056204,False
EL137_L_1981_06_078_05_1_PF_01,1981-06-14,Parti socialiste unifié,LEFT_PS,train,1.0559918,False
EL177_L_1988_06_076_02_1_PF_02,1988-06-05,Mouvement des radicaux de gauche;Parti socialiste;Républicains de progrès,LEFT_PS,train,1.0559248,False
EL175_L_1988_06_053_01_1_PF_01,1988-06-05,Rassemblement pour la République;Union pour la démocratie française,RIGHT_URC,train,1.0558923,False
EL197_L_1993_03_083_04_2_PF_01,1993-03-28,Union pour la démocratie française;Rassemblement pour la République,RIGHT_UPF,train,1.0558413,False
EL190_L_1993_03_021_05_1_PF_06,1993-03-21,Front national,FAR_RIGHT_FN,train,1.0557551,False
EL134_L_1981_06_024_03_1_PF_02,1981-06-14,Parti socialiste;Mouvement des radicaux de gauche,LEFT_PS,train,1.0557227,False
EL192_L_1993_03_044_09_1_PF_01,1993-03-21,Front national,FAR_RIGHT_FN,train,1.0557114,False
EL195_L_1993_03_075_21_2_PF_02,1993-03-28,Rassemblement pour la République;Union pour la démocratie française,RIGHT_UPF,train,1.0556465,False
EL191_L_1993_03_038_07_1_PF_04,1993-03-21,Verts;Génération écologie,ECO,test,1.0556245,False
EL137_L_1981_06_076_09_1_PF_03,1981-06-14,Parti socialiste,LEFT_PS,train,1.0555882,False
EL190_L_1993_03_017_02_1_PF_04,1993-03-21,Verts,ECO,test,1.0555326,False
EL137_L_1981_06_092_13_2_PF_02,1981-06-21,Parti socialiste,LEFT_PS,test,1.0555176,False
EL136_L_1981_06_068_03_1_PF_01,1981-06-14,Parti socialiste,LEFT_PS,train,1.05549,False
EL196_L_1993_03_078_03_1_PF_10,1993-03-21,Front national,FAR_RIGHT_FN,train,1.0554589,False
EL135_L_1981_06_038_03_1_PF_01,1981-06-14,Lutte ouvrière,FAR_LEFT,train,1.0553596,False
EL198_L_1993_03_092_02_1_PF_11,1993-03-21,Alliance pour l'écologie et la démocratie,ECO,train,1.0553501,False
EL136_L_1981_06_075_29_2_PF_02,1981-06-21,Parti socialiste,LEFT_PS,test,1.0551035,False
EL197_L_1993_03_082_02_1_PF_02,1993-03-21,Solidarité écologie gauche alternative,ECO,train,1.0550838,False
EL134_L_1981_06_034_01_1_PF_05,1981-06-14,Parti socialiste unifié,LEFT_PS,test,1.054906,False
EL136_L_1981_06_067_08_1_PF_01,1981-06-14,Parti socialiste,LEFT_PS,train,1.0548464,False
EL198_L_1993_03_095_08_1_PF_06,1993-03-21,Verts;Génération écologie,ECO,train,1.0548065,False
EL176_L_1988_06_074_03_1_PF_01,1988-06-05,Union pour la démocratie française;Parti radical,RIGHT_UDF,train,1.0547309,False
EL190_L_1993_03_028_03_1_PF_01,1993-03-21,Verts;Génération écologie,ECO,train,1.0547054,False
EL134_L_1981_06_015_01_1_PF_04,1981-06-14,Union pour la démocratie française;Centre national des indépendants,RIGHT_UDF,train,1.0546796,False
EL177_L_1988_06_093_11_1_PF_03,1988-06-05,Union pour la démocratie française,RIGHT_UDF,train,1.0546685,False
EL198_L_1993_03_092_01_1_PF_09,1993-03-21,Ligue communiste révolutionnaire,FAR_LEFT,train,1.0546334,False
EL176_L_1988_06_069_10_1_PF_01,1988-06-05,Parti communiste français,LEFT_PCF,train,1.0544479,False
EL177_L_1988_06_087_04_1_PF_03,1988-06-05,Parti socialiste,LEFT_PS,train,1.054439,False
EL191_L_1993_03_034_02_1_PF_06,1993-03-21,Génération écologie;Verts,ECO,train,1.0543635,False
EL177_L_1988_06_087_03_1_PF_01,1988-06-05,Parti communiste français,LEFT_PCF,train,1.0542902,False
EL189_L_1993_03_011_03_1_PF_04,1993-03-21,Rassemblement pour la République;Union pour la démocratie française,RIGHT_UPF,train,1.0542816,False
EL197_L_1993_03_085_01_1_PF_04,1993-03-21,Union pour la démocratie française;Rassemblement pour la République,RIGHT_UPF,train,1.0542511,False
EL198_L_1993_03_093_10_1_PF_09,1993-03-21,Virage 93;Solidarité écologie gauche alternative;Alternative rouge et verte;Alternative démocratie socialisme,ECO,test,1.0542234,False
EL193_L_1993_03_062_07_1_PF_02,1993-03-21,Parti communiste français,LEFT_PCF,test,1.0541507,False
EL137_L_1981_06_092_02_1_PF_04,1981-06-14,Lutte ouvrière,FAR_LEFT,test,1.0541139,False
EL137_L_1981_06_092_09_1_PF_03,1981-06-14,Lutte ouvrière,FAR_LEFT,train,1.0541139,False
EL175_L_1988_06_033_08_2_PF_01,1988-06-12,Rassemblement pour la République;Union pour la démocratie française;Centre national des indépendants et paysans,RIGHT_URC,train,1.0539409,False
EL174_L_1988_06_028_04_1_PF_04,1988-06-05,Parti communiste français,LEFT_PCF,train,1.0538503,False
EL196_L_1993_03_076_09_1_PF_01,1993-03-21,Génération écologie;Verts,ECO,train,1.0538261,False
EL191_L_1993_03_033_05_1_PF_03,1993-03-21,Génération écologie;Verts,ECO,train,1.0537932,False
EL177_L_1988_06_084_02_1_PF_03,1988-06-05,Parti communiste français,LEFT_PCF,train,1.0537899,False
EL176_L_1988_06_069_02_2_PF_02,1988-06-12,Parti socialiste,LEFT_PS,train,1.0537889,False
EL189_L_1993_03_006_01_1_PF_03,1993-03-21,Union pour la démocratie française;Rassemblement pour la République,RIGHT_UPF,train,1.0536273,False
EL194_L_1993_03_064_01_1_PF_04,1993-03-21,Génération écologie;Verts,ECO,train,1.0536063,False
EL191_L_1993_03_041_03_2_PF_02,1993-03-28,socialistes,LEFT_PS,train,1.0535952,False
EL175_L_1988_06_038_04_1_PF_02,1988-06-05,Parti communiste français,LEFT_PCF,train,1.0535731,False
EL190_L_1993_03_030_03_2_PF_02,1993-03-28,Rassemblement pour la République;Union pour la démocratie française,RIGHT_UPF,train,1.0535054,False
EL198_L_1993_03_092_12_1_PF_01,1993-03-21,Parti communiste français,LEFT_PCF,train,1.0534674,False
EL195_L_1993_03_075_18_1_PF_05,1993-03-21,Front national,FAR_RIGHT_FN,test,1.053458,False
EL136_L_1981_06_075_05_1_PF_06,1981-06-14,Parti socialiste,LEFT_PS,train,1.0534543,False
EL198_L_1993_03_093_04_1_PF_11,1993-03-21,Ligue communiste révolutionnaire,FAR_LEFT,train,1.0534499,False
EL189_L_1993_03_004_01_1_PF_06,1993-03-21,Nouveaux écologistes du rassemblement nature et animaux,ECO,train,1.0534441,False
EL191_L_1993_03_038_09_1_PF_09,1993-03-21,Nouveaux écologistes du rassemblement nature et animaux,ECO,train,1.0534441,False
EL191_L_1993_03_035_03_1_PF_11,1993-03-21,Nouveaux écologistes du rassemblement nature et animaux,ECO,train,1.0534441,False
EL195_L_1993_03_075_21_1_PF_12,1993-03-21,Nouveaux écologistes du rassemblement nature et animaux,ECO,test,1.0534441,False
EL137_L_1981_06_094_04_1_PF_06,1981-06-14,Parti socialiste;Mouvement des radicaux de gauche;Parti socialiste unifié;Mouvement des démocrates,LEFT_PS,train,1.0534333,False
EL137_L_1981_06_091_01_1_PF_03,1981-06-14,Front national,FAR_RIGHT_FN,train,1.0534139,False
EL192_L_1993_03_057_03_1_PF_07,1993-03-21,Verts;Génération écologie,ECO,train,1.0534112,False
EL134_L_1981_06_033_05_1_PF_01,1981-06-14,Parti socialiste;Mouvement des radicaux de gauche,LEFT_PS,train,1.0533892,False
EL189_L_1993_03_008_03_1_PF_05,1993-03-21,Ecologie les Verts;Génération écologie;Alternative rouge et verte,ECO,train,1.0533428,False
EL136_L_1981_06_074_03_1_PF_04,1981-06-14,Parti communiste français,LEFT_PCF,train,1.0532969,False
EL192_L_1993_03_044_08_1_PF_01,1993-03-21,Front national,FAR_RIGHT_FN,train,1.053251,False
EL198_L_1993_03_092_02_1_PF_04,1993-03-21,Verts;Génération écologie,ECO,train,1.0532389,False
EL176_L_1988_06_060_04_2_PF_01,1988-06-12,Rassemblement pour la République;Union pour la démocratie française,RIGHT_URC,test,1.0532308,False
EL191_L_1993_03_036_01_1_PF_06,1993-03-21,Front national,FAR_RIGHT_FN,train,1.0531926,False
EL136_L_1981_06_067_06_1_PF_01,1981-06-14,Parti communiste français,LEFT_PCF,train,1.0531566,False
EL134_L_1981_06_013_08_2_PF_01,1981-06-21,Parti socialiste,LEFT_PS,train,1.0530992,False
EL137_L_1981_06_076_04_1_PF_07,1981-06-14,Rassemblement pour la République,RIGHT_RPR,train,1.0530807,False
EL137_L_1981_06_076_04_1_PF_02,1981-06-14,Parti socialiste unifié,LEFT_PS,train,1.053035,False
EL190_L_1993_03_021_03_2_PF_02,1993-03-28,Union pour la démocratie française;Rassemblement pour la République;Centre national des indépendants,RIGHT_UPF,train,1.0529996,False
EL134_L_1981_06_008_03_1_PF_03,1981-06-14,Parti socialiste,LEFT_PS,train,1.0529593,False
EL137_L_1981_06_078_03_1_PF_03,1981-06-14,Parti socialiste,LEFT_PS,train,1.0529151,False
EL137_L_1981_06_093_05_1_PF_01,1981-06-14,Lutte ouvrière,FAR_LEFT,train,1.0528038,False
EL175_L_1988_06_031_05_1_PF_03,1988-06-05,Parti socialiste,LEFT_PS,train,1.0527779,False
EL134_L_1981_06_007_02_2_PF_01,1981-06-21,Parti socialiste,LEFT_PS,train,1.0527724,False
EL134_L_1981_06_006_03_2_PF_02,1981-06-21,Parti socialiste,LEFT_PS,train,1.0527049,False
EL177_L_1988_06_092_08_2_PF_01,1988-06-12,Centre national des indépendants et paysans;Rassemblement pour la République;Union pour la démocratie française,RIGHT_URC,train,1.0526607,False
EL194_L_1993_03_069_01_1_PF_06,1993-03-21,Union pour la démocratie française;Rassemblement pour la République,RIGHT_UPF,train,1.0526445,False
EL197_L_1993_03_082_01_1_PF_03,1993-03-21,Solidarité écologie gauche alternative,ECO,test,1.0526389,False
EL134_L_1981_06_027_03_1_PF_01,1981-06-14,Parti socialiste;Mouvement des radicaux de gauche,LEFT_PS,train,1.0526202,False
EL192_L_1993_03_045_04_1_PF_02,1993-03-21,Solidarité écologie gauche alternative,ECO,train,1.0525981,False
EL192_L_1993_03_057_03_1_PF_09,1993-03-21,Rassemblement pour la République;Union pour la démocratie française,RIGHT_UPF,test,1.0525829,False
EL198_L_1993_03_094_04_1_PF_10,1993-03-21,Ligue communiste révolutionnaire,FAR_LEFT,train,1.0525527,False
EL136_L_1981_06_075_23_1_PF_02,1981-06-14,Parti socialiste,LEFT_PS,train,1.0524952,False
EL174_L_1988_06_017_02_1_PF_01,1988-06-05,Parti communiste français,LEFT_PCF,train,1.0524896,False
EL174_L_1988_06_001_03_1_PF_01,1988-06-05,Parti communiste français,LEFT_PCF,train,1.0523612,False
EL190_L_1993_03_021_04_1_PF_02,1993-03-21,Parti communiste français,LEFT_PCF,train,1.0523554,False
EL196_L_1993_03_076_05_1_PF_03,1993-03-21,Parti socialiste;Mouvement des radicaux de gauche,LEFT_PS,train,1.0522958,False
EL192_L_1993_03_044_01_2_PF_02,1993-03-28,Union pour la démocratie française;Rassemblement pour la République,RIGHT_UPF,train,1.0521747,False
EL174_L_1988_06_013_01_1_PF_01,1988-06-05,Parti communiste français,LEFT_PCF,train,1.0519952,False
EL198_L_1993_03_092_04_1_PF_07,1993-03-21,Verts;Génération écologie,ECO,train,1.0519758,False
EL135_L_1981_06_059_23_1_PF_01,1981-06-14,Parti communiste français,LEFT_PCF,train,1.051973,False
EL198_L_1993_03_093_07_1_PF_08,1993-03-21,Alliance pour l'écologie et la démocratie,ECO,train,1.0519692,False
EL177_L_1988_06_075_10_1_PF_03,1988-06-05,Rassemblement pour la République;Union pour la démocratie française,RIGHT_URC,train,1.051948,False
EL198_L_1993_03_092_08_1_PF_05,1993-03-21,Verts;Génération écologie,ECO,test,1.0519093,False
EL191_L_1993_03_036_01_1_PF_05,1993-03-21,Parti communiste français,LEFT_PCF,test,1.0519038,False
EL174_L_1988_06_013_05_1_PF_02,1988-06-05,Parti communiste français,LEFT_PCF,train,1.0518962,False
EL191_L_1993_03_035_07_1_PF_02,1993-03-21,Parti socialiste,LEFT_PS,train,1.0518943,False
EL198_L_1993_03_093_10_1_PF_01,1993-03-21,Rassemblement pour la République;Union pour la démocratie française,RIGHT_UPF,test,1.0518724,False
EL137_L_1981_06_078_05_1_PF_02,1981-06-14,Parti communiste français,LEFT_PCF,test,1.0517834,False
EL175_L_1988_06_031_01_1_PF_06,1988-06-05,Parti socialiste,LEFT_PS,train,1.0517124,False
EL135_L_1981_06_036_03_1_PF_02,1981-06-14,Parti socialiste,LEFT_PS,train,1.0516928,False
EL197_L_1993_03_091_04_1_PF_07,1993-03-21,Ecologie les Verts;Génération écologie,ECO,train,1.0516168,False
EL176_L_1988_06_062_06_1_PF_04,1988-06-05,Parti communiste français,LEFT_PCF,test,1.0516089,False
EL190_L_1993_03_025_03_2_PF_02,1993-03-28,Rassemblement pour la République,RIGHT_RPR,train,1.051548,False
EL174_L_1988_06_017_05_2_PF_02,1988-06-12,Rassemblement pour la République;Union pour la démocratie française,RIGHT_URC,test,1.0515407,False
EL193_L_1993_03_061_01_1_PF_02,1993-03-21,Union pour la démocratie française,RIGHT_UDF,train,1.0514877,False
EL175_L_1988_06_031_03_1_PF_03,1988-06-05,Comités Juquin;Parti socialiste unifié;Ligue communiste révolutionnaire;Mouvement rouge et vert,LEFT_PS,train,1.0514706,False
EL176_L_1988_06_062_10_1_PF_04,1988-06-05,Front national,FAR_RIGHT_FN,train,1.0514511,False
EL134_L_1981_06_021_02_1_PF_02,1981-06-14,Lutte ouvrière,FAR_LEFT,test,1.0513937,False
EL191_L_1993_03_042_02_1_PF_12,1993-03-21,Front national,FAR_RIGHT_FN,train,1.0513804,False
EL137_L_1981_06_082_02_1_PF_02,1981-06-14,Parti communiste français,LEFT_PCF,train,1.05138,False
EL191_L_1993_03_038_03_2_PF_01,1993-03-28,Parti socialiste,LEFT_PS,train,1.0512433,False
EL192_L_1993_03_058_01_1_PF_02,1993-03-21,Verts;Génération écologie,ECO,test,1.0511103,False
EL191_L_1993_03_035_07_1_PF_01,1993-03-21,Parti communiste français,LEFT_PCF,train,1.0511044,False
EL197_L_1993_03_084_01_1_PF_05,1993-03-21,Ecologie les Verts;Génération écologie,ECO,test,1.0510509,False
EL174_L_1988_06_003_04_1_PF_06,1988-06-05,Union pour la démocratie française;Rassemblement pour la République,RIGHT_URC,test,1.0510437,False
EL177_L_1988_06_078_07_1_PF_06,1988-06-05,Centre national des indépendants et paysans;Rassemblement pour la République,RIGHT_RPR,train,1.051007,False
EL137_L_1981_06_077_05_1_PF_03,1981-06-14,Parti communiste français,LEFT_PCF,test,1.0509787,False
EL176_L_1988_06_060_03_1_PF_01,1988-06-05,Parti communiste français,LEFT_PCF,train,1.0509719,False
EL174_L_1988_06_013_01_1_PF_03,1988-06-05,Rassemblement pour la République;Union pour la démocratie française,RIGHT_URC,test,1.050948,False
EL190_L_1993_03_017_03_1_PF_05,1993-03-21,Front national,FAR_RIGHT_FN,train,1.0508765,False
EL192_L_1993_03_051_03_1_PF_06,1993-03-21,Verts;Génération écologie,ECO,train,1.050833,False
EL135_L_1981_06_045_03_2_PF_01,1981-06-21,Rassemblement pour la République;Centre national des indépendants et paysans,RIGHT_RPR,test,1.0508274,False
EL196_L_1993_03_077_04_2_PF_02,1993-03-28,Front national,FAR_RIGHT_FN,train,1.0507542,False
EL135_L_1981_06_059_04_2_PF_01,1981-06-21,Union pour la démocratie française;Parti républicain,RIGHT_UDF,train,1.0506995,False
EL198_L_1993_03_093_10_2_PF_01,1993-03-28,Rassemblement pour la République;Union pour la démocratie française,RIGHT_UPF,train,1.0506722,False
EL137_L_1981_06_082_02_1_PF_05,1981-06-14,Parti socialiste;Mouvement des radicaux de gauche,LEFT_PS,test,1.0506171,False
EL176_L_1988_06_069_01_2_PF_01,1988-06-12,Rassemblement pour la République;Union pour la démocratie française,RIGHT_URC,train,1.0505062,False
EL195_L_1993_03_073_01_1_PF_02,1993-03-21,Front national,FAR_RIGHT_FN,train,1.0505043,False
EL174_L_1988_06_003_04_1_PF_02,1988-06-05,Parti communiste français,LEFT_PCF,train,1.0504569,False
EL189_L_1993_03_003_04_2_PF_01,1993-03-28,Union pour la démocratie française;Rassemblement pour la République,RIGHT_UPF,train,1.0504433,False
EL190_L_1993_03_029_06_1_PF_04,1993-03-21,Rassemblement pour la République;Union pour la démocratie française,RIGHT_UPF,train,1.050407,False
EL176_L_1988_06_069_13_1_PF_01,1988-06-05,Parti communiste français,LEFT_PCF,test,1.0503632,False
EL189_L_1993_03_015_02_1_PF_06,1993-03-21,Front national,FAR_RIGHT_FN,train,1.0503331,False
EL135_L_1981_06_062_06_1_PF_04,1981-06-14,Union pour la démocratie française;Rassemblement pour la République,RIGHT_UNM,test,1.0503242,False
EL175_L_1988_06_049_07_1_PF_06,1988-06-05,Front national,FAR_RIGHT_FN,train,1.050312,False
EL134_L_1981_06_029_08_1_PF_01,1981-06-14,Union démocratique bretonne;Parti socialiste unifié,LEFT_PS,train,1.0502746,False
EL189_L_1993_03_009_01_1_PF_04,1993-03-21,Parti socialiste;Mouvement des radicaux de gauche,LEFT_PS,test,1.050221,False
EL194_L_1993_03_065_01_1_PF_05,1993-03-21,Front national,FAR_RIGHT_FN,train,1.0501598,False
EL136_L_1981_06_068_04_1_PF_02,1981-06-14,Parti socialiste unifié,LEFT_PS,train,1.0501013,False
EL176_L_1988_06_064_01_1_PF_02,1988-06-05,Parti communiste français,LEFT_PCF,train,1.0500759,False
EL176_L_1988_06_062_01_1_PF_04,1988-06-05,Parti communiste français,LEFT_PCF,test,1.050058,False
EL135_L_1981_06_059_22_2_PF_01,1981-06-21,Parti socialiste,LEFT_PS,train,1.0500482,False
EL137_L_1981_06_092_09_2_PF_02,1981-06-21,Parti socialiste,LEFT_PS,test,1.0500301,False
EL191_L_1993_03_037_03_1_PF_09,1993-03-21,Verts;Génération écologie,ECO,train,1.0499959,False
EL134_L_1981_06_006_03_1_PF_03,1981-06-14,Parti socialiste,LEFT_PS,train,1.0499207,False
EL198_L_1993_03_095_07_1_PF_02,1993-03-21,Front national,FAR_RIGHT_FN,train,1.049897,False
EL177_L_1988_06_075_01_1_PF_01,1988-06-05,Parti communiste français,LEFT_PCF,train,1.0498146,False
EL196_L_1993_03_077_08_1_PF_07,1993-03-21,Rassemblement pour la République,RIGHT_RPR,test,1.0497774,False
EL135_L_1981_06_057_07_1_PF_02,1981-06-14,Parti socialiste,LEFT_PS,train,1.0496929,False
EL192_L_1993_03_044_10_1_PF_03,1993-03-21,Union pour la démocratie française;Rassemblement pour la République,RIGHT_UPF,train,1.0496546,False
EL137_L_1981_06_092_11_1_PF_02,1981-06-14,Rassemblement pour la République,RIGHT_RPR,train,1.0496184,False
EL135_L_1981_06_047_01_2_PF_01,1981-06-21,Socialiste,LEFT_PS,train,1.0495862,False
EL136_L_1981_06_075_09_2_PF_01,1981-06-21,Rassemblement pour la République;Union pour la démocratie française,RIGHT_UNM,train,1.0495316,False
EL189_L_1993_03_005_01_1_PF_07,1993-03-21,Front national,FAR_RIGHT_FN,test,1.0494238,False
EL195_L_1993_03_072_02_2_PF_01,1993-03-28,Rassemblement pour la République,RIGHT_RPR,train,1.0494115,False
EL197_L_1993_03_083_01_2_PF_02,1993-03-28,Union pour la démocratie française;Rassemblement pour la République,RIGHT_UPF,test,1.0494062,False
EL135_L_1981_06_045_02_1_PF_05,1981-06-14,Socialistes,LEFT_PS,train,1.049369,False
EL194_L_1993_03_067_08_1_PF_04,1993-03-21,Génération écologie;Verts,ECO,train,1.0492887,False
EL136_L_1981_06_068_05_2_PF_02,1981-06-21,Parti socialiste,LEFT_PS,train,1.0492692,False
EL195_L_1993_03_075_19_1_PF_06,1993-03-21,Front national,FAR_RIGHT_FN,train,1.0492336,False
EL194_L_1993_03_067_07_1_PF_02,1993-03-21,Parti socialiste,LEFT_PS,train,1.0490638,False
EL197_L_1993_03_084_04_1_PF_07,1993-03-21,Rassemblement pour la République;Union pour la démocratie française,RIGHT_UPF,train,1.0490534,False
EL198_L_1993_03_094_07_2_PF_01,1993-03-28,Rassemblement pour la République;Union pour la démocratie française,RIGHT_UPF,train,1.0489217,False
EL177_L_1988_06_076_10_1_PF_01,1988-06-05,Parti communiste français,LEFT_PCF,train,1.0487902,False
EL175_L_1988_06_047_01_1_PF_02,1988-06-05,Parti communiste français,LEFT_PCF,train,1.048701,False
EL137_L_1981_06_083_04_2_PF_01,1981-06-21,Parti socialiste,LEFT_PS,test,1.0486747,False
EL190_L_1993_03_029_07_1_PF_04,1993-03-21,Verts;Génération écologie,ECO,train,1.0486732,False
EL176_L_1988_06_057_06_2_PF_01,1988-06-12,Union pour la démocratie française;Rassemblement pour la République,RIGHT_URC,train,1.0486424,False
EL194_L_1993_03_065_01_1_PF_01,1993-03-21,Génération écologie;Verts,ECO,test,1.048611,False
EL176_L_1988_06_062_10_1_PF_02,1988-06-05,Union pour la démocratie française;Rassemblement pour la République;Parti radical,RIGHT_URC,train,1.048449,False
EL192_L_1993_03_050_02_1_PF_07,1993-03-21,Front national,FAR_RIGHT_FN,train,1.048393,False
EL175_L_1988_06_042_05_1_PF_04,1988-06-05,Front national,FAR_RIGHT_FN,train,1.0483902,False
EL177_L_1988_06_075_02_1_PF_05,1988-06-05,Front national,FAR_RIGHT_FN,train,1.0483857,False
EL194_L_1993_03_068_03_1_PF_02,1993-03-21,Génération écologie;Verts;Solidarités écologie,ECO,test,1.04838,False
EL194_L_1993_03_069_12_1_PF_07,1993-03-21,Parti communiste français,LEFT_PCF,train,1.0483705,False
EL136_L_1981_06_075_26_2_PF_01,1981-06-21,Rassemblement pour la République,RIGHT_RPR,train,1.0483537,False
EL193_L_1993_03_059_09_1_PF_03,1993-03-21,Verts;Génération écologie,ECO,train,1.0483444,False
EL176_L_1988_06_069_02_1_PF_02,1988-06-05,Front national,FAR_RIGHT_FN,test,1.0483327,False
EL136_L_1981_06_069_08_1_PF_02,1981-06-14,Parti communiste français,LEFT_PCF,test,1.0483229,False
EL174_L_1988_06_010_03_2_PF_01,1988-06-12,Parti socialiste,LEFT_PS,test,1.0482752,False
EL176_L_1988_06_066_02_1_PF_02,1988-06-05,Parti socialiste,LEFT_PS,train,1.0482398,False
EL175_L_1988_06_055_01_1_PF_03,1988-06-05,Front national,FAR_RIGHT_FN,train,1.0481138,False
EL176_L_1988_06_060_04_1_PF_01,1988-06-05,Parti communiste français,LEFT_PCF,train,1.0481099,False
EL198_L_1993_03_095_06_1_PF_03,1993-03-21,Parti communiste français,LEFT_PCF,test,1.0481093,False
EL135_L_1981_06_041_02_1_PF_03,1981-06-14,Union pour la démocratie française;Rassemblement pour la République,RIGHT_UNM,test,1.0479579,False
EL137_L_1981_06_076_05_1_PF_02,1981-06-14,Parti communiste français,LEFT_PCF,train,1.047928,False
EL193_L_1993_03_059_20_1_PF_03,1993-03-21,Union pour la démocratie française;Rassemblement pour la République,RIGHT_UPF,train,1.0479119,False
EL193_L_1993_03_061_02_1_PF_02,1993-03-21,Rassemblement pour la République;Union pour la démocratie française,RIGHT_UPF,train,1.0478927,False
EL193_L_1993_03_059_07_1_PF_05,1993-03-21,Verts;Génération écologie,ECO,test,1.047824,False
EL135_L_1981_06_038_04_1_PF_02,1981-06-14,Parti communiste français,LEFT_PCF,train,1.047782,False
EL135_L_1981_06_039_02_2_PF_01,1981-06-21,Parti socialiste,LEFT_PS,train,1.0477433,False
EL177_L_1988_06_078_02_1_PF_05,1988-06-05,Front national,FAR_RIGHT_FN,train,1.0477111,False
EL189_L_1993_03_004_01_1_PF_01,1993-03-21,Parti communiste français,LEFT_PCF,train,1.0476062,False
EL191_L_1993_03_034_01_2_PF_01,1993-03-28,Front national,FAR_RIGHT_FN,train,1.0475899,False
EL192_L_1993_03_056_02_1_PF_02,1993-03-21,Verts;Génération écologie,ECO,test,1.0475887,False
EL194_L_1993_03_068_05_1_PF_03,1993-03-21,Génération écologie;Verts;Solidarités écologie,ECO,train,1.0475404,False
EL176_L_1988_06_069_12_1_PF_01,1988-06-05,Parti communiste français,LEFT_PCF,train,1.047521,False
EL177_L_1988_06_075_04_1_PF_04,1988-06-05,Rassemblement pour la République;Union pour la démocratie française,RIGHT_URC,train,1.0473875,False
EL134_L_1981_06_014_02_1_PF_03,1981-06-14,Rassemblement pour la République;Union pour la démocratie française,RIGHT_UNM,train,1.0472728,False
EL177_L_1988_06_075_21_2_PF_01,1988-06-12,Mouvement des radicaux de gauche;Parti socialiste;Républicains de progrès,LEFT_PS,train,1.0472308,False
EL197_L_1993_03_091_08_1_PF_09,1993-03-21,Rassemblement pour la République;Union pour la démocratie française,RIGHT_UPF,train,1.0472178,False
EL136_L_1981_06_075_13_1_PF_07,1981-06-14,socialiste chrétien,LEFT_PS,test,1.047217,False
EL191_L_1993_03_034_01_1_PF_05,1993-03-21,Génération écologie;Verts,ECO,train,1.0471883,False
EL176_L_1988_06_074_03_1_PF_02,1988-06-05,Parti socialiste;Mouvement des radicaux de gauche,LEFT_PS,train,1.0471119,False
EL134_L_1981_06_033_10_1_PF_03,1981-06-14,Parti communiste français,LEFT_PCF,train,1.0471039,False
EL190_L_1993_03_029_07_1_PF_05,1993-03-21,Union pour la démocratie française;Rassemblement pour la République,RIGHT_UPF,train,1.0470074,False
EL175_L_1988_06_030_03_2_PF_02,1988-06-12,Rassemblement pour la République;Union pour la démocratie française,RIGHT_URC,train,1.046997,False
EL177_L_1988_06_091_03_1_PF_01,1988-06-05,Parti communiste français,LEFT_PCF,train,1.0468913,False
EL198_L_1993_03_092_08_1_PF_06,1993-03-21,Parti communiste français,LEFT_PCF,train,1.0468631,False
EL137_L_1981_06_085_02_1_PF_01,1981-06-14,Parti socialiste unifié,LEFT_PS,train,1.0468332,False
EL197_L_1993_03_086_01_1_PF_03,1993-03-21,Verts;Génération écologie,ECO,train,1.0468315,False
EL137_L_1981_06_095_01_1_PF_06,1981-06-14,Ligue communiste révolutionnaire,FAR_LEFT,train,1.0468103,False
EL189_L_1993_03_001_04_1_PF_03,1993-03-21,Union pour la démocratie française;Rassemblement pour la République;Centre national des indépendants et paysans,RIGHT_UPF,train,1.0468004,False
EL190_L_1993_03_02B_01_1_PF_05,1993-03-21,Union pour la démocratie française;Rassemblement pour la République,RIGHT_UPF,train,1.0467882,False
EL192_L_1993_03_051_01_1_PF_01,1993-03-21,Front national,FAR_RIGHT_FN,train,1.0467699,False
EL196_L_1993_03_076_12_1_PF_07,1993-03-21,Parti communiste français,LEFT_PCF,train,1.0467689,False
EL198_L_1993_03_094_07_1_PF_01,1993-03-21,Parti communiste français,LEFT_PCF,train,1.0466037,False
EL134_L_1981_06_013_06_1_PF_03,1981-06-14,Parti socialiste,LEFT_PS,test,1.046447,False
EL177_L_1988_06_076_08_1_PF_02,1988-06-05,Parti socialiste,LEFT_PS,train,1.0464294,False
EL134_L_1981_06_013_09_2_PF_01,1981-06-21,Parti socialiste,LEFT_PS,train,1.0463512,False
EL192_L_1993_03_054_01_1_PF_06,1993-03-21,Verts;Génération écologie,ECO,train,1.0462921,False
EL194_L_1993_03_066_04_1_PF_01,1993-03-21,Ligue communiste révolutionnaire,FAR_LEFT,train,1.0462486,False
EL176_L_1988_06_062_09_1_PF_04,1988-06-05,Parti communiste français,LEFT_PCF,train,1.0462335,False
EL195_L_1993_03_073_03_1_PF_08,1993-03-21,Solidarité écologie gauche alternative;Alternative rouge et verte;Alternative démocratie socialisme,ECO,train,1.0461257,False
EL191_L_1993_03_038_02_2_PF_02,1993-03-28,Union pour la démocratie française;Rassemblement pour la République,RIGHT_UPF,train,1.0460504,False
EL191_L_1993_03_039_01_1_PF_01,1993-03-21,Union pour la démocratie française;Rassemblement pour la République,RIGHT_UPF,test,1.045955,False
EL135_L_1981_06_045_01_1_PF_02,1981-06-14,Lutte ouvrière,FAR_LEFT,train,1.0459359,False
EL175_L_1988_06_038_07_1_PF_03,1988-06-05,Parti socialiste,LEFT_PS,train,1.0459156,False
EL197_L_1993_03_083_02_1_PF_01,1993-03-21,Union pour la démocratie française;Rassemblement pour la République,RIGHT_UPF,train,1.0457911,False
EL174_L_1988_06_010_02_1_PF_03,1988-06-05,Union pour la démocratie française;Rassemblement pour la République,RIGHT_URC,train,1.0457721,False
EL194_L_1993_03_066_04_2_PF_02,1993-03-28,Front national;Cercle national des combattants;Cercle national des agriculteurs,FAR_RIGHT_FN,train,1.045745,False
EL189_L_1993_03_006_07_1_PF_07,1993-03-21,Verts;Génération écologie,ECO,train,1.0456201,False
EL190_L_1993_03_019_03_1_PF_03,1993-03-21,Parti socialiste,LEFT_PS,train,1.0456039,False
EL197_L_1993_03_089_03_2_PF_01,1993-03-28,Rassemblement pour la République;Union pour la démocratie française,RIGHT_UPF,train,1.045561,False
EL191_L_1993_03_031_02_1_PF_09,1993-03-21,Verts;Génération écologie,ECO,train,1.045491,False
EL134_L_1981_06_003_04_1_PF_01,1981-06-14,Rassemblement pour la République,RIGHT_RPR,train,1.04535,False
EL177_L_1988_06_086_03_1_PF_05,1988-06-05,Parti communiste français,LEFT_PCF,train,1.0452412,False
EL176_L_1988_06_061_02_1_PF_01,1988-06-05,Parti communiste français,LEFT_PCF,train,1.045163,False
EL175_L_1988_06_034_01_1_PF_01,1988-06-05,Parti communiste français,LEFT_PCF,train,1.0451359,False
EL177_L_1988_06_078_02_2_PF_02,1988-06-12,Parti socialiste,LEFT_PS,train,1.0451025,False
EL198_L_1993_03_092_01_1_PF_07,1993-03-21,Verts;Génération écologie,ECO,train,1.045082,False
EL191_L_1993_03_043_02_1_PF_04,1993-03-21,Génération écologie;Verts,ECO,train,1.0449384,False
EL177_L_1988_06_076_07_2_PF_01,1988-06-12,Parti socialiste,LEFT_PS,train,1.044862,False
EL193_L_1993_03_063_01_1_PF_05,1993-03-21,Verts;Génération écologie,ECO,train,1.0448086,False
EL177_L_1988_06_075_15_1_PF_05,1988-06-05,Front national,FAR_RIGHT_FN,train,1.0447705,False
EL137_L_1981_06_093_06_2_PF_01,1981-06-21,Parti socialiste,LEFT_PS,test,1.0447371,False
EL195_L_1993_03_071_03_1_PF_03,1993-03-21,Rassemblement pour la République;Union pour la démocratie française,RIGHT_UPF,train,1.0447109,False
EL137_L_1981_06_087_03_1_PF_03,1981-06-14,Parti communiste français,LEFT_PCF,train,1.044654,False
EL135_L_1981_06_045_04_1_PF_03,1981-06-14,Parti socialiste,LEFT_PS,train,1.0446339,False
EL135_L_1981_06_041_03_2_PF_02,1981-06-21,Parti socialiste,LEFT_PS,train,1.0444763,False
EL176_L_1988_06_057_07_2_PF_02,1988-06-12,Rassemblement pour la République;Union pour la démocratie française,RIGHT_URC,train,1.0444254,False
EL189_L_1993_03_010_03_1_PF_09,1993-03-21,Parti socialiste,LEFT_PS,train,1.0444123,False
EL136_L_1981_06_068_02_2_PF_01,1981-06-21,Parti socialiste,LEFT_PS,train,1.044398,False
EL176_L_1988_06_062_05_1_PF_04,1988-06-05,Parti communiste français,LEFT_PCF,train,1.0443196,False
EL191_L_1993_03_035_06_1_PF_01,1993-03-21,Parti communiste français,LEFT_PCF,train,1.044148,False
EL196_L_1993_03_078_01_1_PF_01,1993-03-21,Rassemblement pour la République;Union pour la démocratie française,RIGHT_UPF,train,1.0441118,False
EL176_L_1988_06_069_05_1_PF_02,1988-06-05,Front national,FAR_RIGHT_FN,train,1.0440984,False
EL190_L_1993_03_029_04_1_PF_04,1993-03-21,Verts;Génération écologie,ECO,train,1.0440856,False
EL176_L_1988_06_071_06_1_PF_03,1988-06-05,Union pour la démocratie française;Rassemblement pour la République,RIGHT_URC,train,1.0440832,False
EL192_L_1993_03_050_05_1_PF_09,1993-03-21,Front national,FAR_RIGHT_FN,train,1.044039,False
EL192_L_1993_03_045_01_1_PF_02,1993-03-21,Solidarité écologie gauche alternative,ECO,train,1.0440384,False
EL135_L_1981_06_061_03_1_PF_03,1981-06-14,Parti communiste français,LEFT_PCF,test,1.0439967,False
EL174_L_1988_06_017_04_1_PF_01,1988-06-05,Parti communiste français,LEFT_PCF,test,1.043954,False
EL190_L_1993_03_030_03_1_PF_04,1993-03-21,Verts;Génération écologie,ECO,train,1.0439087,False
EL192_L_1993_03_056_06_1_PF_06,1993-03-21,Rassemblement pour la République,RIGHT_RPR,train,1.0436711,False
EL135_L_1981_06_059_06_1_PF_02,1981-06-14,Parti communiste français,LEFT_PCF,train,1.0436121,False
EL191_L_1993_03_043_01_1_PF_03,1993-03-21,Génération écologie;Verts,ECO,train,1.043566,False
EL192_L_1993_03_054_07_1_PF_01,1993-03-21,Front national,FAR_RIGHT_FN,train,1.0435029,False
EL197_L_1993_03_089_02_1_PF_02,1993-03-21,Parti communiste français,LEFT_PCF,test,1.0434289,False
EL134_L_1981_06_028_01_1_PF_01,1981-06-14,Parti communiste français,LEFT_PCF,train,1.0433974,False
EL177_L_1988_06_094_06_1_PF_01,1988-06-05,Parti socialiste,LEFT_PS,train,1.0433943,False
EL197_L_1993_03_084_01_2_PF_01,1993-03-28,Rassemblement pour la République;Union pour la démocratie française;Centre national des indépendants,RIGHT_UPF,train,1.0433286,False
EL174_L_1988_06_006_08_1_PF_03,1988-06-05,Rassemblement pour la République;Union pour la démocratie française,RIGHT_URC,train,1.043242,False
EL195_L_1993_03_075_14_1_PF_07,1993-03-21,Alliance pour l'écologie et la démocratie,ECO,train,1.0432376,False
EL191_L_1993_03_037_03_2_PF_01,1993-03-28,Union pour la démocratie française,RIGHT_UDF,train,1.0432081,False
EL134_L_1981_06_032_01_1_PF_01,1981-06-14,Parti socialiste,LEFT_PS,train,1.0431882,False
EL136_L_1981_06_069_13_2_PF_01,1981-06-21,Parti socialiste,LEFT_PS,test,1.0431387,False
EL193_L_1993_03_063_06_1_PF_05,1993-03-21,Rassemblement pour la République;Union pour la démocratie française,RIGHT_UPF,train,1.0431252,False
EL174_L_1988_06_001_04_1_PF_02,1988-06-05,Parti communiste français,LEFT_PCF,train,1.042968,False
EL174_L_1988_06_024_04_1_PF_04,1988-06-05,Front national,FAR_RIGHT_FN,train,1.0429367,False
EL195_L_1993_03_074_04_1_PF_05,1993-03-21,Rassemblement pour la République;Union pour la démocratie française,RIGHT_UPF,train,1.0429032,False
EL192_L_1993_03_045_03_1_PF_05,1993-03-21,Solidarité écologie gauche alternative,ECO,train,1.042867,False
EL195_L_1993_03_075_15_1_PF_02,1993-03-21,Front national,FAR_RIGHT_FN,train,1.0428398,False
EL134_L_1981_06_033_06_1_PF_03,1981-06-14,Lutte ouvrière,FAR_LEFT,train,1.0427986,False
EL190_L_1993_03_026_02_2_PF_01,1993-03-28,Union pour la démocratie française;Rassemblement pour la République;Centre national des indépendants,RIGHT_UPF,train,1.0427651,False
EL174_L_1988_06_015_01_1_PF_04,1988-06-05,Front national,FAR_RIGHT_FN,train,1.0427179,False
EL134_L_1981_06_008_01_2_PF_01,1981-06-21,Parti socialiste,LEFT_PS,train,1.0427146,False
EL137_L_1981_06_092_08_1_PF_02,1981-06-14,Parti communiste français,LEFT_PCF,test,1.0426596,False
EL175_L_1988_06_042_01_1_PF_06,1988-06-05,Rassemblement pour la République;Centre national des indépendants et paysans,RIGHT_RPR,train,1.0425935,False
EL192_L_1993_03_044_05_1_PF_01,1993-03-21,Front national,FAR_RIGHT_FN,train,1.0425637,False
EL135_L_1981_06_049_02_1_PF_03,1981-06-14,Parti socialiste,LEFT_PS,train,1.0424951,False
EL135_L_1981_06_041_01_1_PF_05,1981-06-14,Parti socialiste,LEFT_PS,train,1.042415,False
EL194_L_1993_03_068_02_1_PF_07,1993-03-21,Génération écologie,ECO,train,1.0423678,False
EL190_L_1993_03_025_01_2_PF_02,1993-03-28,Rassemblement pour la République;Union pour la démocratie française,RIGHT_UPF,train,1.0423458,False
EL174_L_1988_06_019_01_1_PF_02,1988-06-05,Rassemblement pour la République;Union pour la démocratie française,RIGHT_URC,train,1.0422924,False
EL137_L_1981_06_076_02_1_PF_02,1981-06-14,Parti communiste français,LEFT_PCF,train,1.0422232,False
EL134_L_1981_06_016_01_1_PF_02,1981-06-14,Parti communiste français,LEFT_PCF,train,1.0421803,False
EL176_L_1988_06_061_01_1_PF_01,1988-06-05,Parti communiste français,LEFT_PCF,test,1.042118,False
EL189_L_1993_03_014_05_1_PF_04,1993-03-21,Parti socialiste,LEFT_PS,test,1.0420858,False
EL193_L_1993_03_062_11_1_PF_05,1993-03-21,Verts;Génération écologie,ECO,train,1.0420824,False
EL197_L_1993_03_084_01_1_PF_07,1993-03-21,Rassemblement pour la République;Union pour la démocratie française;Centre national des indépendants,RIGHT_UPF,train,1.0420307,False
EL193_L_1993_03_059_04_1_PF_03,1993-03-21,Verts;Génération écologie,ECO,train,1.0420142,False
EL137_L_1981_06_092_10_1_PF_06,1981-06-14,Parti socialiste,LEFT_PS,test,1.0420128,False
EL174_L_1988_06_013_15_1_PF_02,1988-06-05,Parti communiste français,LEFT_PCF,train,1.0419732,False
EL135_L_1981_06_064_01_2_PF_01,1981-06-21,Parti socialiste,LEFT_PS,train,1.041891,False
EL192_L_1993_03_046_01_1_PF_03,1993-03-21,Verts;Génération écologie,ECO,train,1.0418589,False
EL190_L_1993_03_027_02_2_PF_01,1993-03-28,Rassemblement pour la République;Union pour la démocratie française,RIGHT_UPF,train,1.0418043,False
EL137_L_1981_06_076_04_1_PF_03,1981-06-14,Parti communiste français,LEFT_PCF,train,1.0418018,False
EL197_L_1993_03_085_01_1_PF_03,1993-03-21,Ecologie les Verts;Génération écologie,ECO,train,1.0417964,False
EL137_L_1981_06_093_07_1_PF_01,1981-06-14,Lutte ouvrière,FAR_LEFT,test,1.0416243,False
EL191_L_1993_03_042_01_1_PF_05,1993-03-21,Génération écologie;Verts,ECO,train,1.0415567,False
EL175_L_1988_06_038_05_1_PF_03,1988-06-05,Parti socialiste,LEFT_PS,train,1.0415263,False
EL177_L_1988_06_094_06_1_PF_05,1988-06-05,Rassemblement pour la République;Union pour la démocratie française,RIGHT_URC,train,1.0414339,False
EL195_L_1993_03_075_13_1_PF_05,1993-03-21,Verts;Génération écologie,ECO,train,1.041365,False
EL198_L_1993_03_092_07_1_PF_01,1993-03-21,Parti communiste français,LEFT_PCF,test,1.0413384,False
EL136_L_1981_06_075_14_1_PF_06,1981-06-14,Parti socialiste unifié,LEFT_PS,train,1.0413382,False
EL175_L_1988_06_042_04_2_PF_01,1988-06-12,Union pour la démocratie française;Centre des démocrates sociaux,RIGHT_UDF,train,1.0413165,False
EL136_L_1981_06_075_24_1_PF_02,1981-06-14,Parti socialiste,LEFT_PS,train,1.0412147,False
EL176_L_1988_06_061_02_1_PF_03,1988-06-05,Union pour la démocratie française;Rassemblement pour la République,RIGHT_URC,train,1.04121,False
EL134_L_1981_06_013_03_1_PF_03,1981-06-14,Parti socialiste,LEFT_PS,train,1.0411763,False
EL198_L_1993_03_092_02_1_PF_03,1993-03-21,Parti socialiste;Mouvement des radicaux de gauche,LEFT_PS,train,1.0411515,False
EL134_L_1981_06_013_05_1_PF_07,1981-06-14,Parti socialiste,LEFT_PS,train,1.0411259,False
EL195_L_1993_03_075_20_1_PF_12,1993-03-21,Verts;Génération écologie,ECO,train,1.0411127,False
EL193_L_1993_03_059_13_1_PF_05,1993-03-21,Verts;Génération écologie,ECO,train,1.0410231,False
EL135_L_1981_06_063_01_1_PF_01,1981-06-14,Lutte ouvrière,FAR_LEFT,train,1.0407116,False
EL197_L_1993_03_082_01_1_PF_09,1993-03-21,Rassemblement pour la République;Union des démocrates de progrès,RIGHT_RPR,train,1.0406896,False
EL193_L_1993_03_062_05_1_PF_03,1993-03-21,Front national,FAR_RIGHT_FN,test,1.0405709,False
EL191_L_1993_03_042_01_1_PF_06,1993-03-21,Front national,FAR_RIGHT_FN,train,1.0405647,False
EL134_L_1981_06_012_01_1_PF_01,1981-06-14,Rassemblement pour la République;Centre des démocrates sociaux,RIGHT_RPR,train,1.0405335,False
EL135_L_1981_06_052_01_2_PF_02,1981-06-21,Union pour la démocratie française,RIGHT_UDF,train,1.0405239,False
EL137_L_1981_06_095_04_1_PF_03,1981-06-14,Parti socialiste unifié,LEFT_PS,test,1.040428,False
EL196_L_1993_03_077_09_1_PF_01,1993-03-21,Génération écologie;Verts,ECO,train,1.0403447,False
EL137_L_1981_06_093_07_1_PF_03,1981-06-14,Parti communiste français,LEFT_PCF,train,1.040307,False
EL134_L_1981_06_001_01_2_PF_01,1981-06-21,Parti socialiste;Mouvement des radicaux de gauche,LEFT_PS,train,1.0402957,False
EL196_L_1993_03_078_04_1_PF_06,1993-03-21,Verts,ECO,train,1.0402833,False
EL177_L_1988_06_076_08_1_PF_01,1988-06-05,Parti communiste français,LEFT_PCF,train,1.0401958,False
EL190_L_1993_03_029_02_1_PF_06,1993-03-21,Verts;Génération écologie,ECO,train,1.0401615,False
EL192_L_1993_03_047_02_1_PF_05,1993-03-21,Verts;Génération écologie,ECO,train,1.0401587,False
EL137_L_1981_06_092_12_1_PF_02,1981-06-14,Parti communiste français,LEFT_PCF,train,1.0401385,False
EL195_L_1993_03_075_08_2_PF_01,1993-03-28,Rassemblement pour la République;Union pour la démocratie française,RIGHT_UPF,train,1.0400934,False
EL137_L_1981_06_092_07_1_PF_02,1981-06-14,Parti socialiste,LEFT_PS,train,1.0399443,False
EL134_L_1981_06_031_04_1_PF_02,1981-06-14,Parti socialiste unifié,LEFT_PS,train,1.0398302,False
EL194_L_1993_03_064_03_1_PF_03,1993-03-21,Génération écologie;Verts,ECO,train,1.0398136,False
EL198_L_1993_03_094_02_2_PF_02,1993-03-28,Rassemblement pour la République;Union pour la démocratie française,RIGHT_UPF,test,1.0397881,False
EL190_L_1993_03_016_03_1_PF_07,1993-03-21,Union pour la démocratie française,RIGHT_UDF,train,1.0397513,False
EL190_L_1993_03_029_04_1_PF_01,1993-03-21,Ligue communiste révolutionnaire,FAR_LEFT,train,1.0397407,False
EL193_L_1993_03_059_05_2_PF_02,1993-03-28,Rassemblement pour la République,RIGHT_RPR,train,1.0396645,False
EL177_L_1988_06_075_20_1_PF_04,1988-06-05,Centre national des indépendants et paysans;Rassemblement pour la République;Union pour la démocratie française,RIGHT_URC,train,1.0395235,False
EL194_L_1993_03_069_01_1_PF_05,1993-03-21,Génération écologie;Verts,ECO,train,1.0395188,False
EL135_L_1981_06_044_07_1_PF_03,1981-06-14,Parti communiste français,LEFT_PCF,train,1.0393333,False
EL191_L_1993_03_042_06_1_PF_02,1993-03-21,Parti communiste français,LEFT_PCF,train,1.0393274,False
EL177_L_1988_06_095_02_1_PF_04,1988-06-05,Parti socialiste;Mouvement des radicaux de gauche;Démocrates de progrès,LEFT_PS,train,1.0392737,False
EL196_L_1993_03_080_03_1_PF_01,1993-03-21,Génération écologie;Verts,ECO,test,1.0392559,False
EL174_L_1988_06_010_01_2_PF_01,1988-06-12,Parti socialiste,LEFT_PS,train,1.039253,False
EL137_L_1981_06_085_04_1_PF_01,1981-06-14,Parti socialiste unifié,LEFT_PS,train,1.0392407,False
EL189_L_1993_03_007_03_2_PF_02,1993-03-28,Union pour la démocratie française;Rassemblement pour la République,RIGHT_UPF,train,1.0392243,False
EL177_L_1988_06_095_08_1_PF_02,1988-06-05,Parti socialiste,LEFT_PS,train,1.0391489,False
EL175_L_1988_06_044_01_2_PF_02,1988-06-12,Parti socialiste,LEFT_PS,train,1.0391078,False
EL174_L_1988_06_005_02_2_PF_01,1988-06-12,Rassemblement pour la République;Union pour la démocratie française;Centre national des indépendants et paysans,RIGHT_URC,train,1.0389917,False
EL192_L_1993_03_049_04_1_PF_01,1993-03-21,Union pour la démocratie française;Rassemblement pour la République,RIGHT_UPF,train,1.038977,False
EL176_L_1988_06_062_13_1_PF_04,1988-06-05,Parti communiste français,LEFT_PCF,train,1.0389383,False
EL189_L_1993_03_002_01_1_PF_04,1993-03-21,Verts;Génération écologie,ECO,train,1.0388958,False
EL174_L_1988_06_008_01_1_PF_03,1988-06-05,Front national,FAR_RIGHT_FN,train,1.0387731,False
EL174_L_1988_06_002_03_1_PF_02,1988-06-05,Front national,FAR_RIGHT_FN,train,1.038769,False
EL135_L_1981_06_062_13_1_PF_01,1981-06-14,Lutte ouvrière,FAR_LEFT,test,1.0387675,False
EL137_L_1981_06_091_01_1_PF_08,1981-06-14,Parti socialiste;Mouvement des radicaux de gauche,LEFT_PS,train,1.0386384,False
EL175_L_1988_06_050_01_1_PF_01,1988-06-05,Rassemblement pour la République;Union pour la démocratie française,RIGHT_URC,test,1.0386288,False
EL176_L_1988_06_068_01_1_PF_04,1988-06-05,Union pour la démocratie française;Rassemblement pour la République,RIGHT_URC,train,1.0385563,False
EL197_L_1993_03_090_01_1_PF_05,1993-03-21,Rassemblement pour la République;Union pour la démocratie française,RIGHT_UPF,train,1.0385365,False
EL192_L_1993_03_056_01_1_PF_01,1993-03-21,Union pour la démocratie française;Rassemblement pour la République,RIGHT_UPF,train,1.0384704,False
EL176_L_1988_06_069_09_1_PF_03,1988-06-05,Union pour la démocratie française,RIGHT_UDF,train,1.0384457,False
EL137_L_1981_06_092_13_1_PF_01,1981-06-14,Parti socialiste,LEFT_PS,train,1.0384016,False
EL192_L_1993_03_052_01_1_PF_07,1993-03-21,Verts;Génération écologie,ECO,train,1.0382808,False
EL198_L_1993_03_092_13_1_PF_04,1993-03-21,Verts;Génération écologie,ECO,train,1.0382367,False
EL191_L_1993_03_031_07_1_PF_04,1993-03-21,Front national,FAR_RIGHT_FN,train,1.0381969,False
EL137_L_1981_06_092_02_1_PF_03,1981-06-14,Parti communiste français,LEFT_PCF,train,1.0381725,False
EL134_L_1981_06_003_02_1_PF_05,1981-06-14,Parti socialiste,LEFT_PS,test,1.0380882,False
EL193_L_1993_03_061_03_1_PF_02,1993-03-21,Rassemblement pour la République,RIGHT_RPR,train,1.0380765,False
EL191_L_1993_03_031_01_1_PF_01,1993-03-21,Parti communiste français,LEFT_PCF,train,1.0380262,False
EL192_L_1993_03_048_02_1_PF_03,1993-03-21,Verts;Génération écologie,ECO,train,1.0379344,False
EL137_L_1981_06_092_03_1_PF_05,1981-06-14,Parti socialiste,LEFT_PS,test,1.0377637,False
EL136_L_1981_06_072_04_1_PF_04,1981-06-14,Lutte ouvrière,FAR_LEFT,train,1.0377415,False
EL176_L_1988_06_071_05_1_PF_04,1988-06-05,Front national,FAR_RIGHT_FN,train,1.0377322,False
EL196_L_1993_03_078_06_1_PF_01,1993-03-21,Rassemblement pour la République;Union pour la démocratie française,RIGHT_UPF,train,1.0376145,False
EL189_L_1993_03_015_01_2_PF_01,1993-03-28,Rassemblement pour la République;Union pour la démocratie française,RIGHT_UPF,test,1.037559,False
EL134_L_1981_06_002_04_1_PF_01,1981-06-14,Parti communiste français,LEFT_PCF,train,1.0375429,False
EL195_L_1993_03_075_08_1_PF_06,1993-03-21,Verts;Génération écologie,ECO,train,1.0373633,False
EL191_L_1993_03_035_05_1_PF_02,1993-03-21,Parti communiste français,LEFT_PCF,train,1.037362,False
EL192_L_1993_03_054_04_1_PF_07,1993-03-21,Parti socialiste,LEFT_PS,train,1.0373183,False
EL190_L_1993_03_026_02_1_PF_06,1993-03-21,Verts;Génération écologie,ECO,train,1.0373054,False
EL195_L_1993_03_075_11_1_PF_05,1993-03-21,Rassemblement pour la République;Union pour la démocratie française,RIGHT_UPF,train,1.0373026,False
EL137_L_1981_06_086_03_1_PF_02,1981-06-14,Parti communiste français,LEFT_PCF,train,1.0372548,False
EL192_L_1993_03_045_05_1_PF_07,1993-03-21,Verts;Génération écologie,ECO,train,1.0371928,False
EL191_L_1993_03_031_02_1_PF_04,1993-03-21,Front national,FAR_RIGHT_FN,train,1.0371871,False
EL176_L_1988_06_069_08_1_PF_01,1988-06-05,Parti communiste français,LEFT_PCF,test,1.0371304,False
EL134_L_1981_06_018_01_1_PF_05,1981-06-14,Parti socialiste,LEFT_PS,test,1.0370729,False
EL193_L_1993_03_063_04_1_PF_02,1993-03-21,Parti socialiste,LEFT_PS,train,1.037058,False
EL136_L_1981_06_075_23_1_PF_06,1981-06-14,Rassemblement pour la République;Union pour la démocratie française,RIGHT_UNM,train,1.0370265,False
EL189_L_1993_03_006_05_1_PF_03,1993-03-21,Parti socialiste,LEFT_PS,train,1.0369977,False
EL137_L_1981_06_079_01_1_PF_05,1981-06-14,Rassemblement pour la République,RIGHT_RPR,train,1.0369649,False
EL174_L_1988_06_002_03_2_PF_01,1988-06-12,Union pour la démocratie française;Rassemblement pour la République,RIGHT_URC,test,1.0369595,False
EL192_L_1993_03_045_02_1_PF_02,1993-03-21,Solidarité écologie gauche alternative,ECO,train,1.0369276,False
EL191_L_1993_03_031_07_1_PF_05,1993-03-21,Parti communiste français,LEFT_PCF,train,1.0368775,False
EL137_L_1981_06_082_01_1_PF_03,1981-06-14,Parti communiste français,LEFT_PCF,train,1.0368639,False
EL135_L_1981_06_057_01_1_PF_05,1981-06-14,Parti socialiste,LEFT_PS,train,1.0368016,False
EL174_L_1988_06_013_02_1_PF_03,1988-06-05,Rassemblement pour la République;Union pour la démocratie française,RIGHT_URC,train,1.0367275,False
EL192_L_1993_03_044_02_1_PF_02,1993-03-21,Parti communiste français,LEFT_PCF,train,1.0366224,False
EL174_L_1988_06_014_04_1_PF_01,1988-06-05,Front national,FAR_RIGHT_FN,train,1.0366026,False
EL191_L_1993_03_034_01_1_PF_02,1993-03-21,Parti communiste français,LEFT_PCF,train,1.0366024,False
EL177_L_1988_06_080_05_1_PF_04,1988-06-05,Front national,FAR_RIGHT_FN,train,1.0364834,False
EL177_L_1988_06_075_07_1_PF_07,1988-06-05,Front national,FAR_RIGHT_FN,train,1.0364422,False
EL177_L_1988_06_075_10_2_PF_02,1988-06-12,Rassemblement pour la République;Union pour la démocratie française,RIGHT_URC,train,1.0364404,False
EL192_L_1993_03_057_07_1_PF_04,1993-03-21,Verts;Génération écologie,ECO,test,1.0363927,False
EL137_L_1981_06_093_02_1_PF_05,1981-06-14,Rassemblement pour la République,RIGHT_RPR,train,1.036348,False
EL134_L_1981_06_025_03_1_PF_01,1981-06-14,Parti socialiste unifié,LEFT_PS,train,1.0362225,False
EL175_L_1988_06_051_05_1_PF_03,1988-06-05,Rassemblement pour la République;Union pour la démocratie française,RIGHT_URC,test,1.0362097,False
EL134_L_1981_06_013_03_1_PF_02,1981-06-14,Rassemblement pour la République;Parti républicain;Centre des démocrates sociaux,RIGHT_RPR,train,1.0360292,False
EL198_L_1993_03_095_09_1_PF_05,1993-03-21,Verts;Génération écologie,ECO,train,1.0359646,False
EL192_L_1993_03_054_04_1_PF_03,1993-03-21,Parti communiste français,LEFT_PCF,train,1.0358571,False
EL194_L_1993_03_066_01_1_PF_05,1993-03-21,Génération écologie;Verts,ECO,test,1.0357713,False
EL135_L_1981_06_040_03_1_PF_03,1981-06-14,Union pour la démocratie française;Rassemblement pour la République,RIGHT_UNM,train,1.0356994,False
EL175_L_1988_06_047_03_1_PF_02,1988-06-05,Parti communiste français,LEFT_PCF,train,1.0356336,False
EL174_L_1988_06_013_06_1_PF_03,1988-06-05,Rassemblement pour la République;Union pour la démocratie française,RIGHT_URC,train,1.0355896,False
EL190_L_1993_03_028_01_1_PF_04,1993-03-21,Verts,ECO,test,1.0355691,False
EL193_L_1993_03_060_01_1_PF_06,1993-03-21,Verts;Génération écologie,ECO,test,1.0355538,False
EL177_L_1988_06_083_01_2_PF_01,1988-06-12,Rassemblement pour la République;Union pour la démocratie française,RIGHT_URC,train,1.0355371,False
EL134_L_1981_06_028_02_1_PF_06,1981-06-14,Front national,FAR_RIGHT_FN,train,1.0353997,False
EL195_L_1993_03_071_01_1_PF_02,1993-03-21,Parti communiste français,LEFT_PCF,test,1.0353225,False
EL198_L_1993_03_094_09_1_PF_04,1993-03-21,Verts;Génération écologie,ECO,test,1.0352414,False
EL177_L_1988_06_080_05_1_PF_03,1988-06-05,Parti communiste français,LEFT_PCF,train,1.0351694,False
EL176_L_1988_06_057_06_1_PF_01,1988-06-05,Parti communiste français,LEFT_PCF,test,1.0351065,False
EL191_L_1993_03_042_04_2_PF_02,1993-03-28,Union pour la démocratie française;Rassemblement pour la République,RIGHT_UPF,train,1.0350332,False
EL193_L_1993_03_062_04_1_PF_02,1993-03-21,Parti communiste français,LEFT_PCF,train,1.034997,False
EL189_L_1993_03_007_02_1_PF_02,1993-03-21,Parti socialiste,LEFT_PS,train,1.0349772,False
EL189_L_1993_03_007_01_1_PF_07,1993-03-21,Front national,FAR_RIGHT_FN,train,1.0349584,False
EL190_L_1993_03_017_04_1_PF_03,1993-03-21,Verts;Génération écologie,ECO,train,1.034925,False
EL191_L_1993_03_042_04_1_PF_01,1993-03-21,Parti communiste français;Alternative rouge et verte;Refondations;Convergences et démocratie;Espoirs 93;Alternative démocratie socialisme,LEFT_PCF,train,1.034911,False
EL195_L_1993_03_073_02_1_PF_03,1993-03-21,Front national,FAR_RIGHT_FN,test,1.0348653,False
EL134_L_1981_06_021_02_1_PF_01,1981-06-14,Rassemblement pour la République;Union pour la démocratie française,RIGHT_UNM,train,1.034844,False
EL137_L_1981_06_076_09_1_PF_06,1981-06-14,Rassemblement pour la République,RIGHT_RPR,train,1.0348403,False
EL189_L_1993_03_004_01_1_PF_02,1993-03-21,Verts;Génération écologie,ECO,train,1.0348314,False
EL197_L_1993_03_091_08_1_PF_01,1993-03-21,Parti socialiste,LEFT_PS,train,1.0347195,False
EL192_L_1993_03_054_02_1_PF_12,1993-03-21,Nouveaux écologistes du rassemblement nature et animaux;Union nationale écologiste;Parti pour la défense des animaux;Mouvement universaliste,ECO,train,1.0346696,False
EL189_L_1993_03_013_04_1_PF_09,1993-03-21,Nouveaux écologistes du rassemblement nature et animaux,ECO,train,1.0346696,False
EL137_L_1981_06_091_03_1_PF_01,1981-06-14,Parti socialiste,LEFT_PS,test,1.0346193,False
EL176_L_1988_06_065_01_1_PF_04,1988-06-05,Front national,FAR_RIGHT_FN,train,1.0346084,False
EL175_L_1988_06_049_04_1_PF_04,1988-06-05,Front national,FAR_RIGHT_FN,train,1.0345261,False
EL190_L_1993_03_028_03_1_PF_02,1993-03-21,Solidarité écologie gauche alternative,ECO,train,1.0342803,False
EL196_L_1993_03_078_11_2_PF_02,1993-03-28,Parti socialiste,LEFT_PS,train,1.0341862,False
EL195_L_1993_03_075_11_1_PF_02,1993-03-21,Front national,FAR_RIGHT_FN,train,1.0341102,False
EL189_L_1993_03_015_01_1_PF_04,1993-03-21,Génération écologie,ECO,train,1.0340906,False
EL192_L_1993_03_055_01_1_PF_01,1993-03-21,Parti communiste français,LEFT_PCF,train,1.0339167,False
EL190_L_1993_03_018_02_2_PF_01,1993-03-28,Rassemblement pour la République;Union pour la démocratie française,RIGHT_UPF,train,1.0338843,False
EL189_L_1993_03_006_03_1_PF_13,1993-03-21,Rassemblement pour la République;Centre national des indépendants,RIGHT_RPR,train,1.0338458,False
EL190_L_1993_03_024_02_1_PF_04,1993-03-21,Verts;Génération écologie,ECO,train,1.0337657,False
EL192_L_1993_03_048_01_1_PF_01,1993-03-21,Verts;Génération écologie,ECO,train,1.0337516,False
EL191_L_1993_03_032_02_1_PF_03,1993-03-21,Génération écologie;Verts,ECO,train,1.0336163,False
EL190_L_1993_03_017_05_1_PF_04,1993-03-21,Rassemblement pour la République;Union pour la démocratie française,RIGHT_UPF,train,1.0335637,False
EL134_L_1981_06_005_02_1_PF_03,1981-06-14,Parti socialiste,LEFT_PS,test,1.0335201,False
EL136_L_1981_06_067_04_2_PF_01,1981-06-21,Parti socialiste,LEFT_PS,train,1.0334694,False
EL137_L_1981_06_083_04_1_PF_05,1981-06-14,Parti socialiste,LEFT_PS,train,1.0333502,False
EL137_L_1981_06_092_02_1_PF_07,1981-06-14,Parti socialiste,LEFT_PS,train,1.0331733,False
EL191_L_1993_03_037_04_1_PF_02,1993-03-21,Union pour la démocratie française;Rassemblement pour la République,RIGHT_UPF,train,1.0331451,False
EL190_L_1993_03_018_03_1_PF_01,1993-03-21,Lutte ouvrière,FAR_LEFT,train,1.0330307,False
EL195_L_1993_03_075_15_1_PF_10,1993-03-21,Nouveaux écologistes du rassemblement nature et animaux,ECO,train,1.0328375,False
EL136_L_1981_06_075_13_1_PF_02,1981-06-14,Parti socialiste unifié,LEFT_PS,train,1.0327153,False
EL176_L_1988_06_069_07_2_PF_01,1988-06-12,Parti socialiste,LEFT_PS,train,1.0327115,False
EL192_L_1993_03_055_02_1_PF_06,1993-03-21,Union pour la démocratie française;Rassemblement pour la République,RIGHT_UPF,train,1.0326204,False
EL189_L_1993_03_014_04_1_PF_01,1993-03-21,Génération écologie,ECO,train,1.0325816,False
EL193_L_1993_03_060_07_1_PF_05,1993-03-21,Verts;Génération écologie,ECO,test,1.0323337,False
EL177_L_1988_06_095_04_2_PF_02,1988-06-12,Centre national des indépendants et paysans;Rassemblement pour la République;Union pour la démocratie française;non inscrits,RIGHT_URC,train,1.0323254,False
EL191_L_1993_03_042_03_2_PF_02,1993-03-28,Union pour la démocratie française;Rassemblement pour la République,RIGHT_UPF,train,1.032222,False
EL193_L_1993_03_062_13_1_PF_02,1993-03-21,Parti communiste français,LEFT_PCF,train,1.0321158,False
EL134_L_1981_06_011_01_1_PF_04,1981-06-14,Union pour la démocratie française;Rassemblement pour la République,RIGHT_UNM,train,1.0319784,False
EL176_L_1988_06_060_04_1_PF_04,1988-06-05,Front national,FAR_RIGHT_FN,test,1.0319296,False
EL135_L_1981_06_059_19_1_PF_02,1981-06-14,Parti socialiste unifié,LEFT_PS,train,1.0318588,False
EL193_L_1993_03_062_02_1_PF_02,1993-03-21,Parti communiste français,LEFT_PCF,train,1.0318106,False
EL136_L_1981_06_075_26_2_PF_02,1981-06-21,Parti socialiste,LEFT_PS,train,1.0317498,False
EL134_L_1981_06_017_04_1_PF_02,1981-06-14,Parti socialiste,LEFT_PS,train,1.03172,False
EL177_L_1988_06_094_10_1_PF_04,1988-06-05,Parti socialiste,LEFT_PS,test,1.0316861,False
EL136_L_1981_06_069_07_1_PF_04,1981-06-14,Parti socialiste;Mouvement des radicaux de gauche,LEFT_PS,train,1.0316684,False
EL192_L_1993_03_053_01_1_PF_03,1993-03-21,Union pour la démocratie française;Rassemblement pour la République,RIGHT_UPF,train,1.031644,False
EL192_L_1993_03_044_01_2_PF_01,1993-03-28,Parti socialiste,LEFT_PS,train,1.0316049,False
EL134_L_1981_06_010_03_2_PF_02,1981-06-21,Parti socialiste,LEFT_PS,train,1.0314572,False
EL177_L_1988_06_094_04_1_PF_02,1988-06-05,Front national,FAR_RIGHT_FN,train,1.0313915,False
EL136_L_1981_06_075_03_1_PF_01,1981-06-14,Union pour la démocratie française;Rassemblement pour la République,RIGHT_UNM,train,1.0313673,False
EL135_L_1981_06_040_02_1_PF_01,1981-06-14,Parti communiste français,LEFT_PCF,train,1.031351,False
EL135_L_1981_06_051_03_1_PF_04,1981-06-14,Mouvement des démocrates;Comité national des gaullistes de gauche;Mouvement des radicaux de gauche,LEFT_PS,train,1.0313438,False
EL194_L_1993_03_064_02_1_PF_04,1993-03-21,Union pour la démocratie française;Rassemblement pour la République,RIGHT_UPF,train,1.0313137,False
EL136_L_1981_06_075_06_1_PF_04,1981-06-14,Parti socialiste,LEFT_PS,train,1.0312984,False
EL177_L_1988_06_081_02_2_PF_01,1988-06-12,Parti socialiste,LEFT_PS,train,1.0311257,False
EL177_L_1988_06_091_07_1_PF_01,1988-06-05,Parti communiste français,LEFT_PCF,train,1.0309305,False
EL136_L_1981_06_075_24_2_PF_01,1981-06-21,Parti socialiste,LEFT_PS,train,1.0308923,False
EL136_L_1981_06_075_17_1_PF_02,1981-06-14,Parti communiste français,LEFT_PCF,train,1.030884,False
EL196_L_1993_03_081_03_1_PF_04,1993-03-21,Parti communiste français,LEFT_PCF,train,1.0308232,False
EL135_L_1981_06_044_05_1_PF_04,1981-06-14,Parti socialiste,LEFT_PS,train,1.0307938,False
EL193_L_1993_03_062_08_1_PF_02,1993-03-21,Parti communiste français,LEFT_PCF,train,1.030785,False
EL176_L_1988_06_056_06_1_PF_01,1988-06-05,Parti communiste français,LEFT_PCF,test,1.03067,False
EL176_L_1988_06_065_02_1_PF_03,1988-06-05,Parti communiste français,LEFT_PCF,train,1.0306648,False
EL134_L_1981_06_014_01_1_PF_03,1981-06-14,Parti communiste français,LEFT_PCF,train,1.0306271,False
EL135_L_1981_06_060_04_1_PF_02,1981-06-14,Parti communiste français,LEFT_PCF,train,1.0305669,False
EL176_L_1988_06_069_07_1_PF_02,1988-06-05,Front national,FAR_RIGHT_FN,train,1.030537,False
EL197_L_1993_03_091_04_1_PF_01,1993-03-21,Union pour la démocratie française;Rassemblement pour la République,RIGHT_UPF,train,1.0305213,False
EL197_L_1993_03_086_02_1_PF_01,1993-03-21,Ecologie les Verts;Génération écologie,ECO,test,1.0304673,False
EL196_L_1993_03_077_08_1_PF_05,1993-03-21,Verts,ECO,train,1.0304118,False
EL137_L_1981_06_092_09_1_PF_06,1981-06-14,Parti socialiste,LEFT_PS,train,1.0301951,False
EL177_L_1988_06_093_08_1_PF_03,1988-06-05,Centre national des indépendants et paysans;Rassemblement pour la République;Union pour la démocratie française,RIGHT_URC,train,1.0299766,False
EL137_L_1981_06_091_02_1_PF_07,1981-06-14,Ligue communiste révolutionnaire,FAR_LEFT,train,1.029874,False
EL176_L_1988_06_062_07_1_PF_03,1988-06-05,Parti communiste français,LEFT_PCF,train,1.0298105,False
EL137_L_1981_06_078_02_1_PF_02,1981-06-14,Parti socialiste,LEFT_PS,train,1.0296701,False
EL135_L_1981_06_048_01_1_PF_04,1981-06-14,Parti communiste français,LEFT_PCF,train,1.0294306,False
EL194_L_1993_03_069_10_1_PF_04,1993-03-21,Union pour la démocratie française;Rassemblement pour la République,RIGHT_UPF,train,1.0293623,False
EL193_L_1993_03_059_15_1_PF_08,1993-03-21,Ligue communiste révolutionnaire,FAR_LEFT,train,1.0293609,False
EL194_L_1993_03_066_02_1_PF_07,1993-03-21,Front national,FAR_RIGHT_FN,train,1.0293244,False
EL176_L_1988_06_072_05_1_PF_03,1988-06-05,Parti communiste français,LEFT_PCF,test,1.0292786,False
EL174_L_1988_06_023_01_1_PF_05,1988-06-05,Parti socialiste,LEFT_PS,test,1.029242,False
EL135_L_1981_06_061_02_1_PF_01,1981-06-14,Centre des démocrates sociaux;Union pour la démocratie française;Rassemblement pour la République,RIGHT_UNM,train,1.029183,False
EL198_L_1993_03_095_01_1_PF_05,1993-03-21,Verts;Génération écologie,ECO,train,1.02907,False
EL192_L_1993_03_054_04_2_PF_01,1993-03-28,Union pour la démocratie française;Rassemblement pour la République,RIGHT_UPF,train,1.028916,False
EL193_L_1993_03_062_05_1_PF_02,1993-03-21,Parti communiste français,LEFT_PCF,train,1.028843,False
EL190_L_1993_03_022_05_1_PF_06,1993-03-21,Front national,FAR_RIGHT_FN,train,1.0287654,False
EL195_L_1993_03_075_20_1_PF_02,1993-03-21,Parti communiste français,LEFT_PCF,train,1.0287215,False
EL136_L_1981_06_069_12_1_PF_05,1981-06-14,Rassemblement pour la République;Union pour la démocratie française,RIGHT_UNM,train,1.0286936,False
EL190_L_1993_03_019_01_2_PF_01,1993-03-28,Rassemblement pour la République;Union pour la démocratie française,RIGHT_UPF,train,1.0286907,False
EL191_L_1993_03_041_02_1_PF_05,1993-03-21,Union pour la démocratie française;Rassemblement pour la République,RIGHT_UPF,train,1.0286651,False
EL197_L_1993_03_086_03_1_PF_02,1993-03-21,Ecologie les Verts;Génération écologie,ECO,train,1.0286463,False
EL198_L_1993_03_092_06_1_PF_04,1993-03-21,Verts;Génération écologie,ECO,train,1.0284979,False
EL195_L_1993_03_075_12_1_PF_02,1993-03-21,Rassemblement pour la République;Union pour la démocratie française,RIGHT_UPF,test,1.0284724,False
EL134_L_1981_06_014_03_1_PF_02,1981-06-14,Parti communiste français,LEFT_PCF,train,1.028445,False
EL191_L_1993_03_037_05_1_PF_01,1993-03-21,Lutte ouvrière,FAR_LEFT,test,1.0284275,False
EL134_L_1981_06_004_02_1_PF_02,1981-06-14,Parti socialiste,LEFT_PS,train,1.0284269,False
EL196_L_1993_03_076_04_1_PF_02,1993-03-21,Génération écologie;Verts,ECO,train,1.0284165,False
EL175_L_1988_06_039_03_2_PF_01,1988-06-12,Parti socialiste,LEFT_PS,train,1.0283297,False
EL192_L_1993_03_055_02_1_PF_01,1993-03-21,Parti communiste français,LEFT_PCF,train,1.0281867,False
EL193_L_1993_03_061_03_2_PF_03,1993-03-28,Rassemblement pour la République,RIGHT_RPR,train,1.0281225,False
EL192_L_1993_03_057_07_2_PF_01,1993-03-28,Rassemblement pour la République;Union pour la démocratie française,RIGHT_UPF,train,1.0280478,False
EL136_L_1981_06_074_02_1_PF_03,1981-06-14,Parti socialiste,LEFT_PS,train,1.02804,False
EL198_L_1993_03_093_13_1_PF_03,1993-03-21,Parti communiste français,LEFT_PCF,train,1.0279928,False
EL193_L_1993_03_062_12_1_PF_02,1993-03-21,Parti communiste français,LEFT_PCF,train,1.027921,False
EL134_L_1981_06_016_02_1_PF_01,1981-06-14,Parti communiste français,LEFT_PCF,train,1.0278537,False
EL135_L_1981_06_047_01_1_PF_03,1981-06-14,Union pour la démocratie française;Rassemblement pour la République,RIGHT_UNM,train,1.0278537,False
EL191_L_1993_03_033_08_1_PF_02,1993-03-21,Génération écologie;Verts,ECO,train,1.0278422,False
EL192_L_1993_03_047_01_1_PF_04,1993-03-21,Verts;Génération écologie,ECO,train,1.0278323,False
EL176_L_1988_06_071_03_1_PF_04,1988-06-05,Front national,FAR_RIGHT_FN,train,1.0278028,False
EL134_L_1981_06_026_02_1_PF_01,1981-06-14,Parti communiste français,LEFT_PCF,test,1.0277946,False
EL174_L_1988_06_024_02_1_PF_02,1988-06-05,Rassemblement pour la République;Union pour la démocratie française,RIGHT_URC,test,1.027733,False
EL177_L_1988_06_094_07_1_PF_01,1988-06-05,Union pour la démocratie française;Rassemblement pour la République;Centre national des indépendants et paysans;Centre des démocrates sociaux;Parti républicain;Parti radical-socialiste;Union gaulliste pour la démocratie;Collège pour une société de participation;Union des jeunes pour le progrès;Mouvement femme avenir Centre féminin d'études et d'informations;Cercle liberté et humanisme,LEFT_PS,train,1.0275025,False
EL177_L_1988_06_078_07_1_PF_03,1988-06-05,Parti communiste français,LEFT_PCF,train,1.027459,False
EL190_L_1993_03_027_03_1_PF_02,1993-03-21,Génération écologie,ECO,train,1.0274487,False
EL189_L_1993_03_003_02_1_PF_02,1993-03-21,Parti communiste français,LEFT_PCF,train,1.0274285,False
EL191_L_1993_03_031_02_1_PF_01,1993-03-21,Rassemblement pour la République;Union pour la démocratie française,RIGHT_UPF,train,1.0273776,False
EL191_L_1993_03_042_04_1_PF_03,1993-03-21,Union pour la démocratie française;Rassemblement pour la République,RIGHT_UPF,test,1.0273349,False
EL174_L_1988_06_001_03_1_PF_04,1988-06-05,Front national,FAR_RIGHT_FN,train,1.0273279,False
EL193_L_1993_03_063_01_1_PF_08,1993-03-21,Union pour la démocratie française,RIGHT_UDF,train,1.0273063,False
EL136_L_1981_06_071_02_2_PF_01,1981-06-21,Mouvement des radicaux de gauche,LEFT_PS,train,1.0272634,False
EL134_L_1981_06_024_02_1_PF_02,1981-06-14,Parti communiste français,LEFT_PCF,train,1.0271614,False
EL198_L_1993_03_092_09_1_PF_04,1993-03-21,Rassemblement pour la République;Union pour la démocratie française,RIGHT_UPF,train,1.0271288,False
EL134_L_1981_06_024_03_1_PF_01,1981-06-14,Parti communiste français,LEFT_PCF,test,1.0271276,False
EL174_L_1988_06_001_01_1_PF_05,1988-06-05,Parti communiste français,LEFT_PCF,train,1.0270448,False
EL197_L_1993_03_083_01_1_PF_06,1993-03-21,Union pour la démocratie française;Rassemblement pour la République,RIGHT_UPF,train,1.0268695,False
EL134_L_1981_06_013_05_1_PF_02,1981-06-14,Union pour la démocratie française;Rassemblement pour la République;Centre national des indépendants,RIGHT_UNM,train,1.0267276,False
EL192_L_1993_03_054_01_1_PF_04,1993-03-21,Union pour la démocratie française;Rassemblement pour la République,RIGHT_UPF,train,1.0267003,False
EL135_L_1981_06_062_06_1_PF_01,1981-06-14,Parti socialiste unifié;écologistes,LEFT_PS,test,1.0266573,False
EL191_L_1993_03_041_02_1_PF_04,1993-03-21,Parti communiste français,LEFT_PCF,train,1.0266412,False
EL174_L_1988_06_025_03_2_PF_02,1988-06-12,Parti socialiste,LEFT_PS,train,1.026628,False
EL137_L_1981_06_086_02_1_PF_04,1981-06-14,Parti communiste français,LEFT_PCF,train,1.0266072,False
EL189_L_1993_03_013_11_1_PF_05,1993-03-21,Union pour la démocratie française;Rassemblement pour la République,RIGHT_UPF,train,1.0265529,False
EL135_L_1981_06_040_01_1_PF_01,1981-06-14,Parti communiste français,LEFT_PCF,train,1.0264878,False
EL198_L_1993_03_093_01_1_PF_04,1993-03-21,Verts;Génération écologie,ECO,train,1.0264287,False
EL174_L_1988_06_001_01_1_PF_03,1988-06-05,Rassemblement pour la République;Union pour la démocratie française,RIGHT_URC,train,1.0264236,False
EL137_L_1981_06_089_01_1_PF_03,1981-06-14,Parti communiste français,LEFT_PCF,train,1.0263823,False
EL197_L_1993_03_083_01_1_PF_04,1993-03-21,Ecologie les Verts;Génération écologie,ECO,test,1.0263512,False
EL191_L_1993_03_040_01_1_PF_03,1993-03-21,Génération écologie;Verts,ECO,train,1.026323,False
EL136_L_1981_06_075_08_1_PF_05,1981-06-14,Parti socialiste,LEFT_PS,test,1.0262934,False
EL137_L_1981_06_094_06_2_PF_01,1981-06-21,Rassemblement pour la République;Union pour la démocratie française;Centre national des indépendants;Centre des démocrates sociaux;Parti républicain;Parti radical;Union travailliste;Collège pour une société de participation;Union des jeunes pour le progrès;Centre féminin d'études et d'information,RIGHT_UNM,test,1.0262864,False
EL193_L_1993_03_060_07_1_PF_01,1993-03-21,Lutte ouvrière,FAR_LEFT,train,1.0262762,False
EL196_L_1993_03_076_10_1_PF_02,1993-03-21,Génération écologie;Verts,ECO,train,1.0261905,False
EL177_L_1988_06_094_12_1_PF_04,1988-06-05,Front national,FAR_RIGHT_FN,train,1.0261642,False
EL193_L_1993_03_062_01_1_PF_05,1993-03-21,Parti communiste français,LEFT_PCF,train,1.0260847,False
EL198_L_1993_03_095_02_1_PF_05,1993-03-21,Front national,FAR_RIGHT_FN,train,1.0260701,False
EL196_L_1993_03_078_06_1_PF_05,1993-03-21,Front national,FAR_RIGHT_FN,train,1.026005,False
EL137_L_1981_06_092_01_1_PF_03,1981-06-14,Parti socialiste,LEFT_PS,train,1.0260009,False
EL137_L_1981_06_088_03_1_PF_04,1981-06-14,Centre national des indépendants;Rassemblement pour la République;Union pour la démocratie française,RIGHT_UNM,train,1.0259881,False
EL195_L_1993_03_071_06_1_PF_03,1993-03-21,Verts;Génération écologie,ECO,train,1.0259466,False
EL192_L_1993_03_044_01_1_PF_05,1993-03-21,Verts;Génération écologie,ECO,train,1.0258371,False
EL134_L_1981_06_013_08_1_PF_04,1981-06-14,Parti socialiste,LEFT_PS,train,1.0258216,False
EL194_L_1993_03_069_09_1_PF_04,1993-03-21,Génération écologie;Verts,ECO,train,1.025821,False
EL175_L_1988_06_054_01_1_PF_03,1988-06-05,Parti socialiste,LEFT_PS,train,1.0258152,False
EL175_L_1988_06_053_02_1_PF_03,1988-06-05,Parti communiste français,LEFT_PCF,train,1.0257007,False
EL137_L_1981_06_095_05_1_PF_04,1981-06-14,Parti socialiste unifié,LEFT_PS,train,1.0256253,False
EL135_L_1981_06_059_07_1_PF_02,1981-06-14,Lutte ouvrière,FAR_LEFT,train,1.025564,False
EL198_L_1993_03_095_02_1_PF_09,1993-03-21,Parti socialiste,LEFT_PS,train,1.0255523,False
EL176_L_1988_06_069_08_1_PF_03,1988-06-05,Union pour la démocratie française;Rassemblement pour la République,RIGHT_URC,test,1.0255294,False
EL196_L_1993_03_081_01_1_PF_04,1993-03-21,Parti communiste français,LEFT_PCF,train,1.0255221,False
EL136_L_1981_06_069_03_1_PF_02,1981-06-14,Parti socialiste unifié,LEFT_PS,train,1.0255091,False
EL177_L_1988_06_094_12_1_PF_01,1988-06-05,Parti socialiste,LEFT_PS,train,1.0254506,False
EL135_L_1981_06_059_17_2_PF_01,1981-06-21,Parti socialiste,LEFT_PS,train,1.025439,False
EL135_L_1981_06_062_02_1_PF_01,1981-06-14,Parti communiste français,LEFT_PCF,test,1.0254028,False
EL195_L_1993_03_075_09_1_PF_11,1993-03-21,Rassemblement pour la République;Union pour la démocratie française,RIGHT_UPF,train,1.0254008,False
EL134_L_1981_06_015_01_1_PF_03,1981-06-14,Rassemblement pour la République,RIGHT_RPR,test,1.0253516,False
EL189_L_1993_03_013_08_2_PF_01,1993-03-28,Rassemblement pour la République;Union pour la démocratie française,RIGHT_UPF,train,1.0252894,False
EL189_L_1993_03_003_02_1_PF_01,1993-03-21,Verts;Génération écologie,ECO,train,1.0252191,False
EL189_L_1993_03_001_01_1_PF_04,1993-03-21,Lutte ouvrière,FAR_LEFT,train,1.0252172,False
EL195_L_1993_03_075_21_1_PF_01,1993-03-21,Verts;Génération écologie,ECO,train,1.0251588,False
EL195_L_1993_03_074_05_2_PF_01,1993-03-28,Rassemblement pour la République;Union pour la démocratie française,RIGHT_UPF,train,1.0250163,False
EL134_L_1981_06_013_07_1_PF_05,1981-06-14,Parti socialiste,LEFT_PS,test,1.0249807,False
EL191_L_1993_03_031_01_1_PF_06,1993-03-21,Verts;Génération écologie,ECO,train,1.0249287,False
EL134_L_1981_06_022_02_1_PF_02,1981-06-14,Parti communiste français,LEFT_PCF,test,1.0249194,False
EL194_L_1993_03_064_05_1_PF_04,1993-03-21,Génération écologie;Verts,ECO,train,1.024851,False
EL195_L_1993_03_075_09_1_PF_09,1993-03-21,Verts;Génération écologie,ECO,train,1.0247957,False
EL191_L_1993_03_036_01_1_PF_07,1993-03-21,Verts;Génération écologie,ECO,train,1.0246962,False
EL135_L_1981_06_045_02_1_PF_04,1981-06-14,Rassemblement pour la République,RIGHT_RPR,train,1.024557,False
EL196_L_1993_03_076_09_1_PF_05,1993-03-21,Union pour la démocratie française;Rassemblement pour la République,RIGHT_UPF,train,1.024553,False
EL190_L_1993_03_022_04_1_PF_04,1993-03-21,Verts;Génération écologie,ECO,train,1.0244561,False
EL195_L_1993_03_075_21_1_PF_02,1993-03-21,Rassemblement pour la République;Union pour la démocratie française,RIGHT_UPF,train,1.0244458,False
EL135_L_1981_06_058_01_1_PF_02,1981-06-14,Parti communiste français,LEFT_PCF,test,1.02439,False
EL135_L_1981_06_044_02_1_PF_04,1981-06-14,Parti communiste français,LEFT_PCF,test,1.0243591,False
EL135_L_1981_06_059_22_1_PF_04,1981-06-14,Union pour la démocratie française,RIGHT_UDF,train,1.0243533,False
EL137_L_1981_06_089_03_1_PF_03,1981-06-14,Parti communiste français,LEFT_PCF,train,1.0242373,False
EL189_L_1993_03_002_05_1_PF_05,1993-03-21,Verts;Génération écologie,ECO,train,1.0241627,False
EL177_L_1988_06_075_09_1_PF_03,1988-06-05,Mouvement des radicaux de gauche;Parti socialiste;Républicains de progrès,LEFT_PS,train,1.02411,False
EL176_L_1988_06_071_02_1_PF_04,1988-06-05,Front national,FAR_RIGHT_FN,train,1.0241044,False
EL137_L_1981_06_094_02_1_PF_03,1981-06-14,Lutte ouvrière,FAR_LEFT,test,1.0239666,False
EL137_L_1981_06_092_12_1_PF_04,1981-06-14,Lutte ouvrière,FAR_LEFT,train,1.0239666,False
EL174_L_1988_06_009_02_1_PF_02,1988-06-05,Parti socialiste,LEFT_PS,train,1.023867,False
EL137_L_1981_06_090_02_1_PF_03,1981-06-14,Parti socialiste unifié,LEFT_PS,train,1.0238624,False
EL198_L_1993_03_093_05_1_PF_09,1993-03-21,Alliance pour l'écologie et la démocratie,ECO,test,1.0238458,False
EL197_L_1993_03_087_03_1_PF_02,1993-03-21,Ecologie les Verts;Génération écologie,ECO,train,1.0238457,False
EL136_L_1981_06_068_01_1_PF_04,1981-06-14,Parti socialiste,LEFT_PS,train,1.0238158,False
EL189_L_1993_03_005_01_1_PF_05,1993-03-21,Rassemblement pour la République,RIGHT_RPR,test,1.0238109,False
EL134_L_1981_06_027_02_1_PF_01,1981-06-14,Parti socialiste;Mouvement des radicaux de gauche,LEFT_PS,train,1.0237828,False
EL191_L_1993_03_037_01_1_PF_01,1993-03-21,Verts;Génération écologie,ECO,test,1.0237758,False
EL191_L_1993_03_037_02_1_PF_06,1993-03-21,Union pour la démocratie française;Rassemblement pour la République,RIGHT_UPF,train,1.0237657,False
EL193_L_1993_03_062_08_1_PF_05,1993-03-21,Verts;Génération écologie,ECO,train,1.0237416,False
EL134_L_1981_06_012_02_1_PF_01,1981-06-14,Parti communiste français,LEFT_PCF,train,1.0237386,False
EL196_L_1993_03_081_04_1_PF_01,1993-03-21,Rassemblement pour la République,RIGHT_RPR,train,1.0237099,False
EL136_L_1981_06_075_17_1_PF_03,1981-06-14,Front national,FAR_RIGHT_FN,train,1.0236712,False
EL192_L_1993_03_056_03_1_PF_05,1993-03-21,Parti socialiste,LEFT_PS,test,1.0236566,False
EL137_L_1981_06_078_08_1_PF_05,1981-06-14,Parti socialiste,LEFT_PS,train,1.0236033,False
EL135_L_1981_06_049_05_1_PF_01,1981-06-14,Lutte ouvrière,FAR_LEFT,train,1.0235835,False
EL195_L_1993_03_071_05_1_PF_04,1993-03-21,Verts;Génération écologie,ECO,test,1.023558,False
EL191_L_1993_03_042_01_1_PF_03,1993-03-21,Parti socialiste;Mouvement des radicaux de gauche;Club des démocrates,LEFT_PS,test,1.0235504,False
EL137_L_1981_06_092_01_1_PF_06,1981-06-14,Parti communiste français,LEFT_PCF,test,1.0235326,False
EL193_L_1993_03_059_20_1_PF_04,1993-03-21,Verts;Génération écologie,ECO,train,1.0234892,False
EL197_L_1993_03_084_03_1_PF_05,1993-03-21,Ecologie les Verts;Génération écologie,ECO,train,1.0234737,False
EL191_L_1993_03_038_06_1_PF_05,1993-03-21,Verts;Génération écologie,ECO,train,1.0234514,False
EL194_L_1993_03_067_03_2_PF_02,1993-03-28,Centre des démocrates sociaux;Union pour la démocratie française;Rassemblement pour la République,RIGHT_UPF,train,1.023436,False
EL134_L_1981_06_024_01_1_PF_03,1981-06-14,Rassemblement pour la République,RIGHT_RPR,train,1.0233804,False
EL193_L_1993_03_062_06_1_PF_06,1993-03-21,Verts;Génération écologie,ECO,train,1.0233645,False
EL197_L_1993_03_087_01_1_PF_07,1993-03-21,Union pour la démocratie française,RIGHT_UDF,train,1.0233467,False
EL196_L_1993_03_076_12_2_PF_02,1993-03-28,Rassemblement pour la République;Union pour la démocratie française,RIGHT_UPF,train,1.0232652,False
EL190_L_1993_03_030_04_1_PF_06,1993-03-21,Verts;Génération écologie,ECO,train,1.0232017,False
EL135_L_1981_06_060_04_1_PF_07,1981-06-14,Rassemblement pour la République;Union pour la démocratie française,RIGHT_UNM,train,1.0231758,False
EL176_L_1988_06_065_03_1_PF_05,1988-06-05,Parti communiste français,LEFT_PCF,test,1.0231483,False
EL137_L_1981_06_089_03_2_PF_01,1981-06-21,Parti communiste français;Mouvement des radicaux de gauche;Parti socialiste unifié,LEFT_PCF,test,1.0230908,False
EL192_L_1993_03_044_07_2_PF_02,1993-03-28,Parti socialiste,LEFT_PS,test,1.0230291,False
EL193_L_1993_03_062_10_2_PF_01,1993-03-28,Parti socialiste,LEFT_PS,test,1.023011,False
EL136_L_1981_06_075_10_2_PF_02,1981-06-21,Parti socialiste,LEFT_PS,test,1.022908,False
EL136_L_1981_06_075_27_2_PF_02,1981-06-21,Parti socialiste,LEFT_PS,train,1.0228721,False
EL136_L_1981_06_069_06_1_PF_02,1981-06-14,Rassemblement pour la République;Union pour la démocratie française,RIGHT_UNM,train,1.0228578,False
EL193_L_1993_03_060_06_1_PF_01,1993-03-21,Lutte ouvrière,FAR_LEFT,test,1.0228515,False
EL193_L_1993_03_059_08_1_PF_03,1993-03-21,Parti communiste français,LEFT_PCF,train,1.022818,False
EL189_L_1993_03_003_01_2_PF_02,1993-03-28,Parti socialiste,LEFT_PS,train,1.0227808,False
EL137_L_1981_06_085_01_1_PF_03,1981-06-14,Parti socialiste unifié,LEFT_PS,train,1.0227253,False
EL198_L_1993_03_092_09_1_PF_03,1993-03-21,Parti socialiste;Mouvement des radicaux de gauche,LEFT_PS,train,1.022722,False
EL198_L_1993_03_092_09_1_PF_05,1993-03-21,Verts;Génération écologie,ECO,test,1.0226965,False
EL134_L_1981_06_027_02_1_PF_02,1981-06-14,Parti communiste français,LEFT_PCF,train,1.0226778,False
EL194_L_1993_03_069_06_2_PF_02,1993-03-28,Union pour la démocratie française;Rassemblement pour la République,RIGHT_UPF,train,1.0225776,False
EL137_L_1981_06_091_01_1_PF_05,1981-06-14,Parti socialiste unifié,LEFT_PS,train,1.0225447,False
EL135_L_1981_06_059_17_1_PF_01,1981-06-14,Parti socialiste,LEFT_PS,train,1.0225213,False
EL189_L_1993_03_006_07_2_PF_01,1993-03-28,Front national,FAR_RIGHT_FN,train,1.0224689,False
EL192_L_1993_03_054_07_1_PF_04,1993-03-21,Union pour la démocratie française;Rassemblement pour la République,RIGHT_UPF,train,1.0223955,False
EL195_L_1993_03_075_08_1_PF_02,1993-03-21,Rassemblement pour la République;Union pour la démocratie française,RIGHT_UPF,train,1.0223749,False
EL190_L_1993_03_021_02_1_PF_04,1993-03-21,Verts;Génération écologie,ECO,train,1.0223359,False
EL135_L_1981_06_044_08_1_PF_03,1981-06-14,Rassemblement pour la République,RIGHT_RPR,train,1.0223298,False
EL136_L_1981_06_075_17_1_PF_05,1981-06-14,Rassemblement pour la République;Union pour la démocratie française,RIGHT_UNM,train,1.022326,False
EL175_L_1988_06_044_10_1_PF_01,1988-06-05,Parti communiste français,LEFT_PCF,train,1.0222688,False
EL191_L_1993_03_042_05_1_PF_01,1993-03-21,Génération écologie;Verts,ECO,train,1.0222174,False
EL135_L_1981_06_059_04_1_PF_03,1981-06-14,Ligue communiste révolutionnaire,FAR_LEFT,test,1.0221988,False
EL194_L_1993_03_069_09_2_PF_01,1993-03-28,Union pour la démocratie française;Rassemblement pour la République,RIGHT_UPF,train,1.0221838,False
EL135_L_1981_06_051_01_1_PF_01,1981-06-14,Lutte ouvrière,FAR_LEFT,train,1.0221475,False
EL196_L_1993_03_076_10_2_PF_01,1993-03-28,Union pour la démocratie française;Rassemblement pour la République,RIGHT_UPF,train,1.0221425,False
EL134_L_1981_06_004_01_1_PF_01,1981-06-14,Parti communiste français,LEFT_PCF,train,1.0220472,False
EL177_L_1988_06_076_12_1_PF_01,1988-06-05,Parti communiste français,LEFT_PCF,train,1.0220047,False
EL192_L_1993_03_051_05_1_PF_04,1993-03-21,Parti communiste français,LEFT_PCF,train,1.0219653,False
EL137_L_1981_06_093_03_1_PF_03,1981-06-14,Parti communiste français,LEFT_PCF,train,1.0219326,False
EL136_L_1981_06_069_03_2_PF_02,1981-06-21,Parti socialiste,LEFT_PS,train,1.021912,False
EL196_L_1993_03_078_01_1_PF_02,1993-03-21,Génération écologie,ECO,test,1.0218406,False
EL196_L_1993_03_079_01_1_PF_06,1993-03-21,Union pour la démocratie française;Rassemblement pour la République,RIGHT_UPF,train,1.0218109,False
EL189_L_1993_03_013_14_1_PF_04,1993-03-21,Ecologie les Verts;Génération écologie,ECO,test,1.0217419,False
EL134_L_1981_06_011_03_1_PF_01,1981-06-14,Parti communiste français,LEFT_PCF,train,1.0217222,False
EL137_L_1981_06_078_04_1_PF_03,1981-06-14,Parti socialiste,LEFT_PS,test,1.021693,False
EL189_L_1993_03_014_06_1_PF_01,1993-03-21,Ecologie les Verts;Génération écologie,ECO,train,1.0216788,False
EL176_L_1988_06_059_12_1_PF_02,1988-06-05,Parti communiste français,LEFT_PCF,train,1.0216786,False
EL193_L_1993_03_059_23_1_PF_05,1993-03-21,Verts;Génération écologie,ECO,test,1.0215787,False
EL194_L_1993_03_069_10_1_PF_03,1993-03-21,Front national,FAR_RIGHT_FN,train,1.0214282,False
EL194_L_1993_03_069_09_1_PF_09,1993-03-21,Parti communiste français,LEFT_PCF,train,1.0214194,False
EL192_L_1993_03_045_05_1_PF_02,1993-03-21,Front national,FAR_RIGHT_FN,train,1.0213867,False
EL134_L_1981_06_001_01_1_PF_05,1981-06-14,Rassemblement pour la République;Union pour la démocratie française;Centre national des indépendants,RIGHT_UNM,train,1.0213832,False
EL174_L_1988_06_002_04_1_PF_02,1988-06-05,Front national,FAR_RIGHT_FN,train,1.0213716,False
EL135_L_1981_06_045_01_1_PF_05,1981-06-14,Parti socialiste,LEFT_PS,train,1.0213441,False
EL134_L_1981_06_021_02_1_PF_03,1981-06-14,Parti communiste français,LEFT_PCF,train,1.0213276,False
EL135_L_1981_06_048_02_1_PF_03,1981-06-14,Parti communiste français,LEFT_PCF,test,1.0213138,False
EL136_L_1981_06_068_02_1_PF_04,1981-06-14,Rassemblement pour la République;Union pour la démocratie française,RIGHT_UNM,test,1.0212415,False
EL191_L_1993_03_033_04_1_PF_06,1993-03-21,Génération écologie;Verts,ECO,train,1.0212405,False
EL177_L_1988_06_080_02_2_PF_02,1988-06-12,Parti socialiste,LEFT_PS,train,1.0212094,False
EL189_L_1993_03_014_02_1_PF_09,1993-03-21,Parti communiste français,LEFT_PCF,train,1.0211998,False
EL194_L_1993_03_064_06_1_PF_03,1993-03-21,Génération écologie;Verts,ECO,train,1.0211709,False
EL192_L_1993_03_051_04_1_PF_02,1993-03-21,Parti communiste français,LEFT_PCF,train,1.021169,False
EL190_L_1993_03_027_04_1_PF_05,1993-03-21,Verts,ECO,train,1.0211457,False
EL197_L_1993_03_088_04_1_PF_01,1993-03-21,Rassemblement pour la République;Union pour la démocratie française,RIGHT_UPF,train,1.0207235,False
EL195_L_1993_03_075_11_1_PF_01,1993-03-21,Verts;Génération écologie,ECO,train,1.0207082,False
EL174_L_1988_06_022_03_1_PF_04,1988-06-05,Rassemblement pour la République;Union pour la démocratie française,RIGHT_URC,test,1.0207046,False
EL177_L_1988_06_094_02_1_PF_05,1988-06-05,Parti communiste français,LEFT_PCF,train,1.0206654,False
EL177_L_1988_06_092_13_2_PF_01,1988-06-12,Rassemblement pour la République,RIGHT_RPR,test,1.0206479,False
EL192_L_1993_03_045_03_1_PF_04,1993-03-21,Rassemblement pour la République;Union pour la démocratie française,RIGHT_UPF,train,1.0205904,False
EL134_L_1981_06_012_02_1_PF_02,1981-06-14,Mouvement des radicaux de gauche;Parti socialiste,LEFT_PS,train,1.0205095,False
EL193_L_1993_03_059_12_1_PF_04,1993-03-21,Verts;Génération écologie,ECO,train,1.0204326,False
EL135_L_1981_06_049_01_1_PF_02,1981-06-14,Parti communiste français,LEFT_PCF,test,1.0204184,False
EL190_L_1993_03_016_04_1_PF_10,1993-03-21,socialiste,LEFT_PS,train,1.02036,False
EL174_L_1988_06_017_01_1_PF_01,1988-06-05,Parti communiste français,LEFT_PCF,train,1.0203444,False
EL192_L_1993_03_058_02_1_PF_01,1993-03-21,Front national,FAR_RIGHT_FN,train,1.0202597,False
EL190_L_1993_03_024_03_1_PF_04,1993-03-21,Verts;Génération écologie,ECO,train,1.0202454,False
EL137_L_1981_06_094_05_1_PF_07,1981-06-14,Lutte ouvrière,FAR_LEFT,train,1.0202116,False
EL190_L_1993_03_019_02_1_PF_03,1993-03-21,Front national,FAR_RIGHT_FN,train,1.0201913,False
EL190_L_1993_03_027_05_1_PF_06,1993-03-21,Nouveaux écologistes du rassemblement nature et animaux,ECO,train,1.0201541,False
EL195_L_1993_03_072_04_1_PF_08,1993-03-21,Nouveaux écologistes du rassemblement nature et animaux,ECO,train,1.0201541,False
EL177_L_1988_06_086_03_1_PF_02,1988-06-05,Front national,FAR_RIGHT_FN,train,1.0200756,False
EL135_L_1981_06_051_02_1_PF_03,1981-06-14,Parti socialiste,LEFT_PS,train,1.0200508,False
EL197_L_1993_03_088_04_1_PF_07,1993-03-21,Front national,FAR_RIGHT_FN,train,1.0200025,False
EL176_L_1988_06_069_13_2_PF_02,1988-06-12,Union pour la démocratie française;Rassemblement pour la République,RIGHT_URC,train,1.0199275,False
EL190_L_1993_03_025_05_1_PF_06,1993-03-21,Verts;Génération écologie,ECO,test,1.0198563,False
EL189_L_1993_03_012_02_1_PF_04,1993-03-21,Parti communiste français,LEFT_PCF,train,1.0197833,False
EL137_L_1981_06_077_02_1_PF_05,1981-06-14,Rassemblement pour la République,RIGHT_RPR,train,1.0197769,False
EL177_L_1988_06_075_18_1_PF_06,1988-06-05,Front national,FAR_RIGHT_FN,train,1.019751,False
EL135_L_1981_06_057_07_1_PF_01,1981-06-14,Parti communiste français,LEFT_PCF,train,1.0197425,False
EL189_L_1993_03_010_01_1_PF_06,1993-03-21,Front national,FAR_RIGHT_FN,train,1.0197154,False
EL175_L_1988_06_053_01_1_PF_02,1988-06-05,Parti communiste français,LEFT_PCF,train,1.0196947,False
EL192_L_1993_03_053_01_1_PF_06,1993-03-21,Verts;Génération écologie,ECO,train,1.0196477,False
EL177_L_1988_06_080_01_1_PF_01,1988-06-05,Parti socialiste,LEFT_PS,train,1.0195457,False
EL135_L_1981_06_047_03_1_PF_02,1981-06-14,Parti communiste français,LEFT_PCF,train,1.0195446,False
EL192_L_1993_03_049_02_2_PF_02,1993-03-28,Union pour la démocratie française;Rassemblement pour la République,RIGHT_UPF,train,1.0195318,False
EL196_L_1993_03_078_10_1_PF_05,1993-03-21,Verts,ECO,test,1.0195235,False
EL194_L_1993_03_067_08_1_PF_01,1993-03-21,Front national,FAR_RIGHT_FN,test,1.019489,False
EL192_L_1993_03_045_01_1_PF_07,1993-03-21,Rassemblement pour la République;Union pour la démocratie française,RIGHT_UPF,train,1.0194256,False
EL194_L_1993_03_069_09_2_PF_02,1993-03-28,Front national,FAR_RIGHT_FN,train,1.0193971,False
EL135_L_1981_06_038_01_1_PF_08,1981-06-14,Front national,FAR_RIGHT_FN,train,1.0193264,False
EL189_L_1993_03_014_03_1_PF_01,1993-03-21,Génération écologie,ECO,test,1.0193207,False
EL135_L_1981_06_037_04_1_PF_02,1981-06-14,Lutte ouvrière,FAR_LEFT,train,1.0191766,False
EL135_L_1981_06_044_06_1_PF_04,1981-06-14,Parti communiste français,LEFT_PCF,train,1.0191749,False
EL174_L_1988_06_004_02_1_PF_05,1988-06-05,Front national,FAR_RIGHT_FN,train,1.0190402,False
EL137_L_1981_06_083_03_1_PF_01,1981-06-14,Parti communiste français,LEFT_PCF,train,1.0189966,False
EL191_L_1993_03_034_03_1_PF_04,1993-03-21,Génération écologie;Verts,ECO,train,1.0189909,False
EL193_L_1993_03_062_09_1_PF_02,1993-03-21,Parti communiste français,LEFT_PCF,train,1.018979,False
EL137_L_1981_06_092_13_1_PF_04,1981-06-14,Lutte ouvrière,FAR_LEFT,train,1.0189748,False
EL134_L_1981_06_035_01_1_PF_01,1981-06-14,Lutte ouvrière,FAR_LEFT,train,1.0189748,False
EL137_L_1981_06_094_01_1_PF_02,1981-06-14,Lutte ouvrière,FAR_LEFT,train,1.0189748,False
EL136_L_1981_06_075_29_1_PF_05,1981-06-14,Lutte ouvrière,FAR_LEFT,train,1.0189748,False
EL175_L_1988_06_038_04_2_PF_02,1988-06-12,Parti socialiste,LEFT_PS,train,1.0189686,False
EL135_L_1981_06_065_02_2_PF_01,1981-06-21,Mouvement des radicaux de gauche,LEFT_PS,test,1.0189152,False
EL191_L_1993_03_038_09_1_PF_01,1993-03-21,Front national,FAR_RIGHT_FN,train,1.0188861,False
EL176_L_1988_06_072_04_1_PF_02,1988-06-05,Front national,FAR_RIGHT_FN,train,1.018864,False
EL137_L_1981_06_083_02_1_PF_01,1981-06-14,Parti communiste français,LEFT_PCF,test,1.0188566,False
EL134_L_1981_06_019_02_1_PF_05,1981-06-14,Rassemblement pour la République;Union pour la démocratie française,RIGHT_UNM,train,1.0188254,False
EL136_L_1981_06_075_26_1_PF_09,1981-06-14,Lutte ouvrière,FAR_LEFT,train,1.0187598,False
EL191_L_1993_03_038_06_2_PF_02,1993-03-28,Front national,FAR_RIGHT_FN,train,1.0187528,False
EL135_L_1981_06_054_01_1_PF_03,1981-06-14,Parti communiste français,LEFT_PCF,test,1.0187371,False
EL137_L_1981_06_094_07_1_PF_05,1981-06-14,Parti socialiste unifié,LEFT_PS,train,1.0187248,False
EL198_L_1993_03_093_03_1_PF_12,1993-03-21,Nouveaux écologistes du rassemblement nature et animaux,ECO,test,1.0186476,False
EL198_L_1993_03_095_02_1_PF_10,1993-03-21,Nouveaux écologistes du rassemblement nature et animaux,ECO,train,1.0186476,False
EL190_L_1993_03_029_07_1_PF_07,1993-03-21,Nouveaux écologistes du rassemblement nature et animaux,ECO,train,1.0186476,False
EL189_L_1993_03_013_06_1_PF_08,1993-03-21,Nouveaux écologistes du rassemblement nature et animaux,ECO,test,1.0186476,False
EL197_L_1993_03_091_08_1_PF_11,1993-03-21,Nouveaux écologistes du rassemblement nature et animaux,ECO,test,1.0186476,False
EL190_L_1993_03_029_08_1_PF_08,1993-03-21,Nouveaux écologistes du rassemblement nature et animaux,ECO,train,1.0186476,False
EL193_L_1993_03_063_04_1_PF_08,1993-03-21,Nouveaux écologistes du rassemblement nature et animaux,ECO,test,1.0186476,False
EL198_L_1993_03_092_10_1_PF_10,1993-03-21,Nouveaux écologistes du rassemblement nature et animaux,ECO,train,1.0186476,False
EL194_L_1993_03_067_01_1_PF_04,1993-03-21,Union pour la démocratie française;Rassemblement pour la République,RIGHT_UPF,train,1.0186146,False
EL196_L_1993_03_077_06_1_PF_01,1993-03-21,Génération écologie;Verts,ECO,train,1.0185091,False
EL136_L_1981_06_075_30_1_PF_01,1981-06-14,Parti socialiste,LEFT_PS,train,1.018417,False
EL134_L_1981_06_013_02_1_PF_02,1981-06-14,Parti socialiste,LEFT_PS,test,1.0183417,False
EL136_L_1981_06_069_01_1_PF_06,1981-06-14,Lutte ouvrière,FAR_LEFT,train,1.0181766,False
EL135_L_1981_06_044_02_1_PF_01,1981-06-14,Lutte ouvrière,FAR_LEFT,train,1.0181766,False
EL176_L_1988_06_058_01_1_PF_04,1988-06-05,Parti socialiste,LEFT_PS,train,1.0181153,False
EL137_L_1981_06_092_12_1_PF_01,1981-06-14,Parti socialiste,LEFT_PS,test,1.0181074,False
EL136_L_1981_06_073_03_1_PF_06,1981-06-14,Lutte ouvrière,FAR_LEFT,train,1.018048,False
EL135_L_1981_06_044_01_1_PF_03,1981-06-14,Parti communiste français,LEFT_PCF,train,1.0179688,False
EL193_L_1993_03_063_02_1_PF_06,1993-03-21,Rassemblement pour la République;Union pour la démocratie française,RIGHT_UPF,train,1.0179651,False
EL137_L_1981_06_076_01_1_PF_04,1981-06-14,Parti socialiste;Mouvement des radicaux de gauche,LEFT_PS,train,1.0179552,False
EL135_L_1981_06_038_04_1_PF_01,1981-06-14,Parti socialiste unifié;Convergence autogestionnaire et écologique,LEFT_PS,train,1.0179312,False
EL136_L_1981_06_075_20_1_PF_02,1981-06-14,Parti socialiste,LEFT_PS,train,1.0179266,False
EL135_L_1981_06_049_02_1_PF_02,1981-06-14,Parti communiste français,LEFT_PCF,train,1.0178847,False
EL135_L_1981_06_057_02_1_PF_04,1981-06-14,Parti socialiste,LEFT_PS,train,1.0178618,False
EL189_L_1993_03_006_03_1_PF_08,1993-03-21,Verts,ECO,train,1.0178592,False
EL134_L_1981_06_021_01_1_PF_04,1981-06-14,Parti socialiste,LEFT_PS,test,1.0177252,False
EL177_L_1988_06_094_10_1_PF_06,1988-06-05,Front national,FAR_RIGHT_FN,train,1.0176862,False
EL134_L_1981_06_026_01_1_PF_06,1981-06-14,Parti socialiste unifié,LEFT_PS,train,1.0176126,False
EL190_L_1993_03_022_03_1_PF_05,1993-03-21,Union pour la démocratie française;Centre des démocrates sociaux,RIGHT_UDF,train,1.017527,False
EL195_L_1993_03_075_17_1_PF_02,1993-03-21,Rassemblement pour la République;Union pour la démocratie française,RIGHT_UPF,train,1.017462,False
EL137_L_1981_06_084_03_1_PF_04,1981-06-14,Front national,FAR_RIGHT_FN,test,1.017452,False
EL135_L_1981_06_045_02_1_PF_02,1981-06-14,Lutte ouvrière,FAR_LEFT,train,1.0174062,False
EL137_L_1981_06_091_02_1_PF_10,1981-06-14,Lutte ouvrière,FAR_LEFT,train,1.0174062,False
EL137_L_1981_06_086_01_1_PF_03,1981-06-14,Lutte ouvrière,FAR_LEFT,train,1.0173976,False
EL134_L_1981_06_035_02_1_PF_04,1981-06-14,Lutte ouvrière,FAR_LEFT,train,1.0173976,False
EL195_L_1993_03_075_09_2_PF_02,1993-03-28,Rassemblement pour la République;Union pour la démocratie française,RIGHT_UPF,train,1.0173923,False
EL175_L_1988_06_038_04_1_PF_04,1988-06-05,Parti socialiste,LEFT_PS,test,1.0173638,False
EL197_L_1993_03_082_01_1_PF_02,1993-03-21,Front national,FAR_RIGHT_FN,train,1.0173606,False
EL194_L_1993_03_066_04_1_PF_08,1993-03-21,Union pour la démocratie française;Rassemblement pour la République,RIGHT_UPF,test,1.0173374,False
EL194_L_1993_03_067_04_1_PF_05,1993-03-21,Front national,FAR_RIGHT_FN,test,1.0173057,False
EL174_L_1988_06_024_03_1_PF_04,1988-06-05,Front national,FAR_RIGHT_FN,train,1.017269,False
EL195_L_1993_03_075_02_1_PF_12,1993-03-21,Alliance pour l'écologie et la démocratie,ECO,train,1.0172458,False
EL193_L_1993_03_062_01_1_PF_06,1993-03-21,Verts;Génération écologie,ECO,train,1.017226,False
EL137_L_1981_06_092_04_1_PF_03,1981-06-14,Parti socialiste,LEFT_PS,test,1.017198,False
EL194_L_1993_03_068_01_1_PF_04,1993-03-21,Union pour la démocratie française,RIGHT_UDF,train,1.0166613,False
EL192_L_1993_03_053_02_1_PF_02,1993-03-21,Verts;Génération écologie,ECO,train,1.0166162,False
EL193_L_1993_03_062_12_1_PF_05,1993-03-21,Verts;Génération écologie,ECO,train,1.0166134,False
EL197_L_1993_03_085_05_1_PF_02,1993-03-21,Ecologie les Verts;Génération écologie;Autogestion écologie 85,ECO,train,1.0166086,False
EL196_L_1993_03_081_01_1_PF_01,1993-03-21,Génération écologie;Verts,ECO,train,1.0163888,False
EL135_L_1981_06_044_04_1_PF_02,1981-06-14,Parti communiste français,LEFT_PCF,train,1.0163008,False
EL195_L_1993_03_075_09_1_PF_01,1993-03-21,Solidarité écologie gauche alternative;Alternative rouge et verte,ECO,train,1.0161943,False
EL192_L_1993_03_049_06_1_PF_03,1993-03-21,Front national,FAR_RIGHT_FN,train,1.0160874,False
EL192_L_1993_03_046_02_2_PF_02,1993-03-28,Rassemblement pour la République;Union pour la démocratie française,RIGHT_UPF,train,1.0160282,False
EL137_L_1981_06_092_05_1_PF_04,1981-06-14,Parti socialiste,LEFT_PS,test,1.0159858,False
EL175_L_1988_06_034_07_1_PF_01,1988-06-05,Parti communiste français,LEFT_PCF,train,1.0159832,False
EL134_L_1981_06_029_08_1_PF_02,1981-06-14,Parti communiste français,LEFT_PCF,train,1.0159467,False
EL135_L_1981_06_044_03_1_PF_01,1981-06-14,Parti communiste français,LEFT_PCF,test,1.0157895,False
EL191_L_1993_03_031_07_1_PF_07,1993-03-21,Génération écologie;Verts,ECO,train,1.0156467,False
EL190_L_1993_03_030_05_1_PF_09,1993-03-21,Nouveaux écologistes du rassemblement nature et animaux,ECO,train,1.0155917,False
EL197_L_1993_03_083_05_1_PF_03,1993-03-21,Verts,ECO,train,1.0155603,False
EL135_L_1981_06_041_01_1_PF_02,1981-06-14,Parti communiste français,LEFT_PCF,train,1.0155473,False
EL137_L_1981_06_092_06_1_PF_05,1981-06-14,Parti socialiste,LEFT_PS,train,1.0154883,False
EL177_L_1988_06_092_03_1_PF_05,1988-06-05,Rassemblement pour la République;Union pour la démocratie française,RIGHT_URC,train,1.015469,False
EL192_L_1993_03_049_02_1_PF_08,1993-03-21,Union pour la démocratie française;Rassemblement pour la République,RIGHT_UPF,train,1.0154289,False
EL195_L_1993_03_072_02_1_PF_09,1993-03-21,Front national,FAR_RIGHT_FN,train,1.0153432,False
EL195_L_1993_03_075_19_1_PF_02,1993-03-21,Rassemblement pour la République;Union pour la démocratie française,RIGHT_UPF,train,1.0153334,False
EL191_L_1993_03_042_01_2_PF_02,1993-03-28,Front national,FAR_RIGHT_FN,train,1.0153222,False
EL137_L_1981_06_078_07_1_PF_04,1981-06-14,Parti socialiste,LEFT_PS,train,1.0152124,False
EL177_L_1988_06_094_01_1_PF_05,1988-06-05,Front national,FAR_RIGHT_FN,train,1.0151656,False
EL194_L_1993_03_069_13_1_PF_02,1993-03-21,Parti communiste français,LEFT_PCF,train,1.0151378,False
EL193_L_1993_03_062_09_1_PF_03,1993-03-21,Front national,FAR_RIGHT_FN,train,1.0151372,False
EL195_L_1993_03_075_13_1_PF_02,1993-03-21,Rassemblement pour la République;Union pour la démocratie française,RIGHT_UPF,train,1.0151112,False
EL190_L_1993_03_024_01_1_PF_05,1993-03-21,Union pour la démocratie française;Rassemblement pour la République,RIGHT_UPF,train,1.0149938,False
EL135_L_1981_06_055_02_1_PF_04,1981-06-14,Union pour la démocratie française;Rassemblement pour la République;Centre national des indépendants,RIGHT_UNM,train,1.0149754,False
EL136_L_1981_06_067_06_1_PF_02,1981-06-14,Parti socialiste,LEFT_PS,train,1.0149745,False
EL194_L_1993_03_070_01_1_PF_04,1993-03-21,Front national,FAR_RIGHT_FN,train,1.0149628,False
EL193_L_1993_03_062_01_1_PF_02,1993-03-21,Rassemblement pour la République;Union pour la démocratie française,RIGHT_UPF,train,1.0148054,False
EL177_L_1988_06_075_17_2_PF_02,1988-06-12,Rassemblement pour la République;Union pour la démocratie française,RIGHT_URC,train,1.0147519,False
EL189_L_1993_03_006_03_1_PF_12,1993-03-21,Nouveaux écologistes du rassemblement nature et animaux,ECO,train,1.0146389,False
EL191_L_1993_03_040_01_1_PF_04,1993-03-21,Union pour la démocratie française;Rassemblement pour la République,RIGHT_UPF,train,1.0146198,False
EL177_L_1988_06_091_06_1_PF_04,1988-06-05,Front national,FAR_RIGHT_FN,train,1.0146074,False
EL197_L_1993_03_084_04_1_PF_04,1993-03-21,Ecologie les Verts;Génération écologie,ECO,train,1.0145515,False
EL177_L_1988_06_091_01_1_PF_01,1988-06-05,Parti communiste français,LEFT_PCF,train,1.0145338,False
EL197_L_1993_03_091_10_1_PF_10,1993-03-21,Rassemblement pour la République;Union pour la démocratie française,RIGHT_UPF,train,1.0145165,False
EL192_L_1993_03_045_04_1_PF_05,1993-03-21,Front national,FAR_RIGHT_FN,train,1.0144691,False
EL177_L_1988_06_095_09_1_PF_03,1988-06-05,Rassemblement pour la République;Union pour la démocratie française;Centre national des indépendants et paysans,RIGHT_URC,train,1.0144525,False
EL193_L_1993_03_062_10_1_PF_02,1993-03-21,Parti communiste français,LEFT_PCF,train,1.0143533,False
EL194_L_1993_03_064_04_1_PF_03,1993-03-21,Génération écologie;Verts,ECO,train,1.0143093,False
EL136_L_1981_06_075_28_1_PF_01,1981-06-14,Parti socialiste unifié,LEFT_PS,train,1.0142922,False
EL194_L_1993_03_069_14_2_PF_02,1993-03-28,Rassemblement pour la République;Union pour la démocratie française,RIGHT_UPF,train,1.0142742,False
EL135_L_1981_06_052_01_1_PF_01,1981-06-14,Parti socialiste unifié,LEFT_PS,train,1.014202,False
EL198_L_1993_03_092_07_1_PF_04,1993-03-21,Verts;Génération écologie,ECO,test,1.0142004,False
EL136_L_1981_06_075_13_1_PF_05,1981-06-14,Lutte ouvrière,FAR_LEFT,test,1.0141976,False
EL136_L_1981_06_068_04_1_PF_01,1981-06-14,Parti socialiste,LEFT_PS,train,1.0141386,False
EL176_L_1988_06_059_15_1_PF_01,1988-06-05,Parti communiste français,LEFT_PCF,train,1.0141262,False
EL191_L_1993_03_040_02_1_PF_01,1993-03-21,Génération écologie;Verts,ECO,train,1.014058,False
EL190_L_1993_03_025_01_1_PF_03,1993-03-21,Verts;Génération écologie,ECO,train,1.014058,False
EL196_L_1993_03_078_08_1_PF_10,1993-03-21,Génération écologie;Verts,ECO,test,1.0139987,False
EL177_L_1988_06_075_11_1_PF_02,1988-06-05,Parti communiste français,LEFT_PCF,test,1.0139643,False
EL136_L_1981_06_073_03_1_PF_04,1981-06-14,Parti communiste français,LEFT_PCF,test,1.0139416,False
EL174_L_1988_06_024_01_1_PF_01,1988-06-05,Parti communiste français,LEFT_PCF,test,1.0139191,False
EL136_L_1981_06_069_13_1_PF_01,1981-06-14,Parti socialiste unifié,LEFT_PS,train,1.0138412,False
EL175_L_1988_06_045_05_1_PF_03,1988-06-05,Parti communiste français,LEFT_PCF,test,1.0137955,False
EL176_L_1988_06_061_02_1_PF_04,1988-06-05,Front national,FAR_RIGHT_FN,train,1.013785,False
EL177_L_1988_06_094_02_1_PF_04,1988-06-05,Front national,FAR_RIGHT_FN,train,1.0137525,False
EL194_L_1993_03_068_07_1_PF_01,1993-03-21,Parti socialiste,LEFT_PS,train,1.0136702,False
EL192_L_1993_03_057_09_2_PF_01,1993-03-28,Rassemblement pour la République;Union pour la démocratie française,RIGHT_UPF,train,1.0136541,False
EL192_L_1993_03_044_01_1_PF_01,1993-03-21,Parti communiste français,LEFT_PCF,train,1.0136484,False
EL194_L_1993_03_069_05_1_PF_05,1993-03-21,Front national,FAR_RIGHT_FN,train,1.0135971,False
EL177_L_1988_06_094_08_1_PF_04,1988-06-05,Parti socialiste,LEFT_PS,train,1.0135107,False
EL136_L_1981_06_075_15_1_PF_04,1981-06-14,Parti socialiste,LEFT_PS,train,1.0134426,False
EL136_L_1981_06_067_02_1_PF_03,1981-06-14,Parti socialiste,LEFT_PS,train,1.0133815,False
EL191_L_1993_03_035_06_1_PF_03,1993-03-21,Union pour la démocratie française;Rassemblement pour la République,RIGHT_UPF,train,1.0132374,False
EL190_L_1993_03_029_02_1_PF_09,1993-03-21,Front national,FAR_RIGHT_FN,train,1.0132233,False
EL177_L_1988_06_094_12_2_PF_01,1988-06-12,Parti socialiste,LEFT_PS,train,1.0132172,False
EL136_L_1981_06_075_27_1_PF_06,1981-06-14,Parti socialiste,LEFT_PS,train,1.0131807,False
EL196_L_1993_03_077_08_1_PF_06,1993-03-21,Alliance pour l'écologie et la démocratie,ECO,train,1.0131439,False
EL191_L_1993_03_041_03_1_PF_01,1993-03-21,Génération écologie;Verts,ECO,train,1.0131303,False
EL197_L_1993_03_084_04_2_PF_02,1993-03-28,Rassemblement pour la République;Union pour la démocratie française,RIGHT_UPF,train,1.0129974,False
EL196_L_1993_03_081_03_1_PF_01,1993-03-21,Génération écologie;Verts,ECO,train,1.0129702,False
EL136_L_1981_06_075_12_1_PF_04,1981-06-14,Parti socialiste,LEFT_PS,train,1.012969,False
EL198_L_1993_03_092_10_1_PF_02,1993-03-21,Parti communiste français,LEFT_PCF,train,1.0129191,False
EL191_L_1993_03_041_02_2_PF_01,1993-03-28,Union pour la démocratie française;Rassemblement pour la République,RIGHT_UPF,train,1.0128912,False
EL193_L_1993_03_059_05_1_PF_06,1993-03-21,Parti communiste français,LEFT_PCF,train,1.0127574,False
EL193_L_1993_03_059_06_1_PF_02,1993-03-21,Parti communiste français,LEFT_PCF,test,1.0127574,False
EL193_L_1993_03_059_13_1_PF_02,1993-03-21,Parti communiste français,LEFT_PCF,train,1.0127574,False
EL175_L_1988_06_044_03_1_PF_01,1988-06-05,Parti communiste français,LEFT_PCF,train,1.0127414,False
EL191_L_1993_03_035_05_1_PF_04,1993-03-21,Génération écologie;Verts,ECO,train,1.0126839,False
EL137_L_1981_06_078_01_1_PF_08,1981-06-14,Front national,FAR_RIGHT_FN,train,1.0126458,False
EL174_L_1988_06_025_03_1_PF_04,1988-06-05,Parti socialiste,LEFT_PS,test,1.012592,False
EL190_L_1993_03_027_01_1_PF_03,1993-03-21,Verts;Génération écologie,ECO,train,1.012537,False
EL190_L_1993_03_026_01_2_PF_01,1993-03-28,Rassemblement pour la République;Union pour la démocratie française;Centre national des indépendants,RIGHT_UPF,train,1.0124824,False
EL136_L_1981_06_068_04_1_PF_03,1981-06-14,Rassemblement pour la République,RIGHT_RPR,train,1.0124819,False
EL189_L_1993_03_007_03_1_PF_04,1993-03-21,Ecologie les Verts;Génération écologie,ECO,train,1.0124705,False
EL196_L_1993_03_077_07_1_PF_01,1993-03-21,Génération écologie;Verts,ECO,train,1.0124482,False
EL134_L_1981_06_029_01_1_PF_01,1981-06-14,Parti communiste français,LEFT_PCF,train,1.0124218,False
EL194_L_1993_03_069_02_1_PF_09,1993-03-21,Génération écologie;Verts;Alternative rouge et verte,ECO,train,1.0124061,False
EL193_L_1993_03_059_11_1_PF_06,1993-03-21,Verts;Génération écologie,ECO,train,1.012366,False
EL189_L_1993_03_006_07_1_PF_04,1993-03-21,Parti socialiste;Mouvement des radicaux de gauche;Mouvement des réformateurs,LEFT_PS,train,1.0123504,False
EL195_L_1993_03_075_20_2_PF_02,1993-03-28,Rassemblement pour la République;Union pour la démocratie française,RIGHT_UPF,train,1.0122963,False
EL134_L_1981_06_013_10_1_PF_02,1981-06-14,Parti socialiste,LEFT_PS,test,1.01226,False
EL176_L_1988_06_057_05_1_PF_01,1988-06-05,Parti communiste français,LEFT_PCF,train,1.012259,False
EL177_L_1988_06_091_01_2_PF_02,1988-06-12,Rassemblement pour la République,RIGHT_RPR,train,1.0122067,False
EL192_L_1993_03_045_02_1_PF_05,1993-03-21,Verts;Génération écologie,ECO,train,1.0121953,False
EL134_L_1981_06_004_02_1_PF_01,1981-06-14,Parti communiste français,LEFT_PCF,train,1.0121932,False
EL190_L_1993_03_025_03_1_PF_01,1993-03-21,Verts;Génération écologie,ECO,test,1.0121543,False
EL174_L_1988_06_028_04_1_PF_05,1988-06-05,Front national,FAR_RIGHT_FN,train,1.0121315,False
EL194_L_1993_03_068_04_1_PF_01,1993-03-21,Front national,FAR_RIGHT_FN,train,1.0120553,False
EL137_L_1981_06_085_03_1_PF_01,1981-06-14,Parti communiste français,LEFT_PCF,train,1.0119989,False
EL191_L_1993_03_038_08_1_PF_08,1993-03-21,Front national,FAR_RIGHT_FN,test,1.0119967,False
EL135_L_1981_06_059_15_1_PF_02,1981-06-14,Lutte ouvrière,FAR_LEFT,train,1.011856,False
EL135_L_1981_06_060_02_1_PF_01,1981-06-14,Lutte ouvrière,FAR_LEFT,train,1.011856,False
EL190_L_1993_03_018_03_1_PF_07,1993-03-21,Front national,FAR_RIGHT_FN,train,1.0117924,False
EL194_L_1993_03_069_06_1_PF_03,1993-03-21,Front national,FAR_RIGHT_FN,train,1.0117197,False
EL189_L_1993_03_006_05_1_PF_07,1993-03-21,Nouveaux écologistes du rassemblement nature et animaux,ECO,test,1.0116702,False
EL192_L_1993_03_045_04_1_PF_09,1993-03-21,Nouveaux écologistes du rassemblement nature et animaux;Union nationale écologiste;Parti pour la défense des animaux;Mouvement universaliste,ECO,train,1.0116702,False
EL190_L_1993_03_02B_02_1_PF_12,1993-03-21,Nouveaux écologistes du rassemblement nature et animaux,ECO,train,1.0116702,False
EL191_L_1993_03_037_03_1_PF_12,1993-03-21,Nouveaux écologistes du rassemblement nature et animaux,ECO,train,1.0116702,False
EL175_L_1988_06_044_04_1_PF_02,1988-06-05,Parti communiste français,LEFT_PCF,train,1.0116224,False
EL193_L_1993_03_059_24_1_PF_01,1993-03-21,Parti communiste français,LEFT_PCF,train,1.0115813,False
EL189_L_1993_03_006_01_1_PF_08,1993-03-21,Génération écologie;Verts,ECO,train,1.0115699,False
EL191_L_1993_03_031_04_1_PF_05,1993-03-21,Front national,FAR_RIGHT_FN,train,1.0115573,False
EL177_L_1988_06_093_05_1_PF_06,1988-06-05,Parti socialiste;Mouvement des radicaux de gauche;Mouvement des gaullistes populaires,LEFT_PS,train,1.0115266,False
EL137_L_1981_06_076_06_2_PF_02,1981-06-21,Parti socialiste;Parti communiste français;Parti socialiste unifié,LEFT_PCF,test,1.0115163,False
EL189_L_1993_03_013_08_1_PF_05,1993-03-21,Ecologie les Verts;Génération écologie,ECO,train,1.0114932,False
EL196_L_1993_03_078_11_1_PF_11,1993-03-21,Génération écologie;Verts,ECO,train,1.0113981,False
EL135_L_1981_06_038_01_2_PF_02,1981-06-21,Parti républicain;Union pour la démocratie française,RIGHT_UDF,train,1.0113691,False
EL135_L_1981_06_062_14_1_PF_02,1981-06-14,Parti socialiste,LEFT_PS,train,1.0113147,False
EL137_L_1981_06_092_07_1_PF_04,1981-06-14,Parti communiste français,LEFT_PCF,train,1.0112773,False
EL193_L_1993_03_062_06_1_PF_02,1993-03-21,Parti communiste français,LEFT_PCF,test,1.0112121,False
EL192_L_1993_03_051_02_1_PF_04,1993-03-21,Parti communiste français,LEFT_PCF,train,1.0112056,False
EL175_L_1988_06_042_04_1_PF_01,1988-06-05,Front national,FAR_RIGHT_FN,train,1.0111848,False
EL135_L_1981_06_044_08_1_PF_05,1981-06-14,Parti communiste français,LEFT_PCF,test,1.0111567,False
EL176_L_1988_06_060_07_1_PF_01,1988-06-05,Parti communiste français,LEFT_PCF,train,1.0111299,False
EL135_L_1981_06_056_05_1_PF_05,1981-06-14,Lutte ouvrière,FAR_LEFT,train,1.0109665,False
EL137_L_1981_06_078_08_1_PF_01,1981-06-14,Lutte ouvrière,FAR_LEFT,train,1.0109665,False
EL136_L_1981_06_075_10_1_PF_03,1981-06-14,Lutte ouvrière,FAR_LEFT,test,1.0109665,False
EL136_L_1981_06_075_19_2_PF_02,1981-06-21,Parti socialiste,LEFT_PS,train,1.010761,False
EL176_L_1988_06_061_01_1_PF_04,1988-06-05,Front national,FAR_RIGHT_FN,train,1.0107373,False
EL177_L_1988_06_091_06_1_PF_03,1988-06-05,Centre national des indépendants et paysans;Rassemblement pour la République;Union pour la démocratie française,RIGHT_URC,train,1.0107187,False
EL135_L_1981_06_044_07_1_PF_02,1981-06-14,Lutte ouvrière,FAR_LEFT,train,1.0106283,False
EL135_L_1981_06_045_01_1_PF_06,1981-06-14,écologistes indépendants des partis,ECO,train,1.0106162,False
EL197_L_1993_03_083_03_1_PF_06,1993-03-21,Ecologie les Verts;Génération écologie,ECO,train,1.0105741,False
EL177_L_1988_06_076_04_1_PF_04,1988-06-05,Rassemblement pour la République;Union pour la démocratie française,RIGHT_URC,train,1.0105718,False
EL191_L_1993_03_033_07_1_PF_01,1993-03-21,Lutte ouvrière,FAR_LEFT,train,1.0105177,False
EL136_L_1981_06_069_07_1_PF_01,1981-06-14,Parti socialiste unifié,LEFT_PS,train,1.0105036,False
EL134_L_1981_06_001_01_2_PF_02,1981-06-21,Rassemblement pour la République;Union pour la démocratie française;Centre national des indépendants,RIGHT_UNM,train,1.0104353,False
EL190_L_1993_03_027_01_1_PF_05,1993-03-21,Front national,FAR_RIGHT_FN,train,1.0103257,False
EL134_L_1981_06_013_04_1_PF_06,1981-06-14,Parti socialiste,LEFT_PS,test,1.0103127,False
EL135_L_1981_06_062_09_1_PF_02,1981-06-14,Parti socialiste;Radicaux de gauche;Démocrates de progrès,LEFT_PS,test,1.010274,False
EL189_L_1993_03_006_09_2_PF_01,1993-03-28,Front national,FAR_RIGHT_FN,test,1.0102655,False
EL195_L_1993_03_075_20_1_PF_08,1993-03-21,Alliance pour l'écologie et la démocratie,ECO,train,1.0102617,False
EL135_L_1981_06_054_02_1_PF_01,1981-06-14,Lutte ouvrière,FAR_LEFT,train,1.0102314,False
EL134_L_1981_06_022_01_1_PF_04,1981-06-14,Lutte ouvrière,FAR_LEFT,test,1.0102314,False
EL134_L_1981_06_016_01_1_PF_01,1981-06-14,Lutte ouvrière,FAR_LEFT,train,1.0102314,False
EL195_L_1993_03_075_16_1_PF_01,1993-03-21,Rassemblement pour la République;Union pour la démocratie française,RIGHT_UPF,test,1.0101589,False
EL134_L_1981_06_029_02_1_PF_01,1981-06-14,Lutte ouvrière,FAR_LEFT,train,1.0101,False
EL198_L_1993_03_095_03_1_PF_03,1993-03-21,Verts;Génération écologie,ECO,train,1.0100863,False
EL137_L_1981_06_094_06_1_PF_06,1981-06-14,Parti socialiste unifié,LEFT_PS,train,1.010049,False
EL193_L_1993_03_062_14_1_PF_06,1993-03-21,Parti communiste français,LEFT_PCF,train,1.0100294,False
EL175_L_1988_06_034_04_1_PF_04,1988-06-05,Front national,FAR_RIGHT_FN,train,1.0099456,False
EL191_L_1993_03_031_08_1_PF_10,1993-03-21,Nouveaux écologistes du rassemblement nature et animaux,ECO,train,1.0098672,False
EL192_L_1993_03_056_05_2_PF_01,1993-03-28,Union pour la démocratie française;Rassemblement pour la République,RIGHT_UPF,test,1.0097358,False
EL175_L_1988_06_049_03_1_PF_06,1988-06-05,Front national,FAR_RIGHT_FN,train,1.0096374,False
EL177_L_1988_06_075_21_1_PF_05,1988-06-05,Front national,FAR_RIGHT_FN,train,1.0096103,False
EL195_L_1993_03_075_16_1_PF_05,1993-03-21,Verts;Génération écologie,ECO,train,1.0095724,False
EL191_L_1993_03_041_02_1_PF_01,1993-03-21,Génération écologie;Verts,ECO,train,1.0095696,False
EL137_L_1981_06_094_04_1_PF_03,1981-06-14,Lutte ouvrière,FAR_LEFT,train,1.0095106,False
EL193_L_1993_03_059_01_1_PF_06,1993-03-21,Verts;Génération écologie,ECO,train,1.0094543,False
EL191_L_1993_03_040_02_1_PF_04,1993-03-21,Union pour la démocratie française;Rassemblement pour la République,RIGHT_UPF,train,1.0094103,False
EL196_L_1993_03_081_04_1_PF_04,1993-03-21,Génération écologie;Verts,ECO,train,1.009365,False
EL177_L_1988_06_087_02_1_PF_01,1988-06-05,Parti communiste français,LEFT_PCF,test,1.0093617,False
EL137_L_1981_06_091_03_1_PF_04,1981-06-14,Parti socialiste unifié,LEFT_PS,train,1.0093563,False
EL195_L_1993_03_075_03_1_PF_03,1993-03-21,Front national,FAR_RIGHT_FN,train,1.0093421,False
EL197_L_1993_03_087_01_1_PF_01,1993-03-21,Ecologie les Verts;Génération écologie,ECO,train,1.0093194,False
EL134_L_1981_06_027_03_1_PF_04,1981-06-14,Parti communiste français,LEFT_PCF,test,1.009315,False
EL193_L_1993_03_063_02_1_PF_04,1993-03-21,Parti socialiste,LEFT_PS,test,1.0093099,False
EL198_L_1993_03_092_05_1_PF_04,1993-03-21,Verts;Génération écologie,ECO,train,1.0092965,False
EL175_L_1988_06_053_03_1_PF_04,1988-06-05,Parti communiste français,LEFT_PCF,train,1.0092473,False
EL137_L_1981_06_095_03_1_PF_02,1981-06-14,Lutte ouvrière,FAR_LEFT,train,1.0092427,False
EL134_L_1981_06_001_03_1_PF_06,1981-06-14,Lutte ouvrière,FAR_LEFT,train,1.0092149,False
EL177_L_1988_06_083_02_1_PF_03,1988-06-05,Parti socialiste,LEFT_PS,test,1.0091976,False
EL177_L_1988_06_089_03_1_PF_03,1988-06-05,Front national,FAR_RIGHT_FN,train,1.0091681,False
EL193_L_1993_03_059_22_1_PF_02,1993-03-21,Parti communiste français,LEFT_PCF,train,1.0091453,False
EL136_L_1981_06_067_06_1_PF_03,1981-06-14,Ecologie et survie mouvement d'écologie politique alsacien,ECO,train,1.0091091,False
EL191_L_1993_03_035_04_1_PF_03,1993-03-21,Génération écologie;Verts,ECO,train,1.0091083,False
EL134_L_1981_06_026_03_1_PF_04,1981-06-14,Parti socialiste unifié,LEFT_PS,train,1.0090106,False
EL177_L_1988_06_078_09_1_PF_01,1988-06-05,Rassemblement pour la République;Union pour la démocratie française,RIGHT_URC,train,1.0088155,False
EL135_L_1981_06_060_02_1_PF_03,1981-06-14,Parti communiste français,LEFT_PCF,test,1.0087948,False
EL193_L_1993_03_062_10_1_PF_05,1993-03-21,Verts;Génération écologie,ECO,train,1.0087818,False
EL176_L_1988_06_067_08_1_PF_03,1988-06-05,Front national,FAR_RIGHT_FN,train,1.0087394,False
EL137_L_1981_06_093_03_1_PF_02,1981-06-14,Parti socialiste unifié,LEFT_PS,train,1.008677,False
EL177_L_1988_06_075_18_2_PF_02,1988-06-12,Rassemblement pour la République;Union pour la démocratie française,RIGHT_URC,train,1.0086744,False
EL137_L_1981_06_083_01_1_PF_01,1981-06-14,Parti communiste français,LEFT_PCF,train,1.0086659,False
EL135_L_1981_06_036_01_1_PF_02,1981-06-14,Parti communiste français,LEFT_PCF,test,1.0086491,False
EL175_L_1988_06_051_03_2_PF_01,1988-06-12,Mouvement des radicaux de gauche;Parti socialiste;Parti communiste français;Verts alternatifs,LEFT_PCF,train,1.0086128,False
EL192_L_1993_03_049_03_1_PF_07,1993-03-21,Verts;Génération écologie,ECO,test,1.0085844,False
EL177_L_1988_06_075_16_1_PF_01,1988-06-05,Parti communiste français,LEFT_PCF,test,1.0085803,False
EL198_L_1993_03_092_13_1_PF_03,1993-03-21,Parti socialiste,LEFT_PS,train,1.0085181,False
EL190_L_1993_03_021_01_1_PF_07,1993-03-21,Rassemblement pour la République;Union pour la démocratie française,RIGHT_UPF,train,1.0085124,False
EL196_L_1993_03_078_11_1_PF_02,1993-03-21,Front national,FAR_RIGHT_FN,train,1.008488,False
EL135_L_1981_06_063_03_1_PF_03,1981-06-14,Parti socialiste,LEFT_PS,test,1.0084802,False
EL193_L_1993_03_059_05_1_PF_01,1993-03-21,Verts;Génération écologie,ECO,train,1.008446,False
EL177_L_1988_06_095_06_1_PF_02,1988-06-05,Parti communiste français,LEFT_PCF,train,1.0084039,False
EL177_L_1988_06_075_02_1_PF_02,1988-06-05,Mouvement des radicaux de gauche;Parti socialiste;Républicains de progrès,LEFT_PS,train,1.0083739,False
EL198_L_1993_03_095_02_1_PF_03,1993-03-21,Verts;Génération écologie,ECO,train,1.0082784,False
EL176_L_1988_06_074_05_1_PF_05,1988-06-05,Front national,FAR_RIGHT_FN,train,1.0082742,False
EL194_L_1993_03_067_03_1_PF_04,1993-03-21,Centre des démocrates sociaux;Union pour la démocratie française,RIGHT_UDF,train,1.0082444,False
EL177_L_1988_06_075_13_1_PF_03,1988-06-05,Rassemblement pour la République;Union pour la démocratie française,RIGHT_URC,test,1.0081364,False
EL196_L_1993_03_078_08_1_PF_01,1993-03-21,Union pour la démocratie française;Rassemblement pour la République;non inscrits,RIGHT_UPF,train,1.0081322,False
EL135_L_1981_06_039_02_1_PF_01,1981-06-14,Parti communiste français,LEFT_PCF,train,1.0081319,False
EL177_L_1988_06_075_16_1_PF_02,1988-06-05,Mouvement des radicaux de gauche;Parti socialiste;Républicains de progrès,LEFT_PS,train,1.0081159,False
EL136_L_1981_06_069_12_1_PF_04,1981-06-14,Parti socialiste unifié,LEFT_PS,train,1.0080997,False
EL136_L_1981_06_075_21_1_PF_02,1981-06-14,Parti socialiste,LEFT_PS,test,1.0080539,False
EL136_L_1981_06_071_03_1_PF_03,1981-06-14,Lutte ouvrière,FAR_LEFT,train,1.0080453,False
EL177_L_1988_06_094_06_1_PF_03,1988-06-05,Front national,FAR_RIGHT_FN,train,1.0080245,False
EL177_L_1988_06_094_04_1_PF_03,1988-06-05,Parti communiste français,LEFT_PCF,train,1.0080154,False
EL195_L_1993_03_075_07_1_PF_03,1993-03-21,Verts;Génération écologie,ECO,test,1.0079118,False
EL190_L_1993_03_026_02_1_PF_01,1993-03-21,Front national,FAR_RIGHT_FN,test,1.0079074,False
EL190_L_1993_03_029_01_1_PF_06,1993-03-21,Front national,FAR_RIGHT_FN,test,1.0078988,False
EL192_L_1993_03_057_04_1_PF_02,1993-03-21,Verts;Génération écologie,ECO,train,1.0078603,False
EL196_L_1993_03_080_05_1_PF_04,1993-03-21,Parti communiste français,LEFT_PCF,train,1.0077914,False
EL193_L_1993_03_059_22_1_PF_06,1993-03-21,Verts;Génération écologie,ECO,train,1.0077423,False
EL196_L_1993_03_078_02_1_PF_02,1993-03-21,Front national,FAR_RIGHT_FN,test,1.0076574,False
EL194_L_1993_03_069_14_1_PF_07,1993-03-21,Rassemblement pour la République;Union pour la démocratie française,RIGHT_UPF,train,1.0076557,False
EL135_L_1981_06_053_03_1_PF_02,1981-06-14,Parti communiste français,LEFT_PCF,test,1.007592,False
EL137_L_1981_06_094_01_1_PF_08,1981-06-14,Rassemblement pour la République,RIGHT_RPR,train,1.0075773,False
EL192_L_1993_03_051_06_1_PF_05,1993-03-21,Verts;Génération écologie,ECO,train,1.0075752,False
EL176_L_1988_06_067_01_1_PF_04,1988-06-05,Front national,FAR_RIGHT_FN,test,1.0075538,False
EL135_L_1981_06_052_02_1_PF_01,1981-06-14,Parti communiste français,LEFT_PCF,train,1.0075128,False
EL136_L_1981_06_069_02_1_PF_03,1981-06-14,Parti socialiste unifié,LEFT_PS,test,1.0074347,False
EL197_L_1993_03_085_03_1_PF_02,1993-03-21,Ecologie les Verts;Génération écologie,ECO,train,1.0074207,False
EL192_L_1993_03_052_02_1_PF_02,1993-03-21,Front national,FAR_RIGHT_FN,train,1.0074025,False
EL193_L_1993_03_062_09_1_PF_06,1993-03-21,Verts;Génération écologie,ECO,train,1.0073724,False
EL176_L_1988_06_059_04_1_PF_04,1988-06-05,Parti communiste français,LEFT_PCF,train,1.0072688,False
EL176_L_1988_06_067_05_1_PF_03,1988-06-05,Front national,FAR_RIGHT_FN,train,1.0072485,False
EL191_L_1993_03_039_03_1_PF_03,1993-03-21,Génération écologie;Verts,ECO,train,1.0072452,False
EL135_L_1981_06_038_05_1_PF_03,1981-06-14,Parti communiste français,LEFT_PCF,train,1.0072317,False
EL195_L_1993_03_075_15_1_PF_08,1993-03-21,Alliance pour l'écologie et la démocratie,ECO,train,1.0071837,False
EL192_L_1993_03_051_02_1_PF_02,1993-03-21,Centre national des indépendants;Rassemblement pour la République,RIGHT_RPR,train,1.007183,False
EL191_L_1993_03_033_06_1_PF_01,1993-03-21,Génération écologie;Verts,ECO,test,1.0071145,False
EL197_L_1993_03_088_03_1_PF_01,1993-03-21,Ecologie les Verts;Génération écologie,ECO,train,1.0070537,False
EL176_L_1988_06_057_04_1_PF_04,1988-06-05,Parti communiste français,LEFT_PCF,train,1.0070335,False
EL176_L_1988_06_063_03_1_PF_04,1988-06-05,Front national,FAR_RIGHT_FN,train,1.0069882,False
EL137_L_1981_06_094_04_1_PF_04,1981-06-14,Front national,FAR_RIGHT_FN,train,1.0069762,False
EL190_L_1993_03_027_05_1_PF_03,1993-03-21,Verts;Génération écologie,ECO,train,1.0069697,False
EL192_L_1993_03_044_07_1_PF_06,1993-03-21,Génération écologie,ECO,test,1.0069256,False
EL194_L_1993_03_067_06_2_PF_01,1993-03-28,Centre des démocrates sociaux;Union pour la démocratie française,RIGHT_UDF,train,1.0068693,False
EL177_L_1988_06_075_06_1_PF_02,1988-06-05,Mouvement des radicaux de gauche;Parti socialiste;Républicains de progrès,LEFT_PS,train,1.0068424,False
EL134_L_1981_06_013_02_1_PF_06,1981-06-14,Union pour la démocratie française;Rassemblement pour la République,RIGHT_UNM,test,1.0068109,False
EL191_L_1993_03_042_07_1_PF_08,1993-03-21,Front national,FAR_RIGHT_FN,train,1.006747,False
EL193_L_1993_03_059_15_1_PF_06,1993-03-21,Verts;Génération écologie,ECO,test,1.0067321,False
EL189_L_1993_03_013_05_1_PF_07,1993-03-21,Ecologie les Verts;Génération écologie,ECO,train,1.0067316,False
EL135_L_1981_06_060_04_1_PF_04,1981-06-14,Mouvement d'écologie politique,ECO,train,1.0067177,False
EL136_L_1981_06_075_13_1_PF_06,1981-06-14,Union pour la démocratie française;Rassemblement pour la République,RIGHT_UNM,train,1.0066268,False
EL135_L_1981_06_046_02_1_PF_02,1981-06-14,Parti socialiste;Radicaux de gauche,LEFT_PS,train,1.0064584,False
EL192_L_1993_03_044_10_1_PF_05,1993-03-21,Verts;Génération écologie,ECO,test,1.0064442,False
EL134_L_1981_06_027_01_1_PF_03,1981-06-14,Parti socialiste unifié,LEFT_PS,train,1.0064179,False
EL134_L_1981_06_035_03_1_PF_02,1981-06-14,Parti communiste français,LEFT_PCF,train,1.0063928,False
EL177_L_1988_06_075_08_1_PF_03,1988-06-05,Démocratie chrétienne;Rassemblement pour la République;Union pour la démocratie française,RIGHT_URC,train,1.0063826,False
EL174_L_1988_06_008_02_1_PF_04,1988-06-05,Rassemblement pour la République;Union pour la démocratie française;Centre national des indépendants et paysans,RIGHT_URC,train,1.0063509,False
EL135_L_1981_06_057_05_1_PF_03,1981-06-14,Parti communiste français,LEFT_PCF,train,1.0062829,False
EL189_L_1993_03_006_04_1_PF_05,1993-03-21,Verts;Génération écologie,ECO,test,1.0062581,False
EL136_L_1981_06_067_07_1_PF_02,1981-06-14,Parti socialiste,LEFT_PS,train,1.0062352,False
EL190_L_1993_03_027_02_1_PF_02,1993-03-21,Rassemblement pour la République,RIGHT_RPR,train,1.0062197,False
EL189_L_1993_03_013_03_1_PF_01,1993-03-21,Ecologie les Verts;Génération écologie,ECO,train,1.0061486,False
EL192_L_1993_03_057_08_2_PF_02,1993-03-28,socialiste,LEFT_PS,train,1.0061008,False
EL136_L_1981_06_075_29_1_PF_01,1981-06-14,Parti socialiste,LEFT_PS,test,1.0060998,False
EL195_L_1993_03_071_02_1_PF_02,1993-03-21,Rassemblement pour la République;Union pour la démocratie française,RIGHT_UPF,test,1.006083,False
EL176_L_1988_06_069_13_1_PF_04,1988-06-05,Union pour la démocratie française;Rassemblement pour la République,RIGHT_URC,train,1.0060253,False
EL194_L_1993_03_069_09_1_PF_03,1993-03-21,Union pour la démocratie française;Rassemblement pour la République,RIGHT_UPF,train,1.0060194,False
EL176_L_1988_06_060_06_1_PF_01,1988-06-05,Parti communiste français,LEFT_PCF,train,1.0059665,False
EL177_L_1988_06_075_09_1_PF_01,1988-06-05,Rassemblement pour la République;Union pour la démocratie française,RIGHT_URC,train,1.0058839,False
EL189_L_1993_03_006_01_1_PF_07,1993-03-21,Front national,FAR_RIGHT_FN,train,1.0057905,False
EL195_L_1993_03_073_01_1_PF_01,1993-03-21,Verts;Génération écologie,ECO,test,1.0057873,False
EL136_L_1981_06_075_28_1_PF_02,1981-06-14,Parti socialiste,LEFT_PS,train,1.0056891,False
EL135_L_1981_06_045_02_1_PF_06,1981-06-14,Union pour la démocratie française;Centre des démocrates sociaux;Parti républicain;Parti radical,RIGHT_UDF,train,1.0056722,False
EL177_L_1988_06_092_04_1_PF_04,1988-06-05,Parti socialiste,LEFT_PS,train,1.0056615,False
EL137_L_1981_06_090_01_1_PF_04,1981-06-14,Parti socialiste unifié,LEFT_PS,train,1.0056452,False
EL175_L_1988_06_036_01_1_PF_03,1988-06-05,Front national,FAR_RIGHT_FN,test,1.005639,False
EL177_L_1988_06_075_20_1_PF_02,1988-06-05,Mouvement des radicaux de gauche;Parti socialiste;Républicains de progrès,LEFT_PS,train,1.0056207,False
EL134_L_1981_06_026_01_1_PF_01,1981-06-14,Parti communiste français,LEFT_PCF,train,1.0056132,False
EL189_L_1993_03_012_01_1_PF_04,1993-03-21,Parti communiste français,LEFT_PCF,train,1.0055667,False
EL136_L_1981_06_075_07_1_PF_06,1981-06-14,Parti communiste français,LEFT_PCF,train,1.0055201,False
EL177_L_1988_06_094_08_1_PF_03,1988-06-05,Front national,FAR_RIGHT_FN,train,1.0054822,False
EL135_L_1981_06_044_05_1_PF_02,1981-06-14,Parti communiste français,LEFT_PCF,train,1.0054708,False
EL191_L_1993_03_031_03_1_PF_07,1993-03-21,Verts;Génération écologie,ECO,test,1.0054641,False
EL135_L_1981_06_064_02_1_PF_03,1981-06-14,écologistes,ECO,test,1.005451,False
EL177_L_1988_06_094_03_1_PF_02,1988-06-05,Front national,FAR_RIGHT_FN,train,1.0054449,False
EL196_L_1993_03_079_04_1_PF_03,1993-03-21,Génération écologie;Verts,ECO,test,1.0054373,False
EL135_L_1981_06_054_03_1_PF_02,1981-06-14,Parti communiste français,LEFT_PCF,train,1.0053335,False
EL196_L_1993_03_077_01_1_PF_05,1993-03-21,Union pour la démocratie française;Rassemblement pour la République,RIGHT_UPF,train,1.0053315,False
EL175_L_1988_06_044_05_1_PF_01,1988-06-05,Parti communiste français,LEFT_PCF,train,1.0052601,False
EL176_L_1988_06_067_04_1_PF_02,1988-06-05,Front national,FAR_RIGHT_FN,test,1.005254,False
EL136_L_1981_06_075_13_1_PF_01,1981-06-14,Parti socialiste,LEFT_PS,train,1.0052432,False
EL137_L_1981_06_093_01_1_PF_02,1981-06-14,Parti socialiste unifié,LEFT_PS,train,1.0051574,False
EL135_L_1981_06_041_03_1_PF_03,1981-06-14,Parti communiste français,LEFT_PCF,train,1.0051564,False
EL134_L_1981_06_021_01_1_PF_03,1981-06-14,Parti communiste français,LEFT_PCF,train,1.0051543,False
EL134_L_1981_06_035_02_1_PF_03,1981-06-14,Parti communiste français,LEFT_PCF,train,1.005126,False
EL134_L_1981_06_001_01_1_PF_02,1981-06-14,Parti communiste français,LEFT_PCF,test,1.0050412,False
EL195_L_1993_03_075_02_1_PF_03,1993-03-21,Rassemblement pour la République;Union pour la démocratie française,RIGHT_UPF,train,1.0048215,False
EL137_L_1981_06_091_04_1_PF_05,1981-06-14,Parti socialiste unifié,LEFT_PS,train,1.0047781,False
EL134_L_1981_06_022_04_1_PF_03,1981-06-14,Parti communiste français,LEFT_PCF,train,1.0047023,False
EL137_L_1981_06_093_05_1_PF_02,1981-06-14,Parti socialiste unifié,LEFT_PS,train,1.0046738,False
EL136_L_1981_06_075_07_1_PF_01,1981-06-14,Parti socialiste,LEFT_PS,train,1.0046704,False
EL136_L_1981_06_068_03_1_PF_05,1981-06-14,Parti communiste français,LEFT_PCF,train,1.004541,False
EL197_L_1993_03_085_02_1_PF_05,1993-03-21,Ecologie les Verts;Génération écologie,ECO,train,1.0045373,False
EL176_L_1988_06_057_10_1_PF_04,1988-06-05,Rassemblement pour la République;Union pour la démocratie française,RIGHT_URC,train,1.004517,False
EL192_L_1993_03_053_03_1_PF_07,1993-03-21,Front national,FAR_RIGHT_FN,test,1.00449,False
EL136_L_1981_06_075_19_1_PF_01,1981-06-14,Rassemblement pour la République;Union pour la démocratie française,RIGHT_UNM,test,1.0044729,False
EL136_L_1981_06_068_01_1_PF_01,1981-06-14,Parti communiste français,LEFT_PCF,train,1.0044345,False
EL196_L_1993_03_081_03_2_PF_02,1993-03-28,Parti socialiste;Mouvement des radicaux de gauche,LEFT_PS,test,1.0043453,False
EL191_L_1993_03_037_04_1_PF_07,1993-03-21,Verts;Génération écologie,ECO,train,1.0042931,False
EL190_L_1993_03_021_04_1_PF_04,1993-03-21,Verts;Génération écologie,ECO,train,1.0042806,False
EL189_L_1993_03_014_03_1_PF_05,1993-03-21,Parti socialiste,LEFT_PS,train,1.0042782,False
EL136_L_1981_06_075_28_1_PF_04,1981-06-14,Lutte ouvrière,FAR_LEFT,test,1.0042754,False
EL190_L_1993_03_025_05_1_PF_04,1993-03-21,Front national,FAR_RIGHT_FN,test,1.004267,False
EL134_L_1981_06_033_01_1_PF_06,1981-06-14,Parti communiste français,LEFT_PCF,train,1.0042402,False
EL189_L_1993_03_001_04_1_PF_05,1993-03-21,Verts;Génération écologie,ECO,train,1.0042393,False
EL195_L_1993_03_071_06_1_PF_01,1993-03-21,Rassemblement pour la République;Union pour la démocratie française,RIGHT_UPF,train,1.0042357,False
EL194_L_1993_03_069_02_1_PF_03,1993-03-21,Parti communiste français,LEFT_PCF,train,1.0041757,False
EL194_L_1993_03_070_02_1_PF_04,1993-03-21,Union pour la démocratie française;Rassemblement pour la République,RIGHT_UPF,train,1.0041372,False
EL177_L_1988_06_093_07_1_PF_09,1988-06-05,Centre national des indépendants et paysans;Rassemblement pour la République;Union pour la démocratie française,RIGHT_URC,train,1.0040357,False
EL175_L_1988_06_044_06_1_PF_03,1988-06-05,Rassemblement pour la République;Union pour la démocratie française,RIGHT_URC,train,1.0040352,False
EL136_L_1981_06_075_31_1_PF_01,1981-06-14,Parti socialiste,LEFT_PS,test,1.0040218,False
EL189_L_1993_03_013_09_1_PF_06,1993-03-21,Ecologie les Verts;Génération écologie,ECO,train,1.0039843,False
EL193_L_1993_03_059_21_1_PF_03,1993-03-21,Verts;Génération écologie,ECO,test,1.0039325,False
EL194_L_1993_03_064_02_1_PF_03,1993-03-21,Génération écologie;Verts,ECO,test,1.0039191,False
EL189_L_1993_03_001_01_1_PF_06,1993-03-21,Ligue communiste révolutionnaire;Alternative rouge et verte,FAR_LEFT,train,1.0039066,False
EL177_L_1988_06_080_06_1_PF_04,1988-06-05,Centre national des indépendants et paysans;Rassemblement pour la République;Union pour la démocratie française,RIGHT_URC,test,1.0038198,False
EL195_L_1993_03_075_02_1_PF_05,1993-03-21,Verts;Génération écologie,ECO,train,1.0037235,False
EL134_L_1981_06_026_02_1_PF_04,1981-06-14,Parti socialiste unifié,LEFT_PS,train,1.0036985,False
EL190_L_1993_03_024_01_1_PF_01,1993-03-21,Verts;Génération écologie,ECO,test,1.0036453,False
EL134_L_1981_06_003_02_1_PF_03,1981-06-14,Parti communiste français,LEFT_PCF,train,1.00351,False
EL196_L_1993_03_078_07_1_PF_08,1993-03-21,socialiste,LEFT_PS,train,1.003494,False
EL176_L_1988_06_068_07_1_PF_02,1988-06-05,Rassemblement pour la République;Union pour la démocratie française,RIGHT_URC,train,1.0034811,False
EL190_L_1993_03_030_01_1_PF_01,1993-03-21,Front national,FAR_RIGHT_FN,train,1.0034567,False
EL197_L_1993_03_082_01_1_PF_08,1993-03-21,Parti communiste français,LEFT_PCF,test,1.0033842,False
EL134_L_1981_06_033_05_1_PF_03,1981-06-14,Parti communiste français,LEFT_PCF,test,1.0033383,False
EL177_L_1988_06_075_12_1_PF_01,1988-06-05,Parti communiste français,LEFT_PCF,train,1.0033183,False
EL193_L_1993_03_062_14_1_PF_03,1993-03-21,Verts;Génération écologie,ECO,train,1.0032947,False
EL196_L_1993_03_079_01_1_PF_07,1993-03-21,Front national,FAR_RIGHT_FN,train,1.0032821,False
EL193_L_1993_03_062_03_1_PF_05,1993-03-21,Verts;Génération écologie,ECO,test,1.003281,False
EL134_L_1981_06_033_01_1_PF_05,1981-06-14,Lutte ouvrière,FAR_LEFT,train,1.0032804,False
EL137_L_1981_06_077_02_1_PF_07,1981-06-14,écologistes,ECO,train,1.0032706,False
EL136_L_1981_06_073_02_1_PF_03,1981-06-14,Parti communiste français,LEFT_PCF,train,1.0032651,False
EL197_L_1993_03_089_01_1_PF_02,1993-03-21,Union pour la démocratie française;Rassemblement pour la République,RIGHT_UPF,test,1.0032488,False
EL198_L_1993_03_093_02_1_PF_04,1993-03-21,Verts;Génération écologie,ECO,test,1.003212,False
EL195_L_1993_03_075_05_1_PF_03,1993-03-21,Rassemblement pour la République;Union pour la démocratie française,RIGHT_UPF,train,1.0032009,False
EL136_L_1981_06_075_12_1_PF_02,1981-06-14,Parti communiste français,LEFT_PCF,test,1.0031617,False
EL136_L_1981_06_068_05_1_PF_01,1981-06-14,Parti communiste français,LEFT_PCF,train,1.0031599,False
EL175_L_1988_06_031_03_2_PF_02,1988-06-12,Parti socialiste,LEFT_PS,train,1.0031339,False
EL193_L_1993_03_059_18_1_PF_04,1993-03-21,Verts;Génération écologie,ECO,train,1.0030308,False
EL195_L_1993_03_075_03_1_PF_06,1993-03-21,Parti communiste français,LEFT_PCF,train,1.0029682,False
EL198_L_1993_03_095_04_2_PF_01,1993-03-28,Rassemblement pour la République;Union pour la démocratie française,RIGHT_UPF,train,1.0029457,False
EL176_L_1988_06_063_04_1_PF_03,1988-06-05,Union pour la démocratie française;Rassemblement pour la République,RIGHT_URC,train,1.0029266,False
EL177_L_1988_06_095_07_1_PF_04,1988-06-05,Front national,FAR_RIGHT_FN,train,1.0029241,False
EL177_L_1988_06_075_03_1_PF_01,1988-06-05,Mouvement des radicaux de gauche;Parti socialiste;Républicains de progrès,LEFT_PS,train,1.0029088,False
EL195_L_1993_03_074_04_1_PF_06,1993-03-21,Verts;Génération écologie,ECO,train,1.0028788,False
EL175_L_1988_06_030_03_1_PF_04,1988-06-05,Rassemblement pour la République;Union pour la démocratie française,RIGHT_URC,train,1.0028386,False
EL195_L_1993_03_075_20_1_PF_01,1993-03-21,Rassemblement pour la République;Union pour la démocratie française,RIGHT_UPF,train,1.0028359,False
EL194_L_1993_03_067_07_1_PF_03,1993-03-21,Génération écologie;Verts,ECO,train,1.0028216,False
EL192_L_1993_03_051_05_1_PF_07,1993-03-21,Nouveaux écologistes du rassemblement nature et animaux;Union nationale écologiste;Parti pour la défense des animaux;Mouvement universaliste,ECO,train,1.0027856,False
EL198_L_1993_03_094_07_1_PF_02,1993-03-21,Rassemblement pour la République;Union pour la démocratie française,RIGHT_UPF,test,1.0027344,False
EL176_L_1988_06_063_01_1_PF_05,1988-06-05,Front national,FAR_RIGHT_FN,train,1.002674,False
EL191_L_1993_03_033_03_1_PF_03,1993-03-21,Génération écologie;Verts,ECO,train,1.0026276,False
EL176_L_1988_06_069_11_1_PF_02,1988-06-05,Front national,FAR_RIGHT_FN,train,1.0026228,False
EL177_L_1988_06_087_04_1_PF_05,1988-06-05,Front national,FAR_RIGHT_FN,train,1.0025089,False
EL137_L_1981_06_093_09_1_PF_02,1981-06-14,Parti socialiste unifié,LEFT_PS,train,1.0025067,False
EL134_L_1981_06_001_02_1_PF_03,1981-06-14,Parti socialiste;Mouvement des radicaux de gauche,LEFT_PS,train,1.0024178,False
EL192_L_1993_03_056_01_1_PF_04,1993-03-21,Verts;Génération écologie,ECO,train,1.0024133,False
EL193_L_1993_03_062_02_1_PF_05,1993-03-21,Verts;Génération écologie,ECO,train,1.0024083,False
EL136_L_1981_06_069_03_1_PF_03,1981-06-14,Parti communiste français,LEFT_PCF,train,1.0023404,False
EL191_L_1993_03_042_04_1_PF_08,1993-03-21,Front national,FAR_RIGHT_FN,train,1.0023382,False
EL189_L_1993_03_014_03_1_PF_02,1993-03-21,Front national,FAR_RIGHT_FN,train,1.002329,False
EL176_L_1988_06_057_04_1_PF_01,1988-06-05,Parti socialiste,LEFT_PS,train,1.0022893,False
EL135_L_1981_06_044_06_1_PF_01,1981-06-14,Lutte ouvrière,FAR_LEFT,train,1.0022653,False
EL135_L_1981_06_063_01_1_PF_04,1981-06-14,Parti communiste français,LEFT_PCF,train,1.0022306,False
EL137_L_1981_06_092_07_1_PF_05,1981-06-14,Lutte ouvrière,FAR_LEFT,train,1.0022184,False
EL134_L_1981_06_014_01_2_PF_01,1981-06-21,Centre national des indépendants;Rassemblement pour la République;Union pour la démocratie française;Mouvement des démocrates socialistes,LEFT_PS,train,1.0021979,False
EL134_L_1981_06_035_06_1_PF_03,1981-06-14,Parti communiste français,LEFT_PCF,test,1.0020337,False
EL192_L_1993_03_053_03_1_PF_01,1993-03-21,Verts;Génération écologie,ECO,train,1.0020258,False
EL195_L_1993_03_072_04_1_PF_02,1993-03-21,Verts;Génération écologie,ECO,test,1.0020123,False
EL137_L_1981_06_093_02_1_PF_01,1981-06-14,Parti socialiste unifié,LEFT_PS,train,1.0020106,False
EL136_L_1981_06_075_09_1_PF_01,1981-06-14,Parti socialiste,LEFT_PS,train,1.0019788,False
EL137_L_1981_06_093_08_1_PF_02,1981-06-14,Parti socialiste unifié,LEFT_PS,test,1.0019639,False
EL193_L_1993_03_059_09_1_PF_01,1993-03-21,Parti communiste français,LEFT_PCF,test,1.0019107,False
EL137_L_1981_06_093_07_1_PF_02,1981-06-14,Parti socialiste unifié,LEFT_PS,train,1.0018988,False
EL135_L_1981_06_063_02_1_PF_01,1981-06-14,Lutte ouvrière,FAR_LEFT,train,1.0018698,False
EL195_L_1993_03_075_11_2_PF_02,1993-03-28,Rassemblement pour la République;Union pour la démocratie française,RIGHT_UPF,train,1.001776,False
EL176_L_1988_06_063_04_1_PF_04,1988-06-05,Front national,FAR_RIGHT_FN,train,1.0017307,False
EL137_L_1981_06_087_01_1_PF_03,1981-06-14,Parti communiste français,LEFT_PCF,train,1.0016656,False
EL194_L_1993_03_069_10_1_PF_01,1993-03-21,Parti communiste français,LEFT_PCF,train,1.0016567,False
EL196_L_1993_03_077_09_1_PF_06,1993-03-21,Rassemblement pour la République,RIGHT_RPR,train,1.0016378,False
EL194_L_1993_03_069_02_1_PF_04,1993-03-21,Front national,FAR_RIGHT_FN,train,1.001631,False
EL198_L_1993_03_092_12_1_PF_06,1993-03-21,Verts;Génération écologie,ECO,test,1.0016243,False
EL177_L_1988_06_075_04_1_PF_02,1988-06-05,Mouvement des radicaux de gauche;Parti socialiste;Républicains de progrès,LEFT_PS,test,1.0015401,False
EL191_L_1993_03_037_03_1_PF_02,1993-03-21,Union pour la démocratie française;Rassemblement pour la République,RIGHT_UPF,test,1.001537,False
EL176_L_1988_06_063_02_1_PF_04,1988-06-05,Front national,FAR_RIGHT_FN,train,1.0014832,False
EL198_L_1993_03_092_07_1_PF_08,1993-03-21,Nouveaux écologistes du rassemblement nature et animaux,ECO,train,1.0014772,False
EL192_L_1993_03_054_06_1_PF_11,1993-03-21,Nouveaux écologistes du rassemblement nature et animaux;Union nationale écologiste;Parti pour la défense des animaux;Mouvement universaliste,ECO,train,1.0014772,False
EL192_L_1993_03_057_10_1_PF_08,1993-03-21,Nouveaux écologistes du rassemblement nature et animaux;Union nationale écologiste;Parti pour la défense des animaux;Mouvement universaliste,ECO,train,1.0014772,False
EL198_L_1993_03_095_09_1_PF_12,1993-03-21,Nouveaux écologistes du rassemblement nature et animaux,ECO,train,1.0014772,False
EL191_L_1993_03_033_02_1_PF_02,1993-03-21,Ligue communiste révolutionnaire,FAR_LEFT,train,1.001355,False
EL137_L_1981_06_076_05_1_PF_01,1981-06-14,Parti socialiste unifié,LEFT_PS,train,1.0013425,False
EL134_L_1981_06_033_09_1_PF_03,1981-06-14,Parti communiste français,LEFT_PCF,test,1.0013391,False
EL177_L_1988_06_075_07_1_PF_02,1988-06-05,Mouvement des radicaux de gauche;Parti socialiste;Républicains de progrès,LEFT_PS,test,1.0012337,False
EL196_L_1993_03_078_12_1_PF_04,1993-03-21,Parti socialiste,LEFT_PS,train,1.0012201,False
EL177_L_1988_06_095_03_1_PF_02,1988-06-05,Centre national des indépendants et paysans;Rassemblement pour la République;Union pour la démocratie française,RIGHT_URC,train,1.0010554,False
EL135_L_1981_06_063_01_1_PF_03,1981-06-14,Parti socialiste unifié,LEFT_PS,train,1.0010362,False
EL176_L_1988_06_068_06_1_PF_03,1988-06-05,Front national,FAR_RIGHT_FN,train,1.001019,False
EL176_L_1988_06_067_06_1_PF_03,1988-06-05,Front national,FAR_RIGHT_FN,train,1.0009973,False
EL192_L_1993_03_044_02_1_PF_05,1993-03-21,Verts;Génération écologie,ECO,test,1.000942,False
EL196_L_1993_03_080_05_1_PF_02,1993-03-21,Génération écologie;Verts,ECO,test,1.0009212,False
EL177_L_1988_06_095_04_1_PF_04,1988-06-05,Parti communiste français,LEFT_PCF,train,1.0008601,False
EL193_L_1993_03_059_14_1_PF_03,1993-03-21,Verts;Génération écologie,ECO,test,1.000849,False
EL176_L_1988_06_068_01_1_PF_02,1988-06-05,Front national,FAR_RIGHT_FN,train,1.0008324,False
EL177_L_1988_06_083_01_1_PF_04,1988-06-05,Parti socialiste,LEFT_PS,train,1.0007917,False
EL136_L_1981_06_075_11_1_PF_07,1981-06-14,Parti communiste français,LEFT_PCF,train,1.000694,False
EL134_L_1981_06_016_03_1_PF_03,1981-06-14,Parti socialiste,LEFT_PS,test,1.0006841,False
EL194_L_1993_03_069_07_1_PF_09,1993-03-21,Parti communiste français,LEFT_PCF,train,1.0006582,False
EL192_L_1993_03_057_07_1_PF_02,1993-03-21,Rassemblement pour la République;Union pour la démocratie française,RIGHT_UPF,train,1.0005748,False
EL175_L_1988_06_044_04_1_PF_03,1988-06-05,Parti socialiste,LEFT_PS,train,1.000565,False
EL176_L_1988_06_059_11_1_PF_02,1988-06-05,Parti communiste français,LEFT_PCF,train,1.0005342,False
EL189_L_1993_03_014_01_1_PF_01,1993-03-21,Génération écologie,ECO,train,1.0005225,False
EL136_L_1981_06_075_19_1_PF_06,1981-06-14,Parti socialiste,LEFT_PS,train,1.000425,False
EL193_L_1993_03_059_14_1_PF_07,1993-03-21,Parti communiste français,LEFT_PCF,train,1.0003829,False
EL192_L_1993_03_049_03_1_PF_03,1993-03-21,Front national,FAR_RIGHT_FN,train,1.0003735,False
EL174_L_1988_06_025_02_2_PF_02,1988-06-12,Union pour la démocratie française;Rassemblement pour la République,RIGHT_URC,train,1.0003053,False
EL197_L_1993_03_091_03_1_PF_04,1993-03-21,Front national,FAR_RIGHT_FN,train,1.0002637,False
EL191_L_1993_03_033_11_1_PF_02,1993-03-21,Génération écologie;Verts,ECO,train,1.0002177,False
EL176_L_1988_06_063_05_1_PF_04,1988-06-05,Front national,FAR_RIGHT_FN,train,1.0001754,False
EL192_L_1993_03_050_04_1_PF_03,1993-03-21,Verts;Génération écologie,ECO,train,1.000154,False
EL190_L_1993_03_027_03_1_PF_03,1993-03-21,Rassemblement pour la République;Union pour la démocratie française,RIGHT_UPF,test,1.0001154,False
EL137_L_1981_06_088_01_1_PF_03,1981-06-14,Vosges écologie,ECO,train,1.0001118,False
EL189_L_1993_03_013_06_1_PF_07,1993-03-21,Ecologie les Verts;Génération écologie,ECO,train,1.0001049,False
EL137_L_1981_06_092_08_1_PF_05,1981-06-14,Front national,FAR_RIGHT_FN,train,1.0000864,False
EL175_L_1988_06_040_01_1_PF_03,1988-06-05,Rassemblement pour la République;Union pour la démocratie française;Centre national des indépendants et paysans,RIGHT_URC,test,1.0000026,False
EL193_L_1993_03_059_24_1_PF_03,1993-03-21,Lutte ouvrière,FAR_LEFT,train,1.0,False
EL195_L_1993_03_075_18_1_PF_04,1993-03-21,Lutte ouvrière,FAR_LEFT,train,1.0,False
EL191_L_1993_03_035_01_1_PF_01,1993-03-21,Lutte ouvrière,FAR_LEFT,train,1.0,False
EL193_L_1993_03_059_20_1_PF_08,1993-03-21,Lutte ouvrière,FAR_LEFT,train,1.0,False
EL198_L_1993_03_095_06_1_PF_09,1993-03-21,Nouveaux écologistes du rassemblement nature et animaux,ECO,train,1.0,False
EL189_L_1993_03_005_02_1_PF_07,1993-03-21,Nouveaux écologistes du rassemblement nature et animaux,ECO,train,1.0,False
EL192_L_1993_03_053_02_1_PF_07,1993-03-21,Nouveaux écologistes du rassemblement nature et animaux;Union nationale écologiste;Parti pour la défense des animaux;Mouvement universaliste,ECO,train,1.0,False
EL191_L_1993_03_033_11_1_PF_08,1993-03-21,Nouveaux écologistes du rassemblement nature et animaux;Union nationale écologiste;Parti pour la défense des animaux;Mouvement universaliste,ECO,train,1.0,False
EL189_L_1993_03_002_04_1_PF_08,1993-03-21,Nouveaux écologistes du rassemblement nature et animaux,ECO,train,1.0,False
EL198_L_1993_03_094_05_1_PF_08,1993-03-21,Nouveaux écologistes du rassemblement nature et animaux,ECO,train,1.0,False
EL190_L_1993_03_027_03_1_PF_08,1993-03-21,Nouveaux écologistes du rassemblement nature et animaux,ECO,train,1.0,False
EL196_L_1993_03_080_05_1_PF_07,1993-03-21,Nouveaux écologistes du rassemblement nature et animaux,ECO,train,1.0,False
EL191_L_1993_03_031_04_1_PF_02,1993-03-21,Lutte ouvrière,FAR_LEFT,train,1.0,False
EL198_L_1993_03_092_04_1_PF_05,1993-03-21,Lutte ouvrière,FAR_LEFT,train,1.0,False
EL189_L_1993_03_002_03_1_PF_08,1993-03-21,Nouveaux écologistes du rassemblement nature et animaux,ECO,train,1.0,False
EL198_L_1993_03_092_01_1_PF_05,1993-03-21,Lutte ouvrière,FAR_LEFT,train,1.0,False
EL192_L_1993_03_054_06_1_PF_04,1993-03-21,Lutte ouvrière,FAR_LEFT,train,1.0,False
EL195_L_1993_03_075_21_1_PF_09,1993-03-21,Lutte ouvrière,FAR_LEFT,train,1.0,False
EL198_L_1993_03_094_02_1_PF_02,1993-03-21,Lutte ouvrière,FAR_LEFT,train,1.0,False
EL192_L_1993_03_049_02_1_PF_01,1993-03-21,Lutte ouvrière,FAR_LEFT,test,1.0,False
EL193_L_1993_03_059_15_1_PF_09,1993-03-21,Nouveaux écologistes du rassemblement nature et animaux,ECO,train,1.0,False
EL192_L_1993_03_048_01_1_PF_07,1993-03-21,Nouveaux écologistes du rassemblement nature et animaux;Union nationale écologiste;Parti pour la défense des animaux;Mouvement universaliste,ECO,train,1.0,False
EL195_L_1993_03_071_05_1_PF_07,1993-03-21,Nouveaux écologistes du rassemblement nature et animaux,ECO,test,1.0,False
EL198_L_1993_03_094_01_1_PF_10,1993-03-21,Nouveaux écologistes du rassemblement nature et animaux,ECO,train,1.0,False
EL197_L_1993_03_087_01_1_PF_09,1993-03-21,Nouveaux écologistes du rassemblement nature et animaux,ECO,test,1.0,False
EL190_L_1993_03_025_03_1_PF_08,1993-03-21,Nouveaux écologistes du rassemblement nature et animaux,ECO,train,1.0,False
EL191_L_1993_03_038_01_1_PF_04,1993-03-21,Lutte ouvrière,FAR_LEFT,train,1.0,False
EL189_L_1993_03_006_02_1_PF_10,1993-03-21,Nouveaux écologistes du rassemblement nature et animaux,ECO,train,1.0,False
EL193_L_1993_03_059_11_1_PF_07,1993-03-21,Lutte ouvrière,FAR_LEFT,train,1.0,False
EL193_L_1993_03_060_07_1_PF_09,1993-03-21,Nouveaux écologistes du rassemblement nature et animaux,ECO,train,1.0,False
EL189_L_1993_03_008_01_1_PF_08,1993-03-21,Nouveaux écologistes du rassemblement nature et animaux,ECO,train,1.0,False
EL189_L_1993_03_001_04_1_PF_06,1993-03-21,Nouveaux écologistes du rassemblement nature et animaux,ECO,train,1.0,False
EL194_L_1993_03_069_07_1_PF_11,1993-03-21,Nouveaux écologistes du rassemblement nature et animaux,ECO,train,1.0,False
EL194_L_1993_03_067_03_1_PF_07,1993-03-21,Lutte ouvrière,FAR_LEFT,train,1.0,False
EL192_L_1993_03_054_03_1_PF_08,1993-03-21,Nouveaux écologistes du rassemblement nature et animaux;Union nationale écologiste;Parti pour la défense des animaux;Mouvement universaliste,ECO,train,1.0,False
EL191_L_1993_03_033_09_1_PF_10,1993-03-21,Nouveaux écologistes du rassemblement nature et animaux;Union nationale écologiste;Parti pour la défense des animaux;Mouvement universaliste,ECO,train,1.0,False
EL192_L_1993_03_047_02_1_PF_07,1993-03-21,Nouveaux écologistes du rassemblement nature et animaux;Union nationale écologiste;Parti pour la défense des animaux;Mouvement universaliste,ECO,test,1.0,False
EL194_L_1993_03_070_01_1_PF_02,1993-03-21,Lutte ouvrière,FAR_LEFT,train,1.0,False
EL193_L_1993_03_060_01_1_PF_01,1993-03-21,Lutte ouvrière,FAR_LEFT,test,1.0,False
EL191_L_1993_03_034_01_1_PF_11,1993-03-21,Nouveaux écologistes du rassemblement nature et animaux;Union nationale écologiste;Parti pour la défense des animaux;Mouvement universaliste,ECO,train,1.0,False
EL196_L_1993_03_080_06_1_PF_01,1993-03-21,Lutte ouvrière,FAR_LEFT,train,1.0,False
EL189_L_1993_03_013_07_1_PF_07,1993-03-21,Lutte ouvrière,FAR_LEFT,train,1.0,False
EL190_L_1993_03_021_04_1_PF_01,1993-03-21,Lutte ouvrière,FAR_LEFT,train,1.0,False
EL198_L_1993_03_093_01_1_PF_05,1993-03-21,Lutte ouvrière,FAR_LEFT,train,1.0,False
EL190_L_1993_03_022_02_1_PF_06,1993-03-21,Nouveaux écologistes du rassemblement nature et animaux,ECO,train,1.0,False
EL196_L_1993_03_079_04_1_PF_07,1993-03-21,Nouveaux écologistes du rassemblement nature et animaux,ECO,train,1.0,False
EL198_L_1993_03_093_12_1_PF_03,1993-03-21,Lutte ouvrière,FAR_LEFT,train,1.0,False
EL196_L_1993_03_076_05_1_PF_01,1993-03-21,Lutte ouvrière,FAR_LEFT,train,1.0,False
EL189_L_1993_03_013_03_1_PF_10,1993-03-21,Nouveaux écologistes du rassemblement nature et animaux,ECO,train,1.0,False
EL194_L_1993_03_069_11_1_PF_01,1993-03-21,Lutte ouvrière,FAR_LEFT,train,1.0,False
EL194_L_1993_03_069_10_1_PF_07,1993-03-21,Nouveaux écologistes du rassemblement nature et animaux,ECO,test,1.0,False
EL191_L_1993_03_038_05_1_PF_09,1993-03-21,Nouveaux écologistes du rassemblement nature et animaux,ECO,test,1.0,False
EL193_L_1993_03_059_07_1_PF_04,1993-03-21,Lutte ouvrière,FAR_LEFT,test,1.0,False
EL194_L_1993_03_069_03_1_PF_07,1993-03-21,Lutte ouvrière,FAR_LEFT,train,1.0,False
EL191_L_1993_03_038_07_1_PF_07,1993-03-21,Nouveaux écologistes du rassemblement nature et animaux,ECO,train,1.0,False
EL189_L_1993_03_010_03_1_PF_01,1993-03-21,Lutte ouvrière,FAR_LEFT,train,1.0,False
EL191_L_1993_03_041_01_1_PF_08,1993-03-21,Nouveaux écologistes du rassemblement nature et animaux,ECO,train,1.0,False
EL198_L_1993_03_095_04_1_PF_08,1993-03-21,Lutte ouvrière,FAR_LEFT,train,1.0,False
EL190_L_1993_03_030_01_1_PF_13,1993-03-21,Nouveaux écologistes du rassemblement nature et animaux,ECO,train,1.0,False
EL198_L_1993_03_093_09_1_PF_01,1993-03-21,Lutte ouvrière,FAR_LEFT,test,1.0,False
EL195_L_1993_03_075_08_1_PF_12,1993-03-21,Nouveaux écologistes du rassemblement nature et animaux,ECO,train,1.0,False
EL196_L_1993_03_077_02_1_PF_07,1993-03-21,Lutte ouvrière,FAR_LEFT,train,1.0,False
EL198_L_1993_03_092_11_1_PF_06,1993-03-21,Lutte ouvrière,FAR_LEFT,train,1.0,False
EL192_L_1993_03_046_02_1_PF_01,1993-03-21,Lutte ouvrière,FAR_LEFT,test,1.0,False
EL192_L_1993_03_051_04_1_PF_10,1993-03-21,Nouveaux écologistes du rassemblement nature et animaux;Union nationale écologiste;Parti pour la défense des animaux;Mouvement universaliste,ECO,train,1.0,False
EL196_L_1993_03_079_02_1_PF_06,1993-03-21,Nouveaux écologistes du rassemblement nature et animaux,ECO,test,1.0,False
EL193_L_1993_03_059_16_1_PF_03,1993-03-21,Lutte ouvrière,FAR_LEFT,train,1.0,False
EL193_L_1993_03_060_02_1_PF_01,1993-03-21,Lutte ouvrière,FAR_LEFT,train,1.0,False
EL193_L_1993_03_059_12_1_PF_02,1993-03-21,Lutte ouvrière,FAR_LEFT,train,1.0,False
EL192_L_1993_03_045_02_1_PF_04,1993-03-21,Lutte ouvrière,FAR_LEFT,train,1.0,False
EL198_L_1993_03_092_06_1_PF_08,1993-03-21,Nouveaux écologistes du rassemblement nature et animaux,ECO,train,1.0,False
EL194_L_1993_03_069_12_1_PF_04,1993-03-21,Lutte ouvrière,FAR_LEFT,train,1.0,False
EL196_L_1993_03_076_01_1_PF_10,1993-03-21,Lutte ouvrière,FAR_LEFT,train,1.0,False
EL196_L_1993_03_077_08_1_PF_01,1993-03-21,Lutte ouvrière,FAR_LEFT,train,1.0,False
EL190_L_1993_03_028_04_1_PF_08,1993-03-21,Nouveaux écologistes du rassemblement nature et animaux,ECO,train,1.0,False
EL196_L_1993_03_080_05_1_PF_01,1993-03-21,Lutte ouvrière,FAR_LEFT,test,1.0,False
EL189_L_1993_03_002_05_1_PF_09,1993-03-21,Nouveaux écologistes du rassemblement nature et animaux,ECO,train,1.0,False
EL192_L_1993_03_044_04_1_PF_02,1993-03-21,Solidarité écologie gauche alternative,ECO,train,1.0,False
EL191_L_1993_03_038_02_1_PF_09,1993-03-21,Nouveaux écologistes du rassemblement nature et animaux,ECO,test,1.0,False
EL198_L_1993_03_095_07_1_PF_11,1993-03-21,Nouveaux écologistes du rassemblement nature et animaux,ECO,test,1.0,False
EL194_L_1993_03_069_14_1_PF_12,1993-03-21,Nouveaux écologistes du rassemblement nature et animaux,ECO,train,1.0,False
EL195_L_1993_03_072_05_1_PF_08,1993-03-21,Nouveaux écologistes du rassemblement nature et animaux,ECO,train,1.0,False
EL190_L_1993_03_017_01_1_PF_02,1993-03-21,Lutte ouvrière,FAR_LEFT,train,1.0,False
EL198_L_1993_03_092_02_1_PF_06,1993-03-21,Lutte ouvrière,FAR_LEFT,train,1.0,False
EL193_L_1993_03_062_11_1_PF_08,1993-03-21,Nouveaux écologistes du rassemblement nature et animaux,ECO,test,1.0,False
EL196_L_1993_03_081_01_1_PF_02,1993-03-21,Lutte ouvrière,FAR_LEFT,train,1.0,False
EL196_L_1993_03_076_08_1_PF_09,1993-03-21,Lutte ouvrière,FAR_LEFT,train,1.0,False
EL190_L_1993_03_016_02_1_PF_09,1993-03-21,Nouveaux écologistes du rassemblement nature et animaux,ECO,train,1.0,False
EL191_L_1993_03_037_04_1_PF_01,1993-03-21,Lutte ouvrière,FAR_LEFT,train,1.0,False
EL192_L_1993_03_045_01_1_PF_01,1993-03-21,Lutte ouvrière,FAR_LEFT,train,1.0,False
EL197_L_1993_03_088_01_1_PF_08,1993-03-21,Nouveaux écologistes du rassemblement nature et animaux,ECO,test,1.0,False
EL197_L_1993_03_085_04_1_PF_09,1993-03-21,Nouveaux écologistes du rassemblement nature et animaux,ECO,train,1.0,False
EL197_L_1993_03_087_04_1_PF_02,1993-03-21,Lutte ouvrière,FAR_LEFT,train,1.0,False
EL194_L_1993_03_069_06_1_PF_02,1993-03-21,Lutte ouvrière,FAR_LEFT,train,1.0,False
EL189_L_1993_03_008_02_1_PF_02,1993-03-21,Lutte ouvrière,FAR_LEFT,train,1.0,False
EL190_L_1993_03_016_01_1_PF_08,1993-03-21,Nouveaux écologistes du rassemblement nature et animaux,ECO,train,1.0,False
EL191_L_1993_03_040_01_1_PF_07,1993-03-21,Nouveaux écologistes du rassemblement nature et animaux,ECO,test,1.0,False
EL190_L_1993_03_023_02_1_PF_08,1993-03-21,Nouveaux écologistes du rassemblement nature et animaux,ECO,train,1.0,False
EL198_L_1993_03_092_12_1_PF_04,1993-03-21,Lutte ouvrière,FAR_LEFT,train,1.0,False
EL191_L_1993_03_035_03_1_PF_02,1993-03-21,Lutte ouvrière,FAR_LEFT,test,1.0,False
EL189_L_1993_03_002_01_1_PF_01,1993-03-21,Lutte ouvrière,FAR_LEFT,test,1.0,False
EL196_L_1993_03_078_03_1_PF_11,1993-03-21,Nouveaux écologistes du rassemblement nature et animaux,ECO,train,1.0,False
EL191_L_1993_03_037_03_1_PF_01,1993-03-21,Lutte ouvrière,FAR_LEFT,train,1.0,False
EL196_L_1993_03_080_02_1_PF_01,1993-03-21,Lutte ouvrière,FAR_LEFT,train,1.0,False
EL192_L_1993_03_057_08_1_PF_06,1993-03-21,Lutte ouvrière,FAR_LEFT,test,1.0,False
EL193_L_1993_03_059_01_1_PF_11,1993-03-21,Nouveaux écologistes du rassemblement nature et animaux,ECO,test,1.0,False
EL191_L_1993_03_035_06_1_PF_07,1993-03-21,Nouveaux écologistes du rassemblement nature et animaux,ECO,train,1.0,False
EL190_L_1993_03_025_05_1_PF_09,1993-03-21,Nouveaux écologistes du rassemblement nature et animaux,ECO,train,1.0,False
EL190_L_1993_03_017_02_1_PF_08,1993-03-21,Nouveaux écologistes du rassemblement nature et animaux,ECO,train,1.0,False
EL190_L_1993_03_028_01_1_PF_09,1993-03-21,Nouveaux écologistes du rassemblement nature et animaux,ECO,train,1.0,False
EL190_L_1993_03_017_05_1_PF_07,1993-03-21,Nouveaux écologistes du rassemblement nature et animaux,ECO,train,1.0,False
EL193_L_1993_03_059_23_1_PF_04,1993-03-21,Lutte ouvrière,FAR_LEFT,train,1.0,False
EL198_L_1993_03_092_03_1_PF_05,1993-03-21,Lutte ouvrière,FAR_LEFT,train,1.0,False
EL195_L_1993_03_075_01_1_PF_16,1993-03-21,Nouveaux écologistes du rassemblement nature et animaux,ECO,test,1.0,False
EL194_L_1993_03_069_14_1_PF_08,1993-03-21,Lutte ouvrière,FAR_LEFT,test,1.0,False
EL197_L_1993_03_091_06_1_PF_11,1993-03-21,Lutte ouvrière,FAR_LEFT,train,1.0,False
EL196_L_1993_03_076_12_1_PF_08,1993-03-21,Nouveaux écologistes du rassemblement nature et animaux,ECO,train,1.0,False
EL193_L_1993_03_060_05_1_PF_01,1993-03-21,Lutte ouvrière,FAR_LEFT,train,1.0,False
EL198_L_1993_03_095_08_1_PF_07,1993-03-21,Lutte ouvrière,FAR_LEFT,train,1.0,False
EL194_L_1993_03_068_03_1_PF_06,1993-03-21,Lutte ouvrière,FAR_LEFT,train,1.0,False
EL194_L_1993_03_067_02_1_PF_05,1993-03-21,Lutte ouvrière,FAR_LEFT,train,1.0,False
EL193_L_1993_03_062_14_1_PF_07,1993-03-21,Nouveaux écologistes du rassemblement nature et animaux,ECO,train,1.0,False
EL194_L_1993_03_069_01_1_PF_01,1993-03-21,Lutte ouvrière,FAR_LEFT,train,1.0,False
EL192_L_1993_03_057_01_1_PF_15,1993-03-21,Nouveaux écologistes du rassemblement nature et animaux;Union nationale écologiste;Parti pour la défense des animaux;Mouvement universaliste,ECO,train,1.0,False
EL196_L_1993_03_078_09_1_PF_06,1993-03-21,Lutte ouvrière,FAR_LEFT,train,1.0,False
EL191_L_1993_03_042_03_1_PF_07,1993-03-21,Lutte ouvrière,FAR_LEFT,train,1.0,False
EL197_L_1993_03_091_02_1_PF_06,1993-03-21,Lutte ouvrière,FAR_LEFT,train,1.0,False
EL192_L_1993_03_051_02_1_PF_01,1993-03-21,Lutte ouvrière,FAR_LEFT,train,1.0,False
EL190_L_1993_03_023_01_1_PF_08,1993-03-21,Nouveaux écologistes du rassemblement nature et animaux,ECO,train,1.0,False
EL192_L_1993_03_047_02_1_PF_03,1993-03-21,Lutte ouvrière,FAR_LEFT,train,1.0,False
EL197_L_1993_03_085_01_1_PF_06,1993-03-21,Nouveaux écologistes du rassemblement nature et animaux,ECO,test,1.0,False
EL193_L_1993_03_060_03_1_PF_01,1993-03-21,Lutte ouvrière,FAR_LEFT,train,1.0,False
EL192_L_1993_03_051_01_1_PF_08,1993-03-21,Nouveaux écologistes du rassemblement nature et animaux;Union nationale écologiste;Parti pour la défense des animaux;Mouvement universaliste,ECO,test,1.0,False
EL189_L_1993_03_002_02_1_PF_12,1993-03-21,Nouveaux écologistes du rassemblement nature et animaux,ECO,train,1.0,False
EL197_L_1993_03_091_02_1_PF_08,1993-03-21,Nouveaux écologistes du rassemblement nature et animaux,ECO,train,1.0,False
EL198_L_1993_03_094_06_1_PF_09,1993-03-21,Nouveaux écologistes du rassemblement nature et animaux,ECO,train,1.0,False
EL198_L_1993_03_093_02_1_PF_03,1993-03-21,Lutte ouvrière,FAR_LEFT,train,1.0,False
EL191_L_1993_03_043_01_1_PF_08,1993-03-21,Nouveaux écologistes du rassemblement nature et animaux,ECO,train,1.0,False
EL197_L_1993_03_091_09_1_PF_03,1993-03-21,Lutte ouvrière,FAR_LEFT,train,1.0,False
EL196_L_1993_03_078_05_1_PF_09,1993-03-21,Lutte ouvrière,FAR_LEFT,train,1.0,False
EL198_L_1993_03_093_03_1_PF_04,1993-03-21,Lutte ouvrière,FAR_LEFT,train,1.0,False
EL190_L_1993_03_025_01_1_PF_10,1993-03-21,Nouveaux écologistes du rassemblement nature et animaux,ECO,train,1.0,False
EL194_L_1993_03_067_01_1_PF_11,1993-03-21,Nouveaux écologistes du rassemblement nature et animaux,ECO,train,1.0,False
EL190_L_1993_03_024_04_1_PF_08,1993-03-21,Nouveaux écologistes du rassemblement nature et animaux,ECO,train,1.0,False
EL189_L_1993_03_004_02_1_PF_07,1993-03-21,Nouveaux écologistes du rassemblement nature et animaux,ECO,train,1.0,False
EL193_L_1993_03_062_05_1_PF_07,1993-03-21,Nouveaux écologistes du rassemblement nature et animaux,ECO,test,1.0,False
EL197_L_1993_03_087_03_1_PF_01,1993-03-21,Lutte ouvrière,FAR_LEFT,train,1.0,False
EL190_L_1993_03_022_03_1_PF_07,1993-03-21,Nouveaux écologistes du rassemblement nature et animaux,ECO,train,1.0,False
EL191_L_1993_03_031_06_1_PF_01,1993-03-21,Lutte ouvrière,FAR_LEFT,train,1.0,False
EL189_L_1993_03_002_05_1_PF_01,1993-03-21,Lutte ouvrière,FAR_LEFT,test,1.0,False
EL193_L_1993_03_059_13_1_PF_08,1993-03-21,Nouveaux écologistes du rassemblement nature et animaux,ECO,train,1.0,False
EL193_L_1993_03_063_02_1_PF_02,1993-03-21,Lutte ouvrière,FAR_LEFT,train,1.0,False
EL193_L_1993_03_060_05_1_PF_10,1993-03-21,Nouveaux écologistes du rassemblement nature et animaux,ECO,train,1.0,False
EL191_L_1993_03_031_07_1_PF_01,1993-03-21,Lutte ouvrière,FAR_LEFT,train,1.0,False
EL197_L_1993_03_088_02_1_PF_10,1993-03-21,Nouveaux écologistes du rassemblement nature et animaux,ECO,test,1.0,False
EL198_L_1993_03_093_05_1_PF_03,1993-03-21,Rassemblement pour la République;Union pour la démocratie française,RIGHT_UPF,test,1.0,False
EL197_L_1993_03_082_01_1_PF_01,1993-03-21,Lutte ouvrière,FAR_LEFT,train,1.0,False
EL192_L_1993_03_044_03_1_PF_02,1993-03-21,Ligue communiste révolutionnaire,FAR_LEFT,train,1.0,False
EL198_L_1993_03_094_01_1_PF_03,1993-03-21,Lutte ouvrière,FAR_LEFT,train,1.0,False
EL194_L_1993_03_068_03_1_PF_07,1993-03-21,Nouveaux écologistes du rassemblement nature et animaux,ECO,train,1.0,False
EL197_L_1993_03_090_02_1_PF_01,1993-03-21,Lutte ouvrière,FAR_LEFT,test,1.0,False
EL189_L_1993_03_006_08_1_PF_09,1993-03-21,Nouveaux écologistes du rassemblement nature et animaux,ECO,train,1.0,False
EL193_L_1993_03_059_17_1_PF_02,1993-03-21,Lutte ouvrière,FAR_LEFT,test,1.0,False
EL189_L_1993_03_006_01_1_PF_12,1993-03-21,Nouveaux écologistes du rassemblement nature et animaux,ECO,train,1.0,False
EL198_L_1993_03_094_12_1_PF_01,1993-03-21,Lutte ouvrière,FAR_LEFT,train,1.0,False
EL191_L_1993_03_038_04_1_PF_08,1993-03-21,Nouveaux écologistes du rassemblement nature et animaux,ECO,test,1.0,False
EL189_L_1993_03_013_10_1_PF_13,1993-03-21,Nouveaux écologistes du rassemblement nature et animaux,ECO,test,1.0,False
EL190_L_1993_03_022_04_1_PF_08,1993-03-21,Nouveaux écologistes du rassemblement nature et animaux,ECO,train,1.0,False
EL190_L_1993_03_029_02_1_PF_10,1993-03-21,Nouveaux écologistes du rassemblement nature et animaux,ECO,train,1.0,False
EL191_L_1993_03_033_05_1_PF_04,1993-03-21,Lutte ouvrière,FAR_LEFT,train,1.0,False
EL190_L_1993_03_02B_01_1_PF_08,1993-03-21,Nouveaux écologistes du rassemblement nature et animaux,ECO,test,1.0,False
EL191_L_1993_03_033_05_1_PF_08,1993-03-21,Nouveaux écologistes du rassemblement nature et animaux;Union nationale écologiste;Parti pour la défense des animaux;Mouvement universaliste,ECO,train,1.0,False
EL197_L_1993_03_091_06_1_PF_12,1993-03-21,Nouveaux écologistes du rassemblement nature et animaux,ECO,train,1.0,False
EL195_L_1993_03_071_04_1_PF_01,1993-03-21,Lutte ouvrière,FAR_LEFT,test,1.0,False
EL196_L_1993_03_077_07_1_PF_10,1993-03-21,Lutte ouvrière,FAR_LEFT,train,1.0,False
EL193_L_1993_03_059_02_1_PF_07,1993-03-21,Lutte ouvrière,FAR_LEFT,test,1.0,False
EL192_L_1993_03_046_02_1_PF_09,1993-03-21,Nouveaux écologistes du rassemblement nature et animaux;Union nationale écologiste;Parti pour la défense des animaux;Mouvement universaliste,ECO,test,1.0,False
EL197_L_1993_03_091_08_1_PF_10,1993-03-21,Lutte ouvrière,FAR_LEFT,train,1.0,False
EL189_L_1993_03_013_02_1_PF_07,1993-03-21,Nouveaux écologistes du rassemblement nature et animaux,ECO,test,1.0,False
EL194_L_1993_03_070_02_1_PF_07,1993-03-21,Nouveaux écologistes du rassemblement nature et animaux,ECO,train,1.0,False
EL189_L_1993_03_002_02_1_PF_01,1993-03-21,Lutte ouvrière,FAR_LEFT,test,1.0,False
EL193_L_1993_03_059_21_1_PF_01,1993-03-21,Lutte ouvrière,FAR_LEFT,train,1.0,False
EL193_L_1993_03_062_14_1_PF_04,1993-03-21,Lutte ouvrière,FAR_LEFT,train,1.0,False
EL192_L_1993_03_054_01_1_PF_05,1993-03-21,Lutte ouvrière,FAR_LEFT,test,1.0,False
EL195_L_1993_03_075_05_1_PF_04,1993-03-21,Lutte ouvrière,FAR_LEFT,test,1.0,False
EL192_L_1993_03_057_10_1_PF_07,1993-03-21,Lutte ouvrière,FAR_LEFT,test,1.0,False
EL193_L_1993_03_061_01_1_PF_07,1993-03-21,Nouveaux écologistes du rassemblement nature et animaux,ECO,test,1.0,False
EL195_L_1993_03_075_12_1_PF_06,1993-03-21,Lutte ouvrière,FAR_LEFT,train,1.0,False
EL195_L_1993_03_075_11_1_PF_12,1993-03-21,Nouveaux écologistes du rassemblement nature et animaux,ECO,test,1.0,False
EL193_L_1993_03_063_05_1_PF_01,1993-03-21,Lutte ouvrière,FAR_LEFT,train,1.0,False
EL196_L_1993_03_076_06_1_PF_09,1993-03-21,Nouveaux écologistes du rassemblement nature et animaux,ECO,train,1.0,False
EL195_L_1993_03_073_01_1_PF_08,1993-03-21,Nouveaux écologistes du rassemblement nature et animaux,ECO,train,1.0,False
EL191_L_1993_03_034_07_1_PF_08,1993-03-21,Nouveaux écologistes du rassemblement nature et animaux,ECO,train,1.0,False
EL195_L_1993_03_075_05_1_PF_13,1993-03-21,Nouveaux écologistes du rassemblement nature et animaux,ECO,test,1.0,False
EL190_L_1993_03_022_05_1_PF_08,1993-03-21,Lutte ouvrière,FAR_LEFT,test,1.0,False
EL192_L_1993_03_044_04_1_PF_09,1993-03-21,Nouveaux écologistes du rassemblement nature et animaux;Union nationale écologiste;Parti pour la défense des animaux;Mouvement universaliste,ECO,train,1.0,False
EL190_L_1993_03_024_03_1_PF_08,1993-03-21,Nouveaux écologistes du rassemblement nature et animaux,ECO,train,1.0,False
EL191_L_1993_03_042_02_1_PF_03,1993-03-21,Lutte ouvrière,FAR_LEFT,train,1.0,False
EL195_L_1993_03_075_19_1_PF_01,1993-03-21,Lutte ouvrière,FAR_LEFT,train,1.0,False
EL189_L_1993_03_009_02_1_PF_06,1993-03-21,Nouveaux écologistes du rassemblement nature et animaux,ECO,test,1.0,False
EL194_L_1993_03_069_09_1_PF_07,1993-03-21,Lutte ouvrière,FAR_LEFT,train,1.0,False
EL190_L_1993_03_027_04_1_PF_01,1993-03-21,Lutte ouvrière,FAR_LEFT,train,1.0,False
EL196_L_1993_03_079_01_1_PF_08,1993-03-21,Nouveaux écologistes du rassemblement nature et animaux,ECO,train,1.0,False
EL190_L_1993_03_019_01_1_PF_06,1993-03-21,Nouveaux écologistes du rassemblement nature et animaux,ECO,train,1.0,False
EL196_L_1993_03_080_01_1_PF_01,1993-03-21,Lutte ouvrière,FAR_LEFT,train,1.0,False
EL193_L_1993_03_062_12_1_PF_04,1993-03-21,Lutte ouvrière,FAR_LEFT,train,1.0,False
EL195_L_1993_03_075_10_1_PF_05,1993-03-21,Lutte ouvrière,FAR_LEFT,train,1.0,False
EL195_L_1993_03_075_09_1_PF_05,1993-03-21,Lutte ouvrière,FAR_LEFT,test,1.0,False
EL192_L_1993_03_054_04_1_PF_05,1993-03-21,Lutte ouvrière,FAR_LEFT,train,1.0,False
EL193_L_1993_03_063_01_1_PF_02,1993-03-21,Lutte ouvrière,FAR_LEFT,train,1.0,False
EL189_L_1993_03_009_01_1_PF_07,1993-03-21,Nouveaux écologistes du rassemblement nature et animaux,ECO,test,1.0,False
EL197_L_1993_03_091_05_1_PF_08,1993-03-21,Lutte ouvrière,FAR_LEFT,test,1.0,False
EL191_L_1993_03_036_02_1_PF_07,1993-03-21,Nouveaux écologistes du rassemblement nature et animaux,ECO,train,1.0,False
EL191_L_1993_03_033_07_1_PF_10,1993-03-21,Nouveaux écologistes du rassemblement nature et animaux;Union nationale écologiste;Parti pour la défense des animaux;Mouvement universaliste,ECO,train,1.0,False
EL193_L_1993_03_063_03_1_PF_07,1993-03-21,Nouveaux écologistes du rassemblement nature et animaux,ECO,train,1.0,False
EL190_L_1993_03_021_02_1_PF_01,1993-03-21,Lutte ouvrière,FAR_LEFT,train,1.0,False
EL191_L_1993_03_032_01_1_PF_08,1993-03-21,Nouveaux écologistes du rassemblement nature et animaux,ECO,train,1.0,False
EL194_L_1993_03_069_04_1_PF_08,1993-03-21,Nouveaux écologistes du rassemblement nature et animaux,ECO,test,1.0,False
EL195_L_1993_03_075_02_1_PF_06,1993-03-21,Lutte ouvrière,FAR_LEFT,test,1.0,False
EL189_L_1993_03_013_03_1_PF_04,1993-03-21,Lutte ouvrière,FAR_LEFT,train,1.0,False
EL196_L_1993_03_076_11_1_PF_05,1993-03-21,Lutte ouvrière,FAR_LEFT,test,1.0,False
EL189_L_1993_03_014_05_1_PF_07,1993-03-21,Nouveaux écologistes du rassemblement nature et animaux,ECO,train,1.0,False
EL198_L_1993_03_092_05_1_PF_06,1993-03-21,Lutte ouvrière,FAR_LEFT,test,1.0,False
EL189_L_1993_03_001_01_1_PF_08,1993-03-21,Nouveaux écologistes du rassemblement nature et animaux,ECO,train,1.0,False
EL195_L_1993_03_072_04_1_PF_01,1993-03-21,Lutte ouvrière,FAR_LEFT,train,1.0,False
EL190_L_1993_03_022_05_1_PF_09,1993-03-21,Nouveaux écologistes du rassemblement nature et animaux,ECO,train,1.0,False
EL189_L_1993_03_002_04_1_PF_01,1993-03-21,Lutte ouvrière,FAR_LEFT,train,1.0,False
EL192_L_1993_03_055_01_1_PF_08,1993-03-21,Nouveaux écologistes du rassemblement nature et animaux;Union nationale écologiste;Parti pour la défense des animaux;Mouvement universaliste,ECO,train,1.0,False
EL190_L_1993_03_027_04_1_PF_09,1993-03-21,Nouveaux écologistes du rassemblement nature et animaux,ECO,train,1.0,False
EL197_L_1993_03_086_04_1_PF_01,1993-03-21,Lutte ouvrière,FAR_LEFT,train,1.0,False
EL191_L_1993_03_038_06_1_PF_08,1993-03-21,Nouveaux écologistes du rassemblement nature et animaux,ECO,train,1.0,False
EL191_L_1993_03_038_08_1_PF_09,1993-03-21,Nouveaux écologistes du rassemblement nature et animaux,ECO,train,1.0,False
EL194_L_1993_03_069_04_1_PF_06,1993-03-21,Lutte ouvrière,FAR_LEFT,train,1.0,False
EL196_L_1993_03_076_04_1_PF_10,1993-03-21,Nouveaux écologistes du rassemblement nature et animaux,ECO,train,1.0,False
EL197_L_1993_03_087_01_1_PF_02,1993-03-21,Lutte ouvrière,FAR_LEFT,train,1.0,False
EL198_L_1993_03_094_12_1_PF_10,1993-03-21,Nouveaux écologistes du rassemblement nature et animaux,ECO,train,1.0,False
EL193_L_1993_03_060_06_1_PF_08,1993-03-21,Nouveaux écologistes du rassemblement nature et animaux,ECO,test,1.0,False
EL195_L_1993_03_072_01_1_PF_01,1993-03-21,Lutte ouvrière,FAR_LEFT,train,1.0,False
EL192_L_1993_03_058_01_1_PF_05,1993-03-21,Lutte ouvrière,FAR_LEFT,train,1.0,False
EL190_L_1993_03_018_03_1_PF_08,1993-03-21,Nouveaux écologistes du rassemblement nature et animaux,ECO,test,1.0,False
EL197_L_1993_03_087_02_1_PF_07,1993-03-21,Nouveaux écologistes du rassemblement nature et animaux,ECO,test,1.0,False
EL196_L_1993_03_078_08_1_PF_03,1993-03-21,Lutte ouvrière,FAR_LEFT,train,1.0,False
EL195_L_1993_03_075_16_1_PF_10,1993-03-21,Nouveaux écologistes du rassemblement nature et animaux,ECO,train,1.0,False
EL194_L_1993_03_069_08_1_PF_05,1993-03-21,Lutte ouvrière,FAR_LEFT,test,1.0,False
EL191_L_1993_03_038_01_1_PF_09,1993-03-21,Nouveaux écologistes du rassemblement nature et animaux,ECO,train,1.0,False
EL189_L_1993_03_014_02_1_PF_01,1993-03-21,Lutte ouvrière,FAR_LEFT,train,1.0,False
EL194_L_1993_03_064_05_1_PF_01,1993-03-21,Lutte ouvrière,FAR_LEFT,train,1.0,False
EL191_L_1993_03_037_01_1_PF_04,1993-03-21,Lutte ouvrière,FAR_LEFT,train,1.0,False
EL190_L_1993_03_021_01_1_PF_02,1993-03-21,Lutte ouvrière,FAR_LEFT,train,1.0,False
EL190_L_1993_03_016_04_1_PF_07,1993-03-21,Lutte ouvrière,FAR_LEFT,train,1.0,False
EL198_L_1993_03_095_02_1_PF_06,1993-03-21,Lutte ouvrière,FAR_LEFT,train,1.0,False
EL195_L_1993_03_075_08_1_PF_05,1993-03-21,Lutte ouvrière,FAR_LEFT,train,1.0,False
EL189_L_1993_03_001_03_1_PF_06,1993-03-21,Nouveaux écologistes du rassemblement nature et animaux,ECO,train,1.0,False
EL196_L_1993_03_077_01_1_PF_08,1993-03-21,Lutte ouvrière,FAR_LEFT,train,1.0,False
EL198_L_1993_03_095_09_1_PF_06,1993-03-21,Lutte ouvrière,FAR_LEFT,train,1.0,False
EL193_L_1993_03_061_02_1_PF_08,1993-03-21,Nouveaux écologistes du rassemblement nature et animaux,ECO,train,1.0,False
EL198_L_1993_03_094_11_1_PF_02,1993-03-21,Lutte ouvrière,FAR_LEFT,test,1.0,False
EL196_L_1993_03_078_11_1_PF_03,1993-03-21,Lutte ouvrière,FAR_LEFT,test,1.0,False
EL194_L_1993_03_070_02_1_PF_06,1993-03-21,Lutte ouvrière,FAR_LEFT,train,1.0,False
EL191_L_1993_03_042_05_1_PF_03,1993-03-21,Lutte ouvrière,FAR_LEFT,train,1.0,False
EL192_L_1993_03_057_09_1_PF_08,1993-03-21,Nouveaux écologistes du rassemblement nature et animaux;Union nationale écologiste;Parti pour la défense des animaux;Mouvement universaliste,ECO,train,1.0,False
EL192_L_1993_03_053_01_1_PF_07,1993-03-21,Nouveaux écologistes du rassemblement nature et animaux;Union nationale écologiste;Parti pour la défense des animaux;Mouvement universaliste,ECO,train,1.0,False
EL194_L_1993_03_066_04_1_PF_11,1993-03-21,Nouveaux écologistes du rassemblement nature et animaux,ECO,train,1.0,False
EL190_L_1993_03_021_01_1_PF_09,1993-03-21,Nouveaux écologistes du rassemblement nature et animaux,ECO,train,1.0,False
EL190_L_1993_03_021_03_1_PF_02,1993-03-21,Lutte ouvrière,FAR_LEFT,train,1.0,False
EL194_L_1993_03_069_02_1_PF_13,1993-03-21,Nouveaux écologistes du rassemblement nature et animaux,ECO,train,1.0,False
EL197_L_1993_03_082_01_1_PF_10,1993-03-21,Nouveaux écologistes du rassemblement nature et animaux,ECO,train,1.0,False
EL189_L_1993_03_013_16_1_PF_08,1993-03-21,Nouveaux écologistes du rassemblement nature et animaux,ECO,train,1.0,False
EL196_L_1993_03_078_06_1_PF_02,1993-03-21,Lutte ouvrière,FAR_LEFT,test,1.0,False
EL190_L_1993_03_016_03_1_PF_08,1993-03-21,Nouveaux écologistes du rassemblement nature et animaux,ECO,train,1.0,False
EL192_L_1993_03_052_01_1_PF_06,1993-03-21,Lutte ouvrière,FAR_LEFT,train,1.0,False
EL198_L_1993_03_094_10_1_PF_08,1993-03-21,Nouveaux écologistes du rassemblement nature et animaux,ECO,train,1.0,False
EL195_L_1993_03_075_04_1_PF_12,1993-03-21,Nouveaux écologistes du rassemblement nature et animaux,ECO,train,1.0,False
EL191_L_1993_03_031_05_1_PF_02,1993-03-21,Lutte ouvrière,FAR_LEFT,test,1.0,False
EL192_L_1993_03_050_03_1_PF_12,1993-03-21,Nouveaux écologistes du rassemblement nature et animaux;Union nationale écologiste;Parti pour la défense des animaux;Mouvement universaliste,ECO,train,1.0,False
EL198_L_1993_03_093_08_1_PF_04,1993-03-21,Lutte ouvrière,FAR_LEFT,test,1.0,False
EL190_L_1993_03_017_01_1_PF_11,1993-03-21,Nouveaux écologistes du rassemblement nature et animaux,ECO,train,1.0,False
EL196_L_1993_03_078_04_1_PF_04,1993-03-21,Lutte ouvrière,FAR_LEFT,train,1.0,False
EL195_L_1993_03_071_06_1_PF_06,1993-03-21,Nouveaux écologistes du rassemblement nature et animaux,ECO,train,1.0,False
EL191_L_1993_03_031_02_1_PF_02,1993-03-21,Lutte ouvrière,FAR_LEFT,train,1.0,False
EL192_L_1993_03_049_03_1_PF_08,1993-03-21,Nouveaux écologistes du rassemblement nature et animaux;Union nationale écologiste;Parti pour la défense des animaux;Mouvement universaliste,ECO,train,1.0,False
EL190_L_1993_03_02A_02_1_PF_10,1993-03-21,Nouveaux écologistes du rassemblement nature et animaux,ECO,train,1.0,False
EL193_L_1993_03_062_13_1_PF_04,1993-03-21,Lutte ouvrière,FAR_LEFT,train,1.0,False
EL193_L_1993_03_062_08_1_PF_03,1993-03-21,Lutte ouvrière,FAR_LEFT,train,1.0,False
EL192_L_1993_03_045_03_1_PF_08,1993-03-21,Nouveaux écologistes du rassemblement nature et animaux;Union nationale écologiste;Parti pour la défense des animaux;Mouvement universaliste,ECO,train,1.0,False
EL191_L_1993_03_034_05_1_PF_10,1993-03-21,Nouveaux écologistes du rassemblement nature et animaux,ECO,train,1.0,False
EL190_L_1993_03_030_04_1_PF_02,1993-03-21,Lutte ouvrière,FAR_LEFT,train,1.0,False
EL198_L_1993_03_093_11_1_PF_04,1993-03-21,Lutte ouvrière,FAR_LEFT,train,1.0,False
EL192_L_1993_03_044_02_1_PF_09,1993-03-21,Nouveaux écologistes du rassemblement nature et animaux;Union nationale écologiste;Parti pour la défense des animaux;Mouvement universaliste,ECO,train,1.0,False
EL193_L_1993_03_059_05_1_PF_07,1993-03-21,Lutte ouvrière,FAR_LEFT,train,1.0,False
EL190_L_1993_03_030_03_1_PF_08,1993-03-21,Nouveaux écologistes du rassemblement nature et animaux,ECO,train,1.0,False
EL192_L_1993_03_045_03_1_PF_03,1993-03-21,Lutte ouvrière,FAR_LEFT,train,1.0,False
EL192_L_1993_03_045_04_1_PF_08,1993-03-21,Lutte ouvrière,FAR_LEFT,train,1.0,False
EL194_L_1993_03_067_04_1_PF_07,1993-03-21,Lutte ouvrière,FAR_LEFT,test,1.0,False
EL195_L_1993_03_075_17_1_PF_11,1993-03-21,Nouveaux écologistes du rassemblement nature et animaux,ECO,train,1.0,False
EL198_L_1993_03_093_07_1_PF_04,1993-03-21,Lutte ouvrière,FAR_LEFT,test,1.0,False
EL190_L_1993_03_027_01_1_PF_08,1993-03-21,Nouveaux écologistes du rassemblement nature et animaux,ECO,train,1.0,False
EL194_L_1993_03_065_03_1_PF_02,1993-03-21,Lutte ouvrière,FAR_LEFT,train,1.0,False
EL189_L_1993_03_003_01_1_PF_07,1993-03-21,Nouveaux écologistes du rassemblement nature et animaux,ECO,train,1.0,False
EL195_L_1993_03_075_07_1_PF_13,1993-03-21,Nouveaux écologistes du rassemblement nature et animaux,ECO,train,1.0,False
EL192_L_1993_03_044_08_1_PF_02,1993-03-21,Lutte ouvrière,FAR_LEFT,train,1.0,False
EL192_L_1993_03_045_05_1_PF_08,1993-03-21,Nouveaux écologistes du rassemblement nature et animaux;Union nationale écologiste;Parti pour la défense des animaux;Mouvement universaliste,ECO,test,1.0,False
EL192_L_1993_03_054_01_1_PF_09,1993-03-21,Nouveaux écologistes du rassemblement nature et animaux;Union nationale écologiste;Parti pour la défense des animaux;Mouvement universaliste,ECO,train,1.0,False
EL197_L_1993_03_084_04_1_PF_09,1993-03-21,Nouveaux écologistes du rassemblement nature et animaux,ECO,train,1.0,False
EL195_L_1993_03_075_09_1_PF_17,1993-03-21,Nouveaux écologistes du rassemblement nature et animaux,ECO,test,1.0,False
EL195_L_1993_03_075_17_1_PF_05,1993-03-21,Lutte ouvrière,FAR_LEFT,test,1.0,False
EL194_L_1993_03_069_12_1_PF_08,1993-03-21,Nouveaux écologistes du rassemblement nature et animaux,ECO,train,1.0,False
EL192_L_1993_03_049_02_1_PF_10,1993-03-21,Nouveaux écologistes du rassemblement nature et animaux;Union nationale écologiste;Parti pour la défense des animaux;Mouvement universaliste,ECO,train,1.0,False
EL192_L_1993_03_054_02_1_PF_01,1993-03-21,Lutte ouvrière,FAR_LEFT,train,1.0,False
EL192_L_1993_03_050_05_1_PF_01,1993-03-21,Lutte ouvrière,FAR_LEFT,train,1.0,False
EL190_L_1993_03_028_03_1_PF_08,1993-03-21,Nouveaux écologistes du rassemblement nature et animaux,ECO,train,1.0,False
EL193_L_1993_03_063_05_1_PF_07,1993-03-21,Nouveaux écologistes du rassemblement nature et animaux,ECO,train,1.0,False
EL192_L_1993_03_044_07_1_PF_11,1993-03-21,Nouveaux écologistes du rassemblement nature et animaux;Union nationale écologiste;Parti pour la défense des animaux;Mouvement universaliste,ECO,train,1.0,False
EL193_L_1993_03_062_12_1_PF_08,1993-03-21,Nouveaux écologistes du rassemblement nature et animaux,ECO,train,1.0,False
EL194_L_1993_03_064_03_1_PF_06,1993-03-21,Nouveaux écologistes du rassemblement nature et animaux,ECO,train,1.0,False
EL197_L_1993_03_087_04_1_PF_08,1993-03-21,Nouveaux écologistes du rassemblement nature et animaux,ECO,train,1.0,False
EL196_L_1993_03_077_06_1_PF_02,1993-03-21,Lutte ouvrière,FAR_LEFT,train,1.0,False
EL193_L_1993_03_060_01_1_PF_08,1993-03-21,Nouveaux écologistes du rassemblement nature et animaux,ECO,test,1.0,False
EL198_L_1993_03_093_13_1_PF_02,1993-03-21,Lutte ouvrière,FAR_LEFT,test,1.0,False
EL192_L_1993_03_045_05_1_PF_06,1993-03-21,Lutte ouvrière,FAR_LEFT,train,1.0,False
EL198_L_1993_03_092_03_1_PF_10,1993-03-21,Nouveaux écologistes du rassemblement nature et animaux,ECO,train,1.0,False
EL198_L_1993_03_093_04_1_PF_03,1993-03-21,Lutte ouvrière,FAR_LEFT,train,1.0,False
EL195_L_1993_03_074_03_1_PF_09,1993-03-21,Nouveaux écologistes du rassemblement nature et animaux,ECO,train,1.0,False
EL193_L_1993_03_059_12_1_PF_13,1993-03-21,Nouveaux écologistes du rassemblement nature et animaux,ECO,train,1.0,False
EL197_L_1993_03_091_03_1_PF_03,1993-03-21,Lutte ouvrière,FAR_LEFT,train,1.0,False
EL192_L_1993_03_051_03_1_PF_08,1993-03-21,Nouveaux écologistes du rassemblement nature et animaux;Union nationale écologiste;Parti pour la défense des animaux;Mouvement universaliste,ECO,test,1.0,False
EL198_L_1993_03_095_08_1_PF_11,1993-03-21,Nouveaux écologistes du rassemblement nature et animaux,ECO,train,1.0,False
EL197_L_1993_03_091_01_1_PF_03,1993-03-21,Lutte ouvrière,FAR_LEFT,train,1.0,False
EL198_L_1993_03_095_01_1_PF_10,1993-03-21,Nouveaux écologistes du rassemblement nature et animaux,ECO,train,1.0,False
EL194_L_1993_03_068_07_1_PF_07,1993-03-21,Lutte ouvrière,FAR_LEFT,train,1.0,False
EL193_L_1993_03_059_01_1_PF_05,1993-03-21,Lutte ouvrière,FAR_LEFT,train,1.0,False
EL192_L_1993_03_050_02_1_PF_08,1993-03-21,Nouveaux écologistes du rassemblement nature et animaux;Union nationale écologiste;Parti pour la défense des animaux;Mouvement universaliste,ECO,train,1.0,False
EL194_L_1993_03_069_13_1_PF_03,1993-03-21,Lutte ouvrière,FAR_LEFT,train,1.0,False
EL191_L_1993_03_031_02_1_PF_12,1993-03-21,Nouveaux écologistes du rassemblement nature et animaux,ECO,train,1.0,False
EL194_L_1993_03_069_07_1_PF_06,1993-03-21,Lutte ouvrière,FAR_LEFT,train,1.0,False
EL197_L_1993_03_091_04_1_PF_05,1993-03-21,Lutte ouvrière,FAR_LEFT,train,1.0,False
EL192_L_1993_03_047_03_1_PF_10,1993-03-21,Nouveaux écologistes du rassemblement nature et animaux;Union nationale écologiste;Parti pour la défense des animaux;Mouvement universaliste,ECO,train,1.0,False
EL190_L_1993_03_025_05_1_PF_01,1993-03-21,Lutte ouvrière,FAR_LEFT,test,1.0,False
EL195_L_1993_03_075_07_1_PF_06,1993-03-21,Lutte ouvrière,FAR_LEFT,test,1.0,False
EL192_L_1993_03_044_07_1_PF_02,1993-03-21,Lutte ouvrière,FAR_LEFT,train,1.0,False
EL191_L_1993_03_033_02_1_PF_11,1993-03-21,Nouveaux écologistes du rassemblement nature et animaux;Union nationale écologiste;Parti pour la défense des animaux;Mouvement universaliste,ECO,test,1.0,False
EL191_L_1993_03_038_07_1_PF_01,1993-03-21,Lutte ouvrière,FAR_LEFT,train,1.0,False
EL195_L_1993_03_075_20_1_PF_04,1993-03-21,Lutte ouvrière,FAR_LEFT,train,1.0,False
EL194_L_1993_03_064_05_1_PF_10,1993-03-21,Nouveaux écologistes du rassemblement nature et animaux,ECO,train,1.0,False
EL189_L_1993_03_002_01_1_PF_08,1993-03-21,Nouveaux écologistes du rassemblement nature et animaux,ECO,train,1.0,False
EL198_L_1993_03_093_11_1_PF_13,1993-03-21,Nouveaux écologistes du rassemblement nature et animaux,ECO,train,1.0,False
EL193_L_1993_03_062_03_1_PF_06,1993-03-21,Nouveaux écologistes du rassemblement nature et animaux,ECO,train,1.0,False
EL190_L_1993_03_016_04_1_PF_13,1993-03-21,Nouveaux écologistes du rassemblement nature et animaux,ECO,train,1.0,False
EL190_L_1993_03_029_03_1_PF_08,1993-03-21,Nouveaux écologistes du rassemblement nature et animaux,ECO,train,1.0,False
EL191_L_1993_03_034_02_1_PF_02,1993-03-21,Lutte ouvrière,FAR_LEFT,train,1.0,False
EL191_L_1993_03_038_05_1_PF_04,1993-03-21,Lutte ouvrière,FAR_LEFT,train,1.0,False
EL193_L_1993_03_062_11_1_PF_04,1993-03-21,Lutte ouvrière,FAR_LEFT,test,1.0,False
EL194_L_1993_03_068_04_1_PF_08,1993-03-21,Nouveaux écologistes du rassemblement nature et animaux,ECO,train,1.0,False
EL194_L_1993_03_069_08_1_PF_08,1993-03-21,Nouveaux écologistes du rassemblement nature et animaux,ECO,train,1.0,False
EL190_L_1993_03_018_02_1_PF_01,1993-03-21,Lutte ouvrière,FAR_LEFT,train,1.0,False
EL194_L_1993_03_067_08_1_PF_07,1993-03-21,Nouveaux écologistes du rassemblement nature et animaux,ECO,train,1.0,False
EL198_L_1993_03_093_06_1_PF_12,1993-03-21,Nouveaux écologistes du rassemblement nature et animaux,ECO,train,1.0,False
EL192_L_1993_03_057_06_1_PF_12,1993-03-21,Nouveaux écologistes du rassemblement nature et animaux;Union nationale écologiste;Parti pour la défense des animaux;Mouvement universaliste,ECO,train,1.0,False
EL198_L_1993_03_092_10_1_PF_06,1993-03-21,Lutte ouvrière,FAR_LEFT,train,1.0,False
EL195_L_1993_03_075_04_1_PF_05,1993-03-21,Lutte ouvrière,FAR_LEFT,train,1.0,False
EL192_L_1993_03_044_06_1_PF_08,1993-03-21,Nouveaux écologistes du rassemblement nature et animaux;Union nationale écologiste;Parti pour la défense des animaux;Mouvement universaliste,ECO,train,1.0,False
EL191_L_1993_03_042_06_1_PF_06,1993-03-21,Nouveaux écologistes du rassemblement nature et animaux;Union nationale écologiste;Parti pour la défense des animaux;Mouvement universaliste,ECO,test,1.0,False
EL192_L_1993_03_047_01_1_PF_06,1993-03-21,Nouveaux écologistes du rassemblement nature et animaux;Union nationale écologiste;Parti pour la défense des animaux;Mouvement universaliste,ECO,train,1.0,False
EL194_L_1993_03_069_03_1_PF_10,1993-03-21,Nouveaux écologistes du rassemblement nature et animaux,ECO,train,1.0,False
EL198_L_1993_03_094_03_1_PF_04,1993-03-21,Lutte ouvrière,FAR_LEFT,train,1.0,False
EL194_L_1993_03_069_13_1_PF_08,1993-03-21,Nouveaux écologistes du rassemblement nature et animaux,ECO,test,1.0,False
EL194_L_1993_03_069_05_1_PF_07,1993-03-21,Nouveaux écologistes du rassemblement nature et animaux,ECO,train,1.0,False
EL195_L_1993_03_071_03_1_PF_01,1993-03-21,Lutte ouvrière,FAR_LEFT,train,1.0,False
EL195_L_1993_03_075_20_1_PF_14,1993-03-21,Nouveaux écologistes du rassemblement nature et animaux,ECO,train,1.0,False
EL192_L_1993_03_056_05_1_PF_07,1993-03-21,Lutte ouvrière,FAR_LEFT,train,1.0,False
EL197_L_1993_03_091_10_1_PF_01,1993-03-21,Lutte ouvrière,FAR_LEFT,train,1.0,False
EL191_L_1993_03_033_08_1_PF_10,1993-03-21,Nouveaux écologistes du rassemblement nature et animaux;Union nationale écologiste;Parti pour la défense des animaux;Mouvement universaliste,ECO,test,1.0,False
EL189_L_1993_03_003_03_1_PF_07,1993-03-21,Nouveaux écologistes du rassemblement nature et animaux,ECO,train,1.0,False
EL189_L_1993_03_013_08_1_PF_06,1993-03-21,Lutte ouvrière,FAR_LEFT,train,1.0,False
EL197_L_1993_03_090_01_1_PF_01,1993-03-21,Lutte ouvrière,FAR_LEFT,train,1.0,False
EL193_L_1993_03_059_08_1_PF_04,1993-03-21,Lutte ouvrière,FAR_LEFT,train,1.0,False
EL194_L_1993_03_066_02_1_PF_02,1993-03-21,Lutte ouvrière,FAR_LEFT,train,1.0,False
EL192_L_1993_03_058_02_1_PF_07,1993-03-21,Nouveaux écologistes du rassemblement nature et animaux;Union nationale écologiste;Parti pour la défense des animaux;Mouvement universaliste,ECO,train,1.0,False
EL198_L_1993_03_094_10_1_PF_04,1993-03-21,Lutte ouvrière,FAR_LEFT,test,1.0,False
EL193_L_1993_03_059_17_1_PF_07,1993-03-21,Nouveaux écologistes du rassemblement nature et animaux,ECO,train,1.0,False
EL177_L_1988_06_094_05_1_PF_04,1988-06-05,Front national,FAR_RIGHT_FN,test,0.9999653,False
EL174_L_1988_06_027_01_1_PF_01,1988-06-05,Rassemblement pour la République;Union pour la démocratie française;Parti radical,RIGHT_URC,train,0.99994284,False
EL177_L_1988_06_094_09_1_PF_05,1988-06-05,Front national,FAR_RIGHT_FN,train,0.99993676,False
EL134_L_1981_06_003_03_1_PF_03,1981-06-14,Parti communiste français,LEFT_PCF,train,0.99990046,False
EL196_L_1993_03_078_07_1_PF_05,1993-03-21,Génération écologie,ECO,train,0.999867,False
EL194_L_1993_03_068_01_1_PF_06,1993-03-21,Front national,FAR_RIGHT_FN,train,0.9998247,False
EL137_L_1981_06_093_06_1_PF_01,1981-06-14,Parti socialiste unifié,LEFT_PS,train,0.9997743,False
EL176_L_1988_06_059_17_1_PF_01,1988-06-05,Parti socialiste,LEFT_PS,train,0.9997648,False
EL196_L_1993_03_078_11_1_PF_08,1993-03-21,Union pour la démocratie française;Rassemblement pour la République,RIGHT_UPF,train,0.999724,False
EL135_L_1981_06_063_05_1_PF_01,1981-06-14,Parti communiste français,LEFT_PCF,test,0.99946463,False
EL192_L_1993_03_049_06_1_PF_05,1993-03-21,Verts;Génération écologie,ECO,train,0.99945545,False
EL136_L_1981_06_075_26_1_PF_08,1981-06-14,Parti communiste français,LEFT_PCF,train,0.9994543,False
EL198_L_1993_03_092_11_1_PF_09,1993-03-21,Ligue communiste révolutionnaire,FAR_LEFT,train,0.9994437,False
EL135_L_1981_06_046_01_1_PF_02,1981-06-14,Mouvement des radicaux de gauche;Parti socialiste,LEFT_PS,train,0.9994242,False
EL176_L_1988_06_056_02_1_PF_04,1988-06-05,Front national,FAR_RIGHT_FN,test,0.9993851,False
EL134_L_1981_06_034_02_1_PF_02,1981-06-14,Ligue communiste révolutionnaire,FAR_LEFT,train,0.9993737,False
EL191_L_1993_03_034_06_1_PF_08,1993-03-21,Nouveaux écologistes du rassemblement nature et animaux,ECO,train,0.99937093,False
EL192_L_1993_03_044_05_1_PF_08,1993-03-21,Nouveaux écologistes du rassemblement nature et animaux;Union nationale écologiste;Parti pour la défense des animaux;Mouvement universaliste,ECO,test,0.99937093,False
EL191_L_1993_03_036_01_1_PF_09,1993-03-21,Nouveaux écologistes du rassemblement nature et animaux,ECO,train,0.99937093,False
EL137_L_1981_06_095_05_1_PF_03,1981-06-14,Lutte ouvrière,FAR_LEFT,train,0.99933285,False
EL135_L_1981_06_053_01_1_PF_02,1981-06-14,Parti communiste français,LEFT_PCF,train,0.999306,False
EL135_L_1981_06_048_01_1_PF_02,1981-06-14,Union pour la démocratie française;Rassemblement pour la République,RIGHT_UNM,train,0.9992839,False
EL194_L_1993_03_068_01_1_PF_03,1993-03-21,Rassemblement pour la République,RIGHT_RPR,train,0.9991685,False
EL177_L_1988_06_075_07_1_PF_01,1988-06-05,Parti communiste français,LEFT_PCF,train,0.9991664,False
EL195_L_1993_03_075_05_1_PF_05,1993-03-21,Alliance pour l'écologie et la démocratie,ECO,train,0.99916154,False
EL192_L_1993_03_044_08_1_PF_07,1993-03-21,Verts,ECO,train,0.99915713,False
EL176_L_1988_06_067_02_1_PF_03,1988-06-05,Front national,FAR_RIGHT_FN,train,0.9990977,False
EL189_L_1993_03_006_06_1_PF_01,1993-03-21,Front national,FAR_RIGHT_FN,train,0.9990562,False
EL176_L_1988_06_059_13_1_PF_06,1988-06-05,Parti communiste français,LEFT_PCF,train,0.99900544,False
EL177_L_1988_06_075_12_1_PF_04,1988-06-05,Rassemblement pour la République;Union pour la démocratie française,RIGHT_URC,test,0.9989908,False
EL192_L_1993_03_057_05_1_PF_03,1993-03-21,Verts;Génération écologie,ECO,train,0.9989816,False
EL177_L_1988_06_075_11_1_PF_03,1988-06-05,Mouvement des radicaux de gauche;Parti socialiste;Républicains de progrès,LEFT_PS,train,0.99897194,False
EL176_L_1988_06_069_02_1_PF_04,1988-06-05,Parti socialiste,LEFT_PS,train,0.9988499,False
EL177_L_1988_06_075_06_1_PF_01,1988-06-05,Parti communiste français,LEFT_PCF,train,0.9988448,False
EL136_L_1981_06_073_01_1_PF_03,1981-06-14,Parti communiste français,LEFT_PCF,test,0.99880666,False
EL137_L_1981_06_092_01_1_PF_04,1981-06-14,Lutte ouvrière,FAR_LEFT,train,0.99877316,False
EL137_L_1981_06_092_08_1_PF_03,1981-06-14,Lutte ouvrière,FAR_LEFT,train,0.99877316,False
EL194_L_1993_03_068_06_1_PF_04,1993-03-21,Génération écologie;Verts;Solidarités écologie,ECO,train,0.9986956,False
EL174_L_1988_06_022_01_1_PF_01,1988-06-05,Rassemblement pour la République;Union pour la démocratie française,RIGHT_URC,test,0.9986746,False
EL136_L_1981_06_067_04_1_PF_02,1981-06-14,Parti socialiste,LEFT_PS,train,0.9986703,False
EL196_L_1993_03_080_06_1_PF_04,1993-03-21,Union pour la démocratie française;Rassemblement pour la République,RIGHT_UPF,train,0.99862504,False
EL175_L_1988_06_051_01_1_PF_05,1988-06-05,Front national,FAR_RIGHT_FN,train,0.9985571,False
EL191_L_1993_03_038_04_1_PF_01,1993-03-21,Front national,FAR_RIGHT_FN,train,0.9984792,False
EL193_L_1993_03_060_02_1_PF_05,1993-03-21,Verts;Génération écologie,ECO,test,0.9984559,False
EL195_L_1993_03_075_07_1_PF_10,1993-03-21,Alliance pour l'écologie et la démocratie,ECO,train,0.9984456,False
EL174_L_1988_06_013_01_1_PF_02,1988-06-05,Parti socialiste,LEFT_PS,test,0.99840677,False
EL196_L_1993_03_080_03_1_PF_04,1993-03-21,Parti communiste français,LEFT_PCF,train,0.9983595,False
EL174_L_1988_06_014_02_1_PF_03,1988-06-05,Rassemblement pour la République;Union pour la démocratie française,RIGHT_URC,train,0.9983185,False
EL136_L_1981_06_070_01_1_PF_04,1981-06-14,Parti communiste français,LEFT_PCF,test,0.99824834,False
EL177_L_1988_06_095_06_1_PF_01,1988-06-05,Rassemblement pour la République,RIGHT_RPR,test,0.9981967,False
EL137_L_1981_06_090_02_1_PF_02,1981-06-14,Parti communiste français,LEFT_PCF,train,0.9980202,False
EL195_L_1993_03_075_21_1_PF_07,1993-03-21,Front national,FAR_RIGHT_FN,train,0.99801123,False
EL194_L_1993_03_070_02_1_PF_03,1993-03-21,Génération écologie;Verts,ECO,train,0.9980037,False
EL195_L_1993_03_072_05_1_PF_01,1993-03-21,Verts;Génération écologie,ECO,train,0.99776906,False
EL195_L_1993_03_075_14_1_PF_02,1993-03-21,Rassemblement pour la République;Union pour la démocratie française,RIGHT_UPF,train,0.9977522,False
EL194_L_1993_03_069_04_1_PF_02,1993-03-21,Parti communiste français,LEFT_PCF,train,0.9977139,False
EL196_L_1993_03_076_02_1_PF_05,1993-03-21,Génération écologie;Verts,ECO,train,0.9976738,False
EL177_L_1988_06_075_19_1_PF_01,1988-06-05,Parti communiste français,LEFT_PCF,test,0.9976088,False
EL135_L_1981_06_037_01_1_PF_01,1981-06-14,Ligue communiste révolutionnaire,FAR_LEFT,train,0.9976018,False
EL135_L_1981_06_038_05_1_PF_02,1981-06-14,Parti socialiste unifié,LEFT_PS,train,0.9975956,False
EL197_L_1993_03_091_08_1_PF_07,1993-03-21,Ecologie les Verts;Génération écologie,ECO,test,0.9975672,False
EL192_L_1993_03_044_06_1_PF_02,1993-03-21,Parti communiste français,LEFT_PCF,train,0.9975594,False
EL137_L_1981_06_092_06_1_PF_03,1981-06-14,Parti communiste français,LEFT_PCF,train,0.9974625,False
EL191_L_1993_03_038_07_1_PF_06,1993-03-21,Front national,FAR_RIGHT_FN,train,0.9974264,False
EL196_L_1993_03_077_01_1_PF_03,1993-03-21,Parti communiste français,LEFT_PCF,train,0.9973675,False
EL194_L_1993_03_070_03_1_PF_05,1993-03-21,Génération écologie;Verts,ECO,test,0.9973597,False
EL136_L_1981_06_067_04_1_PF_03,1981-06-14,Ecologie et survie mouvement d'écologie politique alsacien,ECO,train,0.997347,False
EL195_L_1993_03_072_05_1_PF_05,1993-03-21,Front national,FAR_RIGHT_FN,train,0.9972361,False
EL174_L_1988_06_013_14_1_PF_02,1988-06-05,Parti communiste français,LEFT_PCF,train,0.99723274,False
EL198_L_1993_03_094_10_1_PF_02,1993-03-21,Rassemblement pour la République;Union pour la démocratie française,RIGHT_UPF,train,0.99717903,False
EL193_L_1993_03_062_13_1_PF_06,1993-03-21,Verts;Génération écologie,ECO,train,0.9971638,False
EL135_L_1981_06_057_06_2_PF_02,1981-06-21,Union pour la démocratie française;Rassemblement pour la République,RIGHT_UNM,train,0.99710584,False
EL191_L_1993_03_042_05_1_PF_06,1993-03-21,Front national,FAR_RIGHT_FN,train,0.9970599,False
EL137_L_1981_06_088_04_1_PF_03,1981-06-14,Vosges écologie,ECO,train,0.9970195,False
EL174_L_1988_06_011_01_1_PF_04,1988-06-05,Parti socialiste,LEFT_PS,train,0.9969427,False
EL191_L_1993_03_033_02_1_PF_06,1993-03-21,Génération écologie;Verts,ECO,train,0.99690807,False
EL176_L_1988_06_063_06_1_PF_05,1988-06-05,Front national,FAR_RIGHT_FN,train,0.99688125,False
EL189_L_1993_03_006_08_1_PF_02,1993-03-21,Front national,FAR_RIGHT_FN,train,0.9968282,False
EL195_L_1993_03_072_01_1_PF_03,1993-03-21,Verts;Génération écologie,ECO,train,0.9967869,False
EL137_L_1981_06_092_13_1_PF_03,1981-06-14,Parti communiste français,LEFT_PCF,train,0.99675584,False
EL193_L_1993_03_062_10_1_PF_04,1993-03-21,Rassemblement pour la République;Union pour la démocratie française,RIGHT_UPF,train,0.9967256,False
EL177_L_1988_06_075_17_1_PF_01,1988-06-05,Parti communiste français,LEFT_PCF,train,0.9966171,False
EL177_L_1988_06_075_05_1_PF_01,1988-06-05,Parti communiste français,LEFT_PCF,train,0.9965986,False
EL176_L_1988_06_059_17_1_PF_03,1988-06-05,Parti communiste français,LEFT_PCF,train,0.99657357,False
EL192_L_1993_03_054_02_1_PF_07,1993-03-21,Alternative rouge et verte;Alternative démocratie socialisme;Refondations;Ligue communiste révolutionnaire,FAR_LEFT,train,0.99654454,False
EL136_L_1981_06_067_01_1_PF_02,1981-06-14,Parti socialiste,LEFT_PS,train,0.9965312,False
EL190_L_1993_03_026_03_1_PF_04,1993-03-21,Front national,FAR_RIGHT_FN,train,0.99643284,False
EL191_L_1993_03_038_01_1_PF_08,1993-03-21,Front national,FAR_RIGHT_FN,train,0.9964235,False
EL193_L_1993_03_059_24_1_PF_02,1993-03-21,Verts;Génération écologie,ECO,train,0.99637234,False
EL176_L_1988_06_059_09_1_PF_04,1988-06-05,Parti communiste français,LEFT_PCF,train,0.99634975,False
EL177_L_1988_06_092_08_1_PF_01,1988-06-05,Centre national des indépendants et paysans;Rassemblement pour la République;Union pour la démocratie française,RIGHT_URC,test,0.99634063,False
EL193_L_1993_03_059_04_1_PF_04,1993-03-21,Parti communiste français,LEFT_PCF,train,0.99628377,False
EL191_L_1993_03_031_03_1_PF_03,1993-03-21,Front national,FAR_RIGHT_FN,test,0.9962832,False
EL136_L_1981_06_071_03_1_PF_02,1981-06-14,Parti communiste français,LEFT_PCF,train,0.9962663,False
EL137_L_1981_06_091_02_1_PF_09,1981-06-14,Parti socialiste unifié,LEFT_PS,train,0.9962298,False
EL189_L_1993_03_002_05_1_PF_08,1993-03-21,Front national,FAR_RIGHT_FN,train,0.99621654,False
EL192_L_1993_03_048_01_1_PF_04,1993-03-21,Rassemblement pour la République;Union pour la démocratie française,RIGHT_UPF,train,0.99616736,False
EL194_L_1993_03_067_09_1_PF_04,1993-03-21,Front national,FAR_RIGHT_FN,train,0.9961488,False
EL193_L_1993_03_062_07_1_PF_04,1993-03-21,Verts;Génération écologie,ECO,train,0.99605316,False
EL196_L_1993_03_078_01_1_PF_03,1993-03-21,Front national,FAR_RIGHT_FN,train,0.99601156,False
EL136_L_1981_06_071_05_1_PF_05,1981-06-14,Parti communiste français,LEFT_PCF,train,0.99583256,False
EL191_L_1993_03_042_07_2_PF_01,1993-03-28,Front national,FAR_RIGHT_FN,train,0.99582565,False
EL177_L_1988_06_095_08_1_PF_01,1988-06-05,Front national,FAR_RIGHT_FN,train,0.99575126,False
EL192_L_1993_03_049_02_1_PF_06,1993-03-21,Verts;Génération écologie,ECO,train,0.9956872,False
EL177_L_1988_06_086_01_1_PF_02,1988-06-05,Front national,FAR_RIGHT_FN,train,0.9956815,False
EL191_L_1993_03_041_01_1_PF_02,1993-03-21,Génération écologie;Verts,ECO,train,0.9956736,False
EL136_L_1981_06_075_18_1_PF_01,1981-06-14,Parti socialiste,LEFT_PS,train,0.99566054,False
EL196_L_1993_03_078_06_1_PF_06,1993-03-21,Génération écologie,ECO,train,0.9956564,False
EL177_L_1988_06_091_10_1_PF_02,1988-06-05,Parti communiste français,LEFT_PCF,test,0.9956426,False
EL189_L_1993_03_003_03_1_PF_02,1993-03-21,Parti socialiste;Mouvement des radicaux de gauche,LEFT_PS,train,0.9956311,False
EL195_L_1993_03_075_01_1_PF_13,1993-03-21,Ecologie citoyenneté et laïcité;Ecologie 92;VRAIS écologistes;Cultures et laïcité;Association pour la culture bretonne;Cercle communautaire laïc juif;France Islam laïcité;AVEC;Montagne sans frontière;Alternative;Alliance pour l'écologie et la démocratie,ECO,train,0.9955667,False
EL177_L_1988_06_075_19_1_PF_02,1988-06-05,Mouvement des radicaux de gauche;Parti socialiste;Républicains de progrès,LEFT_PS,test,0.9955523,False
EL135_L_1981_06_038_01_1_PF_01,1981-06-14,Parti socialiste unifié,LEFT_PS,train,0.99555016,False
EL137_L_1981_06_076_07_1_PF_02,1981-06-14,Parti socialiste unifié,LEFT_PS,train,0.9955379,False
EL136_L_1981_06_068_02_1_PF_01,1981-06-14,Parti communiste français,LEFT_PCF,train,0.99553084,False
EL192_L_1993_03_044_03_1_PF_03,1993-03-21,Parti communiste français,LEFT_PCF,train,0.9954938,False
EL196_L_1993_03_079_01_1_PF_04,1993-03-21,Génération écologie;Verts,ECO,train,0.99547535,False
EL189_L_1993_03_013_10_1_PF_08,1993-03-21,Ecologie les Verts;Génération écologie,ECO,train,0.99533546,False
EL196_L_1993_03_080_01_1_PF_05,1993-03-21,Génération écologie;Verts,ECO,test,0.9953192,False
EL196_L_1993_03_080_02_1_PF_05,1993-03-21,Parti communiste français,LEFT_PCF,train,0.9952992,False
EL194_L_1993_03_069_06_1_PF_01,1993-03-21,Parti communiste français,LEFT_PCF,test,0.9952792,False
EL197_L_1993_03_089_02_1_PF_03,1993-03-21,Union pour la démocratie française,RIGHT_UDF,train,0.99527556,False
EL137_L_1981_06_081_01_1_PF_05,1981-06-14,Ligue communiste révolutionnaire,FAR_LEFT,train,0.99521774,False
EL174_L_1988_06_013_10_1_PF_01,1988-06-05,Parti communiste français,LEFT_PCF,train,0.99517834,False
EL176_L_1988_06_059_05_1_PF_02,1988-06-05,Parti communiste français,LEFT_PCF,train,0.9951452,False
EL194_L_1993_03_067_05_1_PF_03,1993-03-21,Front national,FAR_RIGHT_FN,train,0.99511534,False
EL176_L_1988_06_060_02_1_PF_01,1988-06-05,Parti communiste français,LEFT_PCF,train,0.9949712,False
EL192_L_1993_03_047_03_1_PF_01,1993-03-21,Front national,FAR_RIGHT_FN,train,0.9949658,False
EL135_L_1981_06_053_02_1_PF_01,1981-06-14,Parti communiste français,LEFT_PCF,train,0.9948978,False
EL136_L_1981_06_067_03_1_PF_03,1981-06-14,Parti socialiste,LEFT_PS,train,0.9948562,False
EL197_L_1993_03_091_10_1_PF_07,1993-03-21,Ecologie les Verts;Génération écologie,ECO,train,0.9948328,False
EL176_L_1988_06_074_03_1_PF_04,1988-06-05,Parti communiste français,LEFT_PCF,train,0.99476,False
EL195_L_1993_03_072_01_1_PF_07,1993-03-21,Front national,FAR_RIGHT_FN,train,0.9947127,False
EL190_L_1993_03_026_04_1_PF_07,1993-03-21,Front national,FAR_RIGHT_FN,train,0.9946631,False
EL176_L_1988_06_059_07_1_PF_04,1988-06-05,Parti communiste français,LEFT_PCF,train,0.9946182,False
EL136_L_1981_06_075_04_1_PF_01,1981-06-14,Parti communiste français,LEFT_PCF,test,0.9945435,False
EL198_L_1993_03_093_07_1_PF_09,1993-03-21,Rassemblement pour la République;Union pour la démocratie française,RIGHT_UPF,train,0.99450654,False
EL194_L_1993_03_065_02_1_PF_01,1993-03-21,Ligue communiste révolutionnaire,FAR_LEFT,train,0.9944828,False
EL136_L_1981_06_075_16_1_PF_01,1981-06-14,Parti socialiste,LEFT_PS,test,0.99445856,False
EL196_L_1993_03_077_06_1_PF_05,1993-03-21,Alliance pour l'écologie et la démocratie,ECO,train,0.9943888,False
EL191_L_1993_03_038_06_1_PF_01,1993-03-21,Front national,FAR_RIGHT_FN,train,0.9943308,False
EL196_L_1993_03_078_10_1_PF_03,1993-03-21,Parti socialiste,LEFT_PS,train,0.99431926,False
EL195_L_1993_03_075_19_1_PF_11,1993-03-21,Alliance pour l'écologie et la démocratie,ECO,train,0.9943103,False
EL198_L_1993_03_093_13_1_PF_04,1993-03-21,Verts;Génération écologie,ECO,train,0.9942757,False
EL176_L_1988_06_062_09_1_PF_02,1988-06-05,Front national,FAR_RIGHT_FN,train,0.9942423,False
EL135_L_1981_06_038_06_1_PF_01,1981-06-14,Parti communiste français,LEFT_PCF,test,0.99423945,False
EL193_L_1993_03_063_03_1_PF_05,1993-03-21,Verts;Génération écologie,ECO,test,0.99423856,False
EL194_L_1993_03_067_07_1_PF_01,1993-03-21,Front national,FAR_RIGHT_FN,train,0.99423486,False
EL177_L_1988_06_075_12_1_PF_02,1988-06-05,Mouvement des radicaux de gauche;Parti socialiste;Républicains de progrès,LEFT_PS,train,0.9942301,False
EL193_L_1993_03_059_04_1_PF_01,1993-03-21,Ligue communiste révolutionnaire,FAR_LEFT,test,0.99421316,False
EL193_L_1993_03_059_15_1_PF_02,1993-03-21,Parti communiste français,LEFT_PCF,train,0.9941744,False
EL136_L_1981_06_075_24_1_PF_06,1981-06-14,Parti communiste français,LEFT_PCF,train,0.9941643,False
EL198_L_1993_03_094_08_1_PF_07,1993-03-21,Verts;Génération écologie,ECO,train,0.9941583,False
EL194_L_1993_03_069_08_1_PF_07,1993-03-21,Parti communiste français,LEFT_PCF,train,0.9941446,False
EL190_L_1993_03_017_05_1_PF_03,1993-03-21,Verts;Génération écologie,ECO,train,0.9941357,False
EL175_L_1988_06_031_06_2_PF_02,1988-06-12,Parti socialiste,LEFT_PS,train,0.99412715,False
EL177_L_1988_06_075_14_1_PF_02,1988-06-05,Mouvement des radicaux de gauche;Parti socialiste;Républicains de progrès,LEFT_PS,train,0.9940366,False
EL193_L_1993_03_062_14_1_PF_05,1993-03-21,Front national,FAR_RIGHT_FN,train,0.99403274,False
EL136_L_1981_06_068_04_1_PF_05,1981-06-14,Ecologie et survie mouvement d'écologie politique alsacien,ECO,train,0.9940268,False
EL193_L_1993_03_059_03_1_PF_05,1993-03-21,Verts;Génération écologie,ECO,train,0.99395424,False
EL192_L_1993_03_049_05_1_PF_05,1993-03-21,Front national,FAR_RIGHT_FN,train,0.9939451,False
EL195_L_1993_03_074_04_1_PF_01,1993-03-21,Parti communiste français,LEFT_PCF,train,0.9939364,False
EL191_L_1993_03_038_05_1_PF_01,1993-03-21,Front national,FAR_RIGHT_FN,train,0.99389243,False
EL196_L_1993_03_078_05_1_PF_07,1993-03-21,Parti socialiste,LEFT_PS,train,0.99381435,False
EL176_L_1988_06_069_05_1_PF_03,1988-06-05,Union pour la démocratie française;Rassemblement pour la République,RIGHT_URC,train,0.9938065,False
EL177_L_1988_06_075_15_1_PF_01,1988-06-05,Parti communiste français,LEFT_PCF,test,0.9938059,False
EL177_L_1988_06_075_04_1_PF_01,1988-06-05,Parti communiste français,LEFT_PCF,train,0.9938059,False
EL197_L_1993_03_082_02_1_PF_03,1993-03-21,Parti communiste français,LEFT_PCF,train,0.9937532,False
EL175_L_1988_06_031_06_1_PF_04,1988-06-05,Parti socialiste,LEFT_PS,train,0.9937393,False
EL196_L_1993_03_078_01_1_PF_06,1993-03-21,Parti socialiste,LEFT_PS,train,0.9937027,False
EL190_L_1993_03_030_03_1_PF_07,1993-03-21,Front national,FAR_RIGHT_FN,test,0.9936482,False
EL194_L_1993_03_068_07_1_PF_04,1993-03-21,Rassemblement pour la République;Union pour la démocratie française,RIGHT_UPF,train,0.9936297,False
EL189_L_1993_03_003_04_1_PF_10,1993-03-21,Nouveaux écologistes du rassemblement nature et animaux,ECO,train,0.9935858,False
EL194_L_1993_03_068_05_1_PF_11,1993-03-21,Nouveaux écologistes du rassemblement nature et animaux,ECO,train,0.9935858,False
EL191_L_1993_03_038_02_1_PF_01,1993-03-21,Lutte ouvrière,FAR_LEFT,test,0.9935677,False
EL177_L_1988_06_075_10_1_PF_01,1988-06-05,Parti communiste français,LEFT_PCF,train,0.9935338,False
EL174_L_1988_06_007_03_1_PF_05,1988-06-05,Front national,FAR_RIGHT_FN,train,0.9935142,False
EL191_L_1993_03_033_01_1_PF_04,1993-03-21,Génération écologie;Verts,ECO,train,0.9935132,False
EL190_L_1993_03_023_01_1_PF_01,1993-03-21,Génération écologie,ECO,train,0.99348223,False
EL192_L_1993_03_044_06_1_PF_05,1993-03-21,Verts;Génération écologie,ECO,train,0.9934312,False
EL196_L_1993_03_081_02_1_PF_05,1993-03-21,Parti communiste français,LEFT_PCF,train,0.99339986,False
EL189_L_1993_03_002_02_1_PF_06,1993-03-21,Verts;Génération écologie,ECO,train,0.99329937,False
EL194_L_1993_03_069_07_2_PF_03,1993-03-28,Front national,FAR_RIGHT_FN,train,0.9932195,False
EL196_L_1993_03_078_02_1_PF_03,1993-03-21,Parti socialiste,LEFT_PS,train,0.99318695,False
EL136_L_1981_06_075_11_2_PF_02,1981-06-21,Parti socialiste,LEFT_PS,test,0.9931698,False
EL176_L_1988_06_068_07_1_PF_03,1988-06-05,Front national,FAR_RIGHT_FN,train,0.9931642,False
EL177_L_1988_06_075_21_1_PF_01,1988-06-05,Parti communiste français,LEFT_PCF,test,0.993145,False
EL136_L_1981_06_075_09_1_PF_07,1981-06-14,Parti communiste français,LEFT_PCF,train,0.9930335,False
EL192_L_1993_03_051_02_1_PF_03,1993-03-21,Front national,FAR_RIGHT_FN,train,0.9930181,False
EL193_L_1993_03_062_05_1_PF_05,1993-03-21,Verts;Génération écologie,ECO,train,0.9929968,False
EL136_L_1981_06_068_01_1_PF_03,1981-06-14,Ecologie et survie mouvement d'écologie politique alsacien,ECO,train,0.99298984,False
EL136_L_1981_06_068_03_1_PF_03,1981-06-14,Ecologie et survie mouvement d'écologie politique alsacien,ECO,test,0.99298984,False
EL192_L_1993_03_049_02_1_PF_04,1993-03-21,Front national,FAR_RIGHT_FN,train,0.9929815,False
EL177_L_1988_06_093_04_1_PF_04,1988-06-05,Centre national des indépendants et paysans;Rassemblement pour la République;Union pour la démocratie française,RIGHT_URC,train,0.99292964,False
EL177_L_1988_06_075_18_1_PF_02,1988-06-05,Parti communiste français,LEFT_PCF,train,0.9929162,False
EL194_L_1993_03_069_05_2_PF_01,1993-03-28,Front national,FAR_RIGHT_FN,train,0.99291265,False
EL197_L_1993_03_082_01_1_PF_04,1993-03-21,Ecologie les Verts;Génération écologie,ECO,train,0.99288726,False
EL136_L_1981_06_068_04_1_PF_04,1981-06-14,Parti communiste français,LEFT_PCF,train,0.9928532,False
EL191_L_1993_03_038_05_1_PF_02,1993-03-21,Verts;Génération écologie,ECO,test,0.99278706,False
EL177_L_1988_06_075_03_1_PF_03,1988-06-05,Parti communiste français,LEFT_PCF,train,0.99276954,False
EL190_L_1993_03_028_02_1_PF_02,1993-03-21,Ligue communiste révolutionnaire,FAR_LEFT,test,0.99275565,False
EL134_L_1981_06_013_10_1_PF_06,1981-06-14,Parti socialiste unifié,LEFT_PS,train,0.9927546,False
EL174_L_1988_06_024_01_1_PF_04,1988-06-05,Front national,FAR_RIGHT_FN,train,0.99265796,False
EL196_L_1993_03_078_03_1_PF_02,1993-03-21,Parti socialiste,LEFT_PS,train,0.9926,False
EL194_L_1993_03_068_01_1_PF_07,1993-03-21,Nouveaux écologistes du rassemblement nature et animaux,ECO,test,0.9925738,False
EL193_L_1993_03_059_06_1_PF_06,1993-03-21,Verts;Génération écologie,ECO,train,0.9925486,False
EL176_L_1988_06_056_06_1_PF_04,1988-06-05,Front national,FAR_RIGHT_FN,train,0.9924218,False
EL192_L_1993_03_056_06_1_PF_07,1993-03-21,Verts;Génération écologie,ECO,test,0.9923746,False
EL176_L_1988_06_059_24_1_PF_01,1988-06-05,Parti communiste français,LEFT_PCF,train,0.9923616,False
EL176_L_1988_06_059_08_1_PF_01,1988-06-05,Parti communiste français,LEFT_PCF,train,0.9923616,False
EL134_L_1981_06_013_03_1_PF_04,1981-06-14,Parti communiste français,LEFT_PCF,train,0.9923467,False
EL196_L_1993_03_078_04_1_PF_05,1993-03-21,Parti socialiste,LEFT_PS,test,0.992321,False
EL134_L_1981_06_021_03_1_PF_02,1981-06-14,Parti communiste français,LEFT_PCF,train,0.99231505,False
EL193_L_1993_03_059_17_1_PF_01,1993-03-21,Verts;Génération écologie,ECO,train,0.99226785,False
EL136_L_1981_06_075_20_1_PF_03,1981-06-14,Parti communiste français,LEFT_PCF,train,0.99224013,False
EL191_L_1993_03_038_03_1_PF_10,1993-03-21,Front national,FAR_RIGHT_FN,train,0.99218285,False
EL193_L_1993_03_059_18_1_PF_03,1993-03-21,Parti communiste français,LEFT_PCF,train,0.992171,False
EL193_L_1993_03_059_01_1_PF_03,1993-03-21,Parti communiste français,LEFT_PCF,train,0.9920364,False
EL191_L_1993_03_031_06_1_PF_08,1993-03-21,Nouveaux écologistes du rassemblement nature et animaux,ECO,train,0.9919666,False
EL195_L_1993_03_075_19_1_PF_09,1993-03-21,Verts;Génération écologie,ECO,train,0.9919512,False
EL136_L_1981_06_075_24_1_PF_04,1981-06-14,Front national,FAR_RIGHT_FN,train,0.9917987,False
EL198_L_1993_03_093_10_1_PF_03,1993-03-21,Verts;Génération écologie,ECO,train,0.9917851,False
EL134_L_1981_06_013_09_1_PF_03,1981-06-14,Parti socialiste,LEFT_PS,train,0.99177134,False
EL190_L_1993_03_016_04_1_PF_12,1993-03-21,Verts;Génération écologie,ECO,train,0.99171275,False
EL136_L_1981_06_075_01_1_PF_02,1981-06-14,Parti socialiste,LEFT_PS,train,0.9916811,False
EL196_L_1993_03_078_08_1_PF_06,1993-03-21,Parti socialiste,LEFT_PS,train,0.9916441,False
EL198_L_1993_03_094_07_1_PF_08,1993-03-21,Verts,ECO,test,0.99140364,False
EL189_L_1993_03_002_02_1_PF_11,1993-03-21,Front national,FAR_RIGHT_FN,train,0.9913744,False
EL195_L_1993_03_071_06_1_PF_05,1993-03-21,Parti socialiste,LEFT_PS,train,0.9912346,False
EL196_L_1993_03_077_07_1_PF_08,1993-03-21,Alliance pour l'écologie et la démocratie,ECO,train,0.9911229,False
EL174_L_1988_06_021_05_1_PF_02,1988-06-05,Front national,FAR_RIGHT_FN,train,0.99110645,False
EL135_L_1981_06_059_03_1_PF_03,1981-06-14,Rassemblement pour la République;Union pour la démocratie française,RIGHT_UNM,train,0.99104095,False
EL177_L_1988_06_095_09_1_PF_05,1988-06-05,Front national,FAR_RIGHT_FN,train,0.99093795,False
EL197_L_1993_03_084_03_1_PF_08,1993-03-21,Nouveaux écologistes du rassemblement nature et animaux,ECO,test,0.9908975,False
EL135_L_1981_06_044_01_1_PF_02,1981-06-14,Ligue communiste révolutionnaire,FAR_LEFT,test,0.99089634,False
EL194_L_1993_03_070_03_1_PF_01,1993-03-21,Alliance pour l'écologie et la démocratie,ECO,test,0.9908701,False
EL134_L_1981_06_030_01_1_PF_07,1981-06-14,Front national,FAR_RIGHT_FN,test,0.9908591,False
EL135_L_1981_06_054_02_1_PF_02,1981-06-14,Ligue communiste révolutionnaire,FAR_LEFT,test,0.9908248,False
EL137_L_1981_06_092_03_1_PF_04,1981-06-14,Lutte ouvrière,FAR_LEFT,test,0.99081254,False
EL174_L_1988_06_024_02_1_PF_04,1988-06-05,Front national,FAR_RIGHT_FN,train,0.99075776,False
EL198_L_1993_03_092_10_1_PF_05,1993-03-21,Parti socialiste;Mouvement des radicaux de gauche,LEFT_PS,test,0.9906797,False
EL136_L_1981_06_068_02_1_PF_03,1981-06-14,Ecologie et survie mouvement d'écologie politique alsacien,ECO,test,0.9906479,False
EL177_L_1988_06_091_03_1_PF_03,1988-06-05,Front national,FAR_RIGHT_FN,test,0.9906226,False
EL191_L_1993_03_043_01_1_PF_04,1993-03-21,Alliance pour l'écologie et la démocratie,ECO,train,0.9906107,False
EL135_L_1981_06_037_02_1_PF_04,1981-06-14,Front national,FAR_RIGHT_FN,train,0.9905397,False
EL137_L_1981_06_094_06_1_PF_03,1981-06-14,Lutte ouvrière,FAR_LEFT,train,0.9904388,False
EL134_L_1981_06_035_01_1_PF_03,1981-06-14,Parti communiste français,LEFT_PCF,train,0.9903118,False
EL194_L_1993_03_068_03_1_PF_03,1993-03-21,Rassemblement pour la République;Union pour la démocratie française,RIGHT_UPF,test,0.99030745,False
EL191_L_1993_03_038_02_1_PF_04,1993-03-21,Verts;Génération écologie,ECO,train,0.99026245,False
EL193_L_1993_03_059_07_1_PF_03,1993-03-21,Parti communiste français,LEFT_PCF,test,0.99022377,False
EL191_L_1993_03_031_01_1_PF_04,1993-03-21,Front national,FAR_RIGHT_FN,train,0.99022156,False
EL193_L_1993_03_060_03_1_PF_07,1993-03-21,Alliance pour l'écologie et la démocratie,ECO,train,0.9901963,False
EL134_L_1981_06_031_01_1_PF_02,1981-06-14,Ligue communiste révolutionnaire,FAR_LEFT,train,0.99015063,False
EL197_L_1993_03_091_07_2_PF_01,1993-03-28,Rassemblement pour la République;Union pour la démocratie française,RIGHT_UPF,train,0.99014056,False
EL194_L_1993_03_069_01_2_PF_01,1993-03-28,Front national,FAR_RIGHT_FN,train,0.99006647,False
EL137_L_1981_06_093_04_1_PF_02,1981-06-14,Ligue communiste révolutionnaire,FAR_LEFT,test,0.9900533,False
EL174_L_1988_06_009_01_1_PF_03,1988-06-05,Rassemblement pour la République;Union pour la démocratie française,RIGHT_URC,train,0.9899899,False
EL135_L_1981_06_038_07_1_PF_01,1981-06-14,Parti communiste français,LEFT_PCF,train,0.9899552,False
EL134_L_1981_06_008_03_1_PF_04,1981-06-14,Ligue communiste révolutionnaire,FAR_LEFT,train,0.9899282,False
EL191_L_1993_03_038_02_1_PF_08,1993-03-21,Front national,FAR_RIGHT_FN,train,0.98992693,False
EL176_L_1988_06_059_22_1_PF_01,1988-06-05,Parti communiste français,LEFT_PCF,train,0.9899088,False
EL135_L_1981_06_063_03_1_PF_02,1981-06-14,Parti communiste français,LEFT_PCF,train,0.9895888,False
EL137_L_1981_06_078_08_1_PF_02,1981-06-14,Ligue communiste révolutionnaire,FAR_LEFT,train,0.98957556,False
EL196_L_1993_03_078_05_1_PF_11,1993-03-21,Front national,FAR_RIGHT_FN,train,0.9895493,False
EL176_L_1988_06_059_10_1_PF_03,1988-06-05,Parti communiste français,LEFT_PCF,test,0.9894222,False
EL137_L_1981_06_092_01_1_PF_01,1981-06-14,Ligue communiste révolutionnaire,FAR_LEFT,train,0.98934495,False
EL189_L_1993_03_006_06_2_PF_01,1993-03-28,Front national,FAR_RIGHT_FN,train,0.9893402,False
EL194_L_1993_03_069_11_2_PF_01,1993-03-28,Front national,FAR_RIGHT_FN,train,0.9892082,False
EL177_L_1988_06_075_10_1_PF_02,1988-06-05,Mouvement des radicaux de gauche;Parti socialiste;Républicains de progrès,LEFT_PS,train,0.9890244,False
EL189_L_1993_03_001_04_2_PF_02,1993-03-28,Front national,FAR_RIGHT_FN,train,0.98901683,False
EL191_L_1993_03_042_03_2_PF_01,1993-03-28,Front national,FAR_RIGHT_FN,train,0.98900336,False
EL192_L_1993_03_044_05_1_PF_04,1993-03-21,Parti communiste français,LEFT_PCF,train,0.98898125,False
EL190_L_1993_03_029_03_1_PF_07,1993-03-21,Front national,FAR_RIGHT_FN,train,0.98895335,False
EL197_L_1993_03_084_02_1_PF_03,1993-03-21,Ecologie les Verts;Génération écologie,ECO,train,0.9889031,False
EL191_L_1993_03_037_05_1_PF_06,1993-03-21,Rassemblement pour la République,RIGHT_RPR,train,0.98883575,False
EL136_L_1981_06_067_02_1_PF_04,1981-06-14,Ecologie et survie mouvement d'écologie politique alsacien,ECO,train,0.9888232,False
EL191_L_1993_03_039_03_1_PF_01,1993-03-21,Lutte ouvrière,FAR_LEFT,train,0.98880315,False
EL177_L_1988_06_075_18_1_PF_03,1988-06-05,Mouvement des radicaux de gauche;Parti socialiste;Républicains de progrès,LEFT_PS,train,0.98876584,False
EL175_L_1988_06_044_06_1_PF_01,1988-06-05,Parti communiste français,LEFT_PCF,train,0.9886281,False
EL177_L_1988_06_075_08_1_PF_01,1988-06-05,Parti communiste français,LEFT_PCF,test,0.9886108,False
EL136_L_1981_06_075_11_1_PF_02,1981-06-14,Parti socialiste,LEFT_PS,test,0.9885898,False
EL191_L_1993_03_037_05_1_PF_05,1993-03-21,Verts;Génération écologie,ECO,test,0.98843986,False
EL134_L_1981_06_035_05_1_PF_03,1981-06-14,Parti communiste français,LEFT_PCF,train,0.9884119,False
EL189_L_1993_03_001_02_2_PF_02,1993-03-28,Front national,FAR_RIGHT_FN,test,0.9882795,False
EL192_L_1993_03_053_02_1_PF_06,1993-03-21,Front national,FAR_RIGHT_FN,test,0.9882431,False
EL194_L_1993_03_068_06_1_PF_07,1993-03-21,Parti communiste français,LEFT_PCF,train,0.98823154,False
EL190_L_1993_03_030_05_1_PF_06,1993-03-21,Rassemblement pour la République;Union pour la démocratie française,RIGHT_UPF,train,0.9880877,False
EL195_L_1993_03_075_09_1_PF_10,1993-03-21,Alliance pour l'écologie et la démocratie,ECO,train,0.9879859,False
EL196_L_1993_03_078_02_1_PF_04,1993-03-21,Génération écologie;Verts,ECO,train,0.9879344,False
EL176_L_1988_06_057_05_1_PF_03,1988-06-05,Front national,FAR_RIGHT_FN,test,0.98786455,False
EL196_L_1993_03_078_11_1_PF_05,1993-03-21,Parti socialiste,LEFT_PS,train,0.98779655,False
EL177_L_1988_06_095_02_1_PF_05,1988-06-05,Front national,FAR_RIGHT_FN,train,0.98773366,False
EL176_L_1988_06_068_02_1_PF_02,1988-06-05,Front national,FAR_RIGHT_FN,train,0.9876377,False
EL175_L_1988_06_035_04_1_PF_01,1988-06-05,Parti communiste français,LEFT_PCF,test,0.98759586,False
EL134_L_1981_06_006_03_1_PF_05,1981-06-14,Front national,FAR_RIGHT_FN,train,0.9875528,False
EL177_L_1988_06_075_15_1_PF_02,1988-06-05,Mouvement des radicaux de gauche;Parti socialiste;Républicains de progrès,LEFT_PS,train,0.98754966,False
EL191_L_1993_03_042_02_2_PF_02,1993-03-28,Front national,FAR_RIGHT_FN,train,0.9874946,False
EL193_L_1993_03_059_02_1_PF_01,1993-03-21,Verts;Génération écologie,ECO,train,0.9874249,False
EL135_L_1981_06_051_02_1_PF_01,1981-06-14,Parti socialiste unifié,LEFT_PS,train,0.9874083,False
EL190_L_1993_03_030_04_1_PF_01,1993-03-21,Ligue communiste révolutionnaire,FAR_LEFT,train,0.98738587,False
EL194_L_1993_03_069_14_2_PF_03,1993-03-28,Front national,FAR_RIGHT_FN,train,0.98730814,False
EL194_L_1993_03_064_01_1_PF_02,1993-03-21,Parti communiste français,LEFT_PCF,train,0.9872874,False
EL177_L_1988_06_094_08_2_PF_02,1988-06-12,Parti socialiste,LEFT_PS,train,0.9872399,False
EL197_L_1993_03_091_05_1_PF_04,1993-03-21,Génération écologie,ECO,train,0.9871672,False
EL191_L_1993_03_041_02_1_PF_06,1993-03-21,Nouveaux écologistes du rassemblement nature et animaux,ECO,train,0.9871252,False
EL190_L_1993_03_026_01_1_PF_03,1993-03-21,Rassemblement pour la République;Union pour la démocratie française,RIGHT_UPF,train,0.9870501,False
EL137_L_1981_06_094_05_1_PF_08,1981-06-14,Ligue communiste révolutionnaire,FAR_LEFT,train,0.9869853,False
EL136_L_1981_06_075_18_1_PF_05,1981-06-14,Parti communiste français,LEFT_PCF,test,0.9868667,False
EL193_L_1993_03_059_13_1_PF_06,1993-03-21,Ligue communiste révolutionnaire,FAR_LEFT,train,0.9868458,False
EL189_L_1993_03_013_11_1_PF_02,1993-03-21,Ecologie les Verts;Génération écologie,ECO,train,0.9868391,False
EL189_L_1993_03_006_04_1_PF_03,1993-03-21,Front national,FAR_RIGHT_FN,train,0.9867359,False
EL193_L_1993_03_059_09_1_PF_02,1993-03-21,Front national,FAR_RIGHT_FN,train,0.9864716,False
EL189_L_1993_03_006_05_1_PF_01,1993-03-21,Front national,FAR_RIGHT_FN,train,0.9864371,False
EL189_L_1993_03_007_02_1_PF_07,1993-03-21,Front national,FAR_RIGHT_FN,train,0.9864181,False
EL198_L_1993_03_093_03_1_PF_10,1993-03-21,Alliance pour l'écologie et la démocratie,ECO,train,0.9863543,False
EL136_L_1981_06_071_04_1_PF_03,1981-06-14,Parti communiste français,LEFT_PCF,train,0.9862928,False
EL191_L_1993_03_034_05_1_PF_08,1993-03-21,Front national,FAR_RIGHT_FN,train,0.98626554,False
EL136_L_1981_06_075_24_1_PF_05,1981-06-14,Lutte ouvrière,FAR_LEFT,train,0.9862648,False
EL193_L_1993_03_062_04_1_PF_06,1993-03-21,Verts;Génération écologie,ECO,test,0.9861965,False
EL176_L_1988_06_057_08_1_PF_03,1988-06-05,Front national,FAR_RIGHT_FN,test,0.9861923,False
EL197_L_1993_03_091_09_1_PF_04,1993-03-21,Ecologie les Verts;Génération écologie,ECO,train,0.98613006,False
EL193_L_1993_03_061_03_1_PF_04,1993-03-21,Front national,FAR_RIGHT_FN,test,0.9860957,False
EL195_L_1993_03_075_21_1_PF_04,1993-03-21,Alliance pour l'écologie et la démocratie,ECO,train,0.98606837,False
EL195_L_1993_03_072_01_1_PF_02,1993-03-21,Mouvement de la gauche progressiste;Solidarité écologie gauche alternative,ECO,train,0.98605615,False
EL136_L_1981_06_075_12_1_PF_03,1981-06-14,Lutte ouvrière,FAR_LEFT,test,0.9860382,False
EL189_L_1993_03_002_03_1_PF_03,1993-03-21,Verts;Génération écologie,ECO,test,0.98601943,False
EL176_L_1988_06_059_03_1_PF_04,1988-06-05,Parti communiste français,LEFT_PCF,train,0.9858916,False
EL198_L_1993_03_094_01_1_PF_08,1993-03-21,Alliance pour l'écologie et la démocratie,ECO,test,0.9858458,False
EL177_L_1988_06_091_05_1_PF_05,1988-06-05,Front national,FAR_RIGHT_FN,test,0.9858341,False
EL196_L_1993_03_078_09_1_PF_04,1993-03-21,Parti socialiste,LEFT_PS,train,0.9858251,False
EL176_L_1988_06_068_04_1_PF_03,1988-06-05,Front national,FAR_RIGHT_FN,test,0.9857734,False
EL191_L_1993_03_038_03_1_PF_02,1993-03-21,Ligue communiste révolutionnaire,FAR_LEFT,train,0.9856207,False
EL137_L_1981_06_092_10_1_PF_04,1981-06-14,Parti socialiste unifié,LEFT_PS,train,0.9856062,False
EL191_L_1993_03_042_06_1_PF_05,1993-03-21,Front national,FAR_RIGHT_FN,train,0.9855907,False
EL134_L_1981_06_017_02_1_PF_02,1981-06-14,Parti communiste français,LEFT_PCF,train,0.98556674,False
EL192_L_1993_03_056_06_1_PF_01,1993-03-21,Front national,FAR_RIGHT_FN,train,0.9855648,False
EL196_L_1993_03_081_01_1_PF_03,1993-03-21,Ligue communiste révolutionnaire,FAR_LEFT,train,0.98545945,False
EL198_L_1993_03_092_12_1_PF_03,1993-03-21,Parti socialiste;Mouvement des radicaux de gauche,LEFT_PS,train,0.9854433,False
EL136_L_1981_06_075_05_1_PF_03,1981-06-14,Parti communiste français,LEFT_PCF,train,0.985407,False
EL193_L_1993_03_063_01_1_PF_01,1993-03-21,Ligue communiste révolutionnaire,FAR_LEFT,train,0.9853508,False
EL190_L_1993_03_022_02_1_PF_03,1993-03-21,Verts;Génération écologie,ECO,test,0.98528785,False
EL196_L_1993_03_078_09_1_PF_09,1993-03-21,Génération écologie;Verts,ECO,train,0.9852807,False
EL195_L_1993_03_075_06_1_PF_02,1993-03-21,Verts;Génération écologie,ECO,train,0.9852677,False
EL193_L_1993_03_059_12_1_PF_07,1993-03-21,Parti communiste français,LEFT_PCF,train,0.98517364,False
EL136_L_1981_06_075_23_1_PF_03,1981-06-14,Parti communiste français,LEFT_PCF,test,0.985109,False
EL194_L_1993_03_066_03_1_PF_03,1993-03-21,Génération écologie;Verts,ECO,test,0.98509127,False
EL137_L_1981_06_092_01_1_PF_05,1981-06-14,Parti socialiste unifié,LEFT_PS,train,0.9850362,False
EL137_L_1981_06_092_02_1_PF_05,1981-06-14,Parti socialiste unifié,LEFT_PS,train,0.9849956,False
EL197_L_1993_03_091_01_1_PF_09,1993-03-21,Ligue communiste révolutionnaire,FAR_LEFT,train,0.9848646,False
EL195_L_1993_03_075_18_1_PF_09,1993-03-21,Verts;Génération écologie,ECO,test,0.98481524,False
EL135_L_1981_06_049_04_1_PF_01,1981-06-14,Parti communiste français,LEFT_PCF,test,0.9848101,False
EL196_L_1993_03_078_06_1_PF_04,1993-03-21,Parti socialiste,LEFT_PS,test,0.98478234,False
EL175_L_1988_06_046_02_1_PF_04,1988-06-05,Front national,FAR_RIGHT_FN,train,0.9846478,False
EL197_L_1993_03_091_07_1_PF_02,1993-03-21,Rassemblement pour la République;Union pour la démocratie française,RIGHT_UPF,train,0.98462194,False
EL137_L_1981_06_094_05_1_PF_05,1981-06-14,Parti socialiste unifié,LEFT_PS,test,0.98460746,False
EL193_L_1993_03_059_15_1_PF_03,1993-03-21,Front national,FAR_RIGHT_FN,test,0.98456734,False
EL198_L_1993_03_093_11_1_PF_03,1993-03-21,Verts;Génération écologie,ECO,test,0.9844073,False
EL137_L_1981_06_092_07_1_PF_07,1981-06-14,Parti socialiste unifié,LEFT_PS,test,0.9843856,False
EL196_L_1993_03_079_04_1_PF_06,1993-03-21,Front national,FAR_RIGHT_FN,train,0.984289,False
EL177_L_1988_06_095_03_1_PF_04,1988-06-05,Front national,FAR_RIGHT_FN,train,0.98427445,False
EL177_L_1988_06_095_05_1_PF_02,1988-06-05,Front national,FAR_RIGHT_FN,train,0.98427445,False
EL134_L_1981_06_022_01_1_PF_01,1981-06-14,Parti communiste français,LEFT_PCF,train,0.9842443,False
EL137_L_1981_06_092_08_1_PF_06,1981-06-14,Parti socialiste unifié,LEFT_PS,test,0.9841984,False
EL137_L_1981_06_092_09_1_PF_05,1981-06-14,Parti socialiste unifié,LEFT_PS,train,0.9841984,False
EL137_L_1981_06_092_11_1_PF_04,1981-06-14,Parti socialiste unifié,LEFT_PS,train,0.9841984,False
EL137_L_1981_06_092_06_1_PF_01,1981-06-14,Parti socialiste unifié,LEFT_PS,train,0.9841984,False
EL137_L_1981_06_092_05_1_PF_03,1981-06-14,Parti socialiste unifié,LEFT_PS,train,0.9841984,False
EL192_L_1993_03_054_04_1_PF_08,1993-03-21,Front national,FAR_RIGHT_FN,train,0.9841851,False
EL176_L_1988_06_059_14_1_PF_01,1988-06-05,Parti communiste français,LEFT_PCF,train,0.9841701,False
EL194_L_1993_03_069_11_1_PF_06,1993-03-21,Union pour la démocratie française;Rassemblement pour la République,RIGHT_UPF,train,0.9841692,False
EL192_L_1993_03_056_02_1_PF_01,1993-03-21,Front national,FAR_RIGHT_FN,test,0.98414904,False
EL134_L_1981_06_025_02_1_PF_02,1981-06-14,Ligue communiste révolutionnaire,FAR_LEFT,train,0.9840093,False
EL192_L_1993_03_053_01_1_PF_05,1993-03-21,Front national,FAR_RIGHT_FN,train,0.9839916,False
EL193_L_1993_03_059_03_1_PF_02,1993-03-21,Parti communiste français,LEFT_PCF,train,0.9839574,False
EL193_L_1993_03_059_02_1_PF_02,1993-03-21,Parti communiste français,LEFT_PCF,train,0.98395735,False
EL198_L_1993_03_093_09_1_PF_03,1993-03-21,Verts;Génération écologie,ECO,test,0.9839396,False
EL134_L_1981_06_033_06_1_PF_05,1981-06-14,Parti communiste français,LEFT_PCF,train,0.98381054,False
EL198_L_1993_03_094_02_1_PF_08,1993-03-21,Alliance pour l'écologie et la démocratie,ECO,train,0.9835857,False
EL191_L_1993_03_040_01_1_PF_01,1993-03-21,Parti communiste français,LEFT_PCF,train,0.98358065,False
EL198_L_1993_03_094_04_1_PF_05,1993-03-21,Verts;Génération écologie,ECO,train,0.98339653,False
EL175_L_1988_06_042_01_1_PF_01,1988-06-05,Front national,FAR_RIGHT_FN,train,0.98333615,False
EL136_L_1981_06_075_19_1_PF_05,1981-06-14,Parti communiste français,LEFT_PCF,test,0.98332804,False
EL193_L_1993_03_059_08_1_PF_05,1993-03-21,Verts;Génération écologie,ECO,test,0.98332036,False
EL189_L_1993_03_004_02_1_PF_04,1993-03-21,Front national,FAR_RIGHT_FN,train,0.983309,False
EL136_L_1981_06_075_22_1_PF_06,1981-06-14,Parti communiste français,LEFT_PCF,train,0.98324364,False
EL191_L_1993_03_033_06_1_PF_10,1993-03-21,Nouveaux écologistes du rassemblement nature et animaux;Union nationale écologiste;Parti pour la défense des animaux;Mouvement universaliste,ECO,train,0.9832251,False
EL136_L_1981_06_068_05_1_PF_04,1981-06-14,Ecologie et survie mouvement d'écologie politique alsacien,ECO,train,0.98322225,False
EL190_L_1993_03_030_01_1_PF_08,1993-03-21,Verts;Génération écologie,ECO,train,0.9829953,False
EL196_L_1993_03_081_04_1_PF_05,1993-03-21,Front national,FAR_RIGHT_FN,train,0.98289627,False
EL176_L_1988_06_069_11_1_PF_05,1988-06-05,Parti socialiste,LEFT_PS,train,0.98289204,False
EL176_L_1988_06_067_09_1_PF_04,1988-06-05,Front national,FAR_RIGHT_FN,test,0.9828506,False
EL136_L_1981_06_075_01_1_PF_01,1981-06-14,Parti communiste français,LEFT_PCF,test,0.9828346,False
EL192_L_1993_03_047_03_1_PF_06,1993-03-21,Ligue communiste révolutionnaire,FAR_LEFT,train,0.9828339,False
EL136_L_1981_06_067_05_1_PF_03,1981-06-14,Ecologie et survie mouvement d'écologie politique alsacien,ECO,train,0.9827872,False
EL135_L_1981_06_051_03_1_PF_01,1981-06-14,Parti socialiste unifié,LEFT_PS,train,0.9825915,False
EL177_L_1988_06_075_13_1_PF_02,1988-06-05,Mouvement des radicaux de gauche;Parti socialiste;Républicains de progrès,LEFT_PS,train,0.9821786,False
EL191_L_1993_03_037_03_1_PF_05,1993-03-21,Rassemblement pour la République,RIGHT_RPR,test,0.98201424,False
EL195_L_1993_03_072_02_1_PF_02,1993-03-21,Lutte ouvrière,FAR_LEFT,train,0.98200047,False
EL175_L_1988_06_048_01_1_PF_05,1988-06-05,Front national,FAR_RIGHT_FN,train,0.98198944,False
EL193_L_1993_03_061_01_1_PF_05,1993-03-21,Parti communiste français,LEFT_PCF,train,0.9819415,False
EL177_L_1988_06_075_13_1_PF_01,1988-06-05,Parti communiste français,LEFT_PCF,train,0.9818716,False
EL191_L_1993_03_035_01_1_PF_10,1993-03-21,Nouveaux écologistes du rassemblement nature et animaux,ECO,train,0.98184067,False
EL192_L_1993_03_044_08_1_PF_10,1993-03-21,Nouveaux écologistes du rassemblement nature et animaux;Union nationale écologiste;Parti pour la défense des animaux;Mouvement universaliste,ECO,train,0.98184067,False
EL197_L_1993_03_089_03_1_PF_07,1993-03-21,Nouveaux écologistes du rassemblement nature et animaux,ECO,train,0.98184067,False
EL194_L_1993_03_069_09_1_PF_10,1993-03-21,Nouveaux écologistes du rassemblement nature et animaux,ECO,train,0.98184067,False
EL190_L_1993_03_030_02_1_PF_11,1993-03-21,Nouveaux écologistes du rassemblement nature et animaux,ECO,test,0.98184067,False
EL137_L_1981_06_092_04_1_PF_07,1981-06-14,Parti socialiste unifié,LEFT_PS,train,0.9817571,False
EL136_L_1981_06_075_03_1_PF_05,1981-06-14,Parti socialiste,LEFT_PS,train,0.9817095,False
EL137_L_1981_06_076_01_1_PF_03,1981-06-14,Parti communiste français,LEFT_PCF,train,0.9815727,False
EL198_L_1993_03_092_11_1_PF_05,1993-03-21,Verts;Génération écologie,ECO,train,0.98157036,False
EL134_L_1981_06_033_01_1_PF_07,1981-06-14,Front national,FAR_RIGHT_FN,train,0.9813873,False
EL192_L_1993_03_052_01_1_PF_02,1993-03-21,Front national,FAR_RIGHT_FN,train,0.98138005,False
EL176_L_1988_06_060_01_1_PF_01,1988-06-05,Parti communiste français,LEFT_PCF,train,0.98137826,False
EL195_L_1993_03_073_03_1_PF_05,1993-03-21,Verts;Génération écologie,ECO,train,0.98122257,False
EL135_L_1981_06_063_01_1_PF_02,1981-06-14,Ligue communiste révolutionnaire,FAR_LEFT,train,0.9811747,False
EL134_L_1981_06_008_02_1_PF_04,1981-06-14,Lutte ouvrière,FAR_LEFT,train,0.9810695,False
EL137_L_1981_06_094_01_1_PF_03,1981-06-14,Parti socialiste unifié,LEFT_PS,train,0.98102677,False
EL177_L_1988_06_078_08_1_PF_03,1988-06-05,Front national,FAR_RIGHT_FN,train,0.9809177,False
EL197_L_1993_03_085_04_1_PF_04,1993-03-21,Ecologie les Verts;Génération écologie,ECO,train,0.9807711,False
EL192_L_1993_03_044_03_1_PF_04,1993-03-21,Parti socialiste,LEFT_PS,train,0.9807364,False
EL177_L_1988_06_075_17_1_PF_02,1988-06-05,Mouvement des radicaux de gauche;Parti socialiste;Républicains de progrès,LEFT_PS,train,0.9806788,False
EL197_L_1993_03_085_05_1_PF_03,1993-03-21,Front national,FAR_RIGHT_FN,train,0.98058796,False
EL135_L_1981_06_038_05_1_PF_01,1981-06-14,Lutte ouvrière,FAR_LEFT,train,0.9805617,False
EL196_L_1993_03_076_12_1_PF_02,1993-03-21,Rassemblement pour la République;Union pour la démocratie française,RIGHT_UPF,train,0.9805017,False
EL194_L_1993_03_067_01_1_PF_06,1993-03-21,Ligue communiste révolutionnaire,FAR_LEFT,train,0.9804836,False
EL134_L_1981_06_021_04_1_PF_05,1981-06-14,Parti communiste français,LEFT_PCF,train,0.98033494,False
EL176_L_1988_06_074_01_1_PF_02,1988-06-05,Parti communiste français,LEFT_PCF,test,0.9800069,False
EL191_L_1993_03_035_01_1_PF_02,1993-03-21,Ligue communiste révolutionnaire,FAR_LEFT,train,0.9800004,False
EL193_L_1993_03_059_18_1_PF_06,1993-03-21,Nouveaux écologistes du rassemblement nature et animaux,ECO,train,0.97996837,False
EL193_L_1993_03_059_06_1_PF_08,1993-03-21,Nouveaux écologistes du rassemblement nature et animaux,ECO,train,0.97996837,False
EL191_L_1993_03_033_09_1_PF_01,1993-03-21,Union pour la démocratie française;Rassemblement pour la République,RIGHT_UPF,train,0.9799437,False
EL177_L_1988_06_077_05_1_PF_03,1988-06-05,Parti communiste français,LEFT_PCF,train,0.9797172,False
EL176_L_1988_06_069_07_1_PF_05,1988-06-05,Parti socialiste,LEFT_PS,train,0.9794845,False
EL137_L_1981_06_093_02_1_PF_02,1981-06-14,Ligue communiste révolutionnaire,FAR_LEFT,train,0.9794021,False
EL177_L_1988_06_077_09_1_PF_04,1988-06-05,Parti communiste français,LEFT_PCF,train,0.9792782,False
EL176_L_1988_06_057_07_1_PF_01,1988-06-05,Front national,FAR_RIGHT_FN,train,0.97921014,False
EL198_L_1993_03_094_07_1_PF_05,1993-03-21,Verts;Génération écologie,ECO,train,0.9791862,False
EL197_L_1993_03_085_02_1_PF_06,1993-03-21,Nouveaux écologistes du rassemblement nature et animaux,ECO,train,0.97916985,False
EL196_L_1993_03_079_03_1_PF_06,1993-03-21,Nouveaux écologistes du rassemblement nature et animaux,ECO,test,0.97916985,False
EL194_L_1993_03_068_02_1_PF_09,1993-03-21,Nouveaux écologistes du rassemblement nature et animaux,ECO,train,0.97916985,False
EL192_L_1993_03_050_04_1_PF_07,1993-03-21,Nouveaux écologistes du rassemblement nature et animaux;Union nationale écologiste;Parti pour la défense des animaux;Mouvement universaliste,ECO,train,0.97916985,False
EL176_L_1988_06_059_06_1_PF_06,1988-06-05,Parti communiste français,LEFT_PCF,train,0.97900456,False
EL177_L_1988_06_094_08_1_PF_02,1988-06-05,Parti communiste français,LEFT_PCF,train,0.9785844,False
EL174_L_1988_06_014_06_1_PF_05,1988-06-05,Front national,FAR_RIGHT_FN,train,0.97852063,False
EL190_L_1993_03_022_01_1_PF_04,1993-03-21,Front national,FAR_RIGHT_FN,train,0.97835547,False
EL190_L_1993_03_030_03_1_PF_05,1993-03-21,Rassemblement pour la République,RIGHT_RPR,train,0.97834015,False
EL191_L_1993_03_040_02_1_PF_02,1993-03-21,Parti communiste français,LEFT_PCF,train,0.978138,False
EL189_L_1993_03_011_03_1_PF_09,1993-03-21,Nouveaux écologistes du rassemblement nature et animaux,ECO,train,0.9779922,False
EL193_L_1993_03_059_10_1_PF_07,1993-03-21,Nouveaux écologistes du rassemblement nature et animaux,ECO,train,0.9779922,False
EL197_L_1993_03_087_03_1_PF_08,1993-03-21,Nouveaux écologistes du rassemblement nature et animaux,ECO,train,0.9779922,False
EL195_L_1993_03_075_10_1_PF_11,1993-03-21,Nouveaux écologistes du rassemblement nature et animaux,ECO,train,0.9779922,False
EL196_L_1993_03_081_01_1_PF_09,1993-03-21,Nouveaux écologistes du rassemblement nature et animaux,ECO,train,0.9779922,False
EL198_L_1993_03_095_05_1_PF_02,1993-03-21,Rassemblement pour la République;Union pour la démocratie française,RIGHT_UPF,train,0.9778456,False
EL194_L_1993_03_069_11_1_PF_05,1993-03-21,Génération écologie;Verts,ECO,train,0.97782075,False
EL195_L_1993_03_072_03_1_PF_02,1993-03-21,Front national,FAR_RIGHT_FN,test,0.9777013,False
EL198_L_1993_03_093_04_1_PF_04,1993-03-21,Verts;Génération écologie,ECO,train,0.9775244,False
EL176_L_1988_06_057_06_1_PF_04,1988-06-05,Front national,FAR_RIGHT_FN,train,0.9774259,False
EL134_L_1981_06_033_04_1_PF_05,1981-06-14,Parti communiste français,LEFT_PCF,train,0.97719395,False
EL137_L_1981_06_078_03_1_PF_02,1981-06-14,Parti communiste français,LEFT_PCF,train,0.9770067,False
EL193_L_1993_03_059_16_1_PF_06,1993-03-21,Verts;Génération écologie,ECO,test,0.9769862,False
EL192_L_1993_03_047_03_1_PF_05,1993-03-21,Verts;Génération écologie,ECO,train,0.9767087,False
EL175_L_1988_06_049_03_1_PF_02,1988-06-05,Parti socialiste,LEFT_PS,train,0.9766801,False
EL194_L_1993_03_064_05_1_PF_02,1993-03-21,Parti communiste français,LEFT_PCF,train,0.9766476,False
EL194_L_1993_03_069_07_1_PF_05,1993-03-21,Génération écologie;Verts,ECO,train,0.97656596,False
EL194_L_1993_03_069_04_1_PF_05,1993-03-21,Génération écologie;Verts,ECO,test,0.9764803,False
EL190_L_1993_03_029_06_1_PF_05,1993-03-21,Front national,FAR_RIGHT_FN,train,0.9764493,False
EL136_L_1981_06_075_21_1_PF_06,1981-06-14,Parti communiste français,LEFT_PCF,train,0.97637427,False
EL197_L_1993_03_089_03_1_PF_01,1993-03-21,Ecologie les Verts;Génération écologie,ECO,test,0.9762956,False
EL195_L_1993_03_073_03_1_PF_03,1993-03-21,Front national,FAR_RIGHT_FN,train,0.9762178,False
EL192_L_1993_03_048_02_1_PF_05,1993-03-21,Front national,FAR_RIGHT_FN,train,0.97603977,False
EL134_L_1981_06_014_01_1_PF_01,1981-06-14,Ligue communiste révolutionnaire,FAR_LEFT,train,0.9758473,False
EL177_L_1988_06_095_06_1_PF_05,1988-06-05,Front national,FAR_RIGHT_FN,train,0.9758016,False
EL177_L_1988_06_087_01_1_PF_01,1988-06-05,Parti communiste français,LEFT_PCF,train,0.97573316,False
EL137_L_1981_06_092_09_1_PF_02,1981-06-14,Parti communiste français,LEFT_PCF,test,0.97564775,False
EL136_L_1981_06_075_30_1_PF_04,1981-06-14,Lutte ouvrière,FAR_LEFT,train,0.975402,False
EL177_L_1988_06_075_10_1_PF_05,1988-06-05,Front national,FAR_RIGHT_FN,train,0.9749775,False
EL193_L_1993_03_061_01_1_PF_04,1993-03-21,Front national,FAR_RIGHT_FN,train,0.9749667,False
EL135_L_1981_06_040_03_1_PF_04,1981-06-14,Parti communiste français,LEFT_PCF,train,0.9746905,False
EL191_L_1993_03_042_03_1_PF_01,1993-03-21,Front national,FAR_RIGHT_FN,train,0.974372,False
EL175_L_1988_06_049_06_1_PF_04,1988-06-05,Parti socialiste,LEFT_PS,test,0.9739971,False
EL137_L_1981_06_084_01_1_PF_01,1981-06-14,Parti communiste français,LEFT_PCF,test,0.97393876,False
EL137_L_1981_06_092_11_1_PF_03,1981-06-14,Lutte ouvrière,FAR_LEFT,test,0.9736979,False
EL137_L_1981_06_078_07_1_PF_01,1981-06-14,Lutte ouvrière,FAR_LEFT,train,0.97364753,False
EL191_L_1993_03_040_03_1_PF_01,1993-03-21,Parti communiste français,LEFT_PCF,train,0.9734795,False
EL134_L_1981_06_014_04_1_PF_01,1981-06-14,Parti communiste français,LEFT_PCF,train,0.9730164,False
EL174_L_1988_06_024_02_1_PF_03,1988-06-05,Parti communiste français,LEFT_PCF,test,0.9725292,False
EL192_L_1993_03_048_01_1_PF_06,1993-03-21,Front national,FAR_RIGHT_FN,train,0.9724054,False
EL176_L_1988_06_069_08_1_PF_02,1988-06-05,Front national,FAR_RIGHT_FN,train,0.97213554,False
EL175_L_1988_06_048_02_1_PF_04,1988-06-05,Front national,FAR_RIGHT_FN,train,0.97155213,False
EL134_L_1981_06_021_01_1_PF_02,1981-06-14,Lutte ouvrière,FAR_LEFT,test,0.9715406,False
EL193_L_1993_03_061_03_1_PF_06,1993-03-21,Parti communiste français,LEFT_PCF,train,0.97137135,False
EL189_L_1993_03_006_05_2_PF_01,1993-03-28,Front national,FAR_RIGHT_FN,train,0.97132224,False
EL175_L_1988_06_035_05_1_PF_01,1988-06-05,Parti communiste français,LEFT_PCF,train,0.97129905,False
EL174_L_1988_06_013_11_1_PF_01,1988-06-05,Parti communiste français,LEFT_PCF,test,0.97116715,False
EL198_L_1993_03_093_08_1_PF_07,1993-03-21,Verts;Génération écologie;Gauche socialiste;Alternative rouge et verte;Alternative démocratie socialisme;Ligue communiste révolutionnaire;Refondations;Unir et agir pour Gagny,LEFT_PS,test,0.9711069,False
EL137_L_1981_06_092_11_1_PF_01,1981-06-14,Parti communiste français,LEFT_PCF,train,0.9708661,False
EL135_L_1981_06_047_02_1_PF_02,1981-06-14,Parti communiste français,LEFT_PCF,train,0.9707823,False
EL177_L_1988_06_087_01_1_PF_04,1988-06-05,Front national,FAR_RIGHT_FN,train,0.9707128,False
EL196_L_1993_03_077_01_1_PF_01,1993-03-21,Génération écologie;Verts,ECO,train,0.970676,False
EL137_L_1981_06_087_01_1_PF_01,1981-06-14,Lutte ouvrière,FAR_LEFT,test,0.97031707,False
EL175_L_1988_06_049_04_1_PF_02,1988-06-05,Parti socialiste,LEFT_PS,train,0.97017306,False
EL198_L_1993_03_093_07_1_PF_01,1993-03-21,Verts;Génération écologie,ECO,test,0.9701691,False
EL198_L_1993_03_095_04_1_PF_13,1993-03-21,Nouveaux écologistes du rassemblement nature et animaux,ECO,test,0.9698044,False
EL193_L_1993_03_059_08_1_PF_07,1993-03-21,Nouveaux écologistes du rassemblement nature et animaux,ECO,test,0.9698044,False
EL189_L_1993_03_013_02_1_PF_04,1993-03-21,Ecologie les Verts;Génération écologie,ECO,test,0.9697019,False
EL189_L_1993_03_006_01_2_PF_02,1993-03-28,Front national,FAR_RIGHT_FN,train,0.9696168,False
EL135_L_1981_06_054_04_1_PF_01,1981-06-14,Lutte ouvrière,FAR_LEFT,train,0.9686839,False
EL137_L_1981_06_091_04_1_PF_02,1981-06-14,Lutte ouvrière,FAR_LEFT,train,0.9686839,False
EL195_L_1993_03_075_14_1_PF_11,1993-03-21,Nouveaux écologistes du rassemblement nature et animaux,ECO,train,0.96861756,False
EL197_L_1993_03_091_03_1_PF_09,1993-03-21,Nouveaux écologistes du rassemblement nature et animaux,ECO,test,0.96861756,False
EL192_L_1993_03_054_07_1_PF_10,1993-03-21,Nouveaux écologistes du rassemblement nature et animaux,ECO,test,0.96861756,False
EL175_L_1988_06_046_01_1_PF_05,1988-06-05,Front national,FAR_RIGHT_FN,train,0.9684807,False
EL177_L_1988_06_080_03_1_PF_04,1988-06-05,Front national,FAR_RIGHT_FN,train,0.9681548,False
EL190_L_1993_03_025_02_1_PF_01,1993-03-21,Lutte ouvrière,FAR_LEFT,train,0.9679242,False
EL137_L_1981_06_092_10_1_PF_03,1981-06-14,Lutte ouvrière,FAR_LEFT,train,0.9678478,False
EL134_L_1981_06_003_01_1_PF_02,1981-06-14,Parti communiste français,LEFT_PCF,train,0.9676803,False
EL195_L_1993_03_072_03_1_PF_01,1993-03-21,Verts;Génération écologie,ECO,train,0.9676727,False
EL176_L_1988_06_069_14_1_PF_02,1988-06-05,Front national,FAR_RIGHT_FN,train,0.96652514,False
EL189_L_1993_03_006_04_2_PF_02,1993-03-28,Front national,FAR_RIGHT_FN,train,0.96640694,False
EL198_L_1993_03_095_05_1_PF_03,1993-03-21,Lutte ouvrière,FAR_LEFT,test,0.9650905,False
EL194_L_1993_03_067_06_1_PF_06,1993-03-21,Nouveaux écologistes du rassemblement nature et animaux,ECO,test,0.9641534,False
EL190_L_1993_03_019_02_1_PF_07,1993-03-21,Nouveaux écologistes du rassemblement nature et animaux,ECO,test,0.9641534,False
EL192_L_1993_03_051_02_1_PF_10,1993-03-21,Nouveaux écologistes du rassemblement nature et animaux;Union nationale écologiste;Parti pour la défense des animaux;Mouvement universaliste,ECO,train,0.9641534,False
EL198_L_1993_03_094_02_1_PF_11,1993-03-21,Nouveaux écologistes du rassemblement nature et animaux,ECO,train,0.9641534,False
EL195_L_1993_03_072_03_1_PF_07,1993-03-21,Nouveaux écologistes du rassemblement nature et animaux,ECO,train,0.9641534,False
EL193_L_1993_03_063_02_1_PF_09,1993-03-21,Nouveaux écologistes du rassemblement nature et animaux,ECO,test,0.9641534,False
EL191_L_1993_03_035_02_1_PF_10,1993-03-21,Nouveaux écologistes du rassemblement nature et animaux,ECO,train,0.9641534,False
EL137_L_1981_06_078_02_1_PF_06,1981-06-14,Front national,FAR_RIGHT_FN,test,0.9640637,False
EL136_L_1981_06_075_30_1_PF_03,1981-06-14,Front national,FAR_RIGHT_FN,train,0.96402866,False
EL136_L_1981_06_075_04_1_PF_03,1981-06-14,Front national,FAR_RIGHT_FN,train,0.96402866,False
EL136_L_1981_06_075_09_1_PF_02,1981-06-14,Front national,FAR_RIGHT_FN,train,0.96402866,False
EL136_L_1981_06_075_06_1_PF_03,1981-06-14,Front national,FAR_RIGHT_FN,train,0.96402866,False
EL136_L_1981_06_075_27_1_PF_01,1981-06-14,Front national,FAR_RIGHT_FN,test,0.96402866,False
EL175_L_1988_06_051_06_1_PF_05,1988-06-05,Front national,FAR_RIGHT_FN,train,0.9633704,False
EL193_L_1993_03_061_02_1_PF_04,1993-03-21,Parti communiste français,LEFT_PCF,train,0.96286976,False
EL137_L_1981_06_093_09_1_PF_01,1981-06-14,Lutte ouvrière,FAR_LEFT,train,0.9627478,False
EL194_L_1993_03_069_12_1_PF_05,1993-03-21,Front national,FAR_RIGHT_FN,test,0.9626633,False
EL177_L_1988_06_087_04_1_PF_02,1988-06-05,Parti communiste français,LEFT_PCF,train,0.96226335,False
EL175_L_1988_06_044_01_1_PF_02,1988-06-05,Parti communiste français,LEFT_PCF,train,0.96180004,False
EL177_L_1988_06_095_01_1_PF_04,1988-06-05,Front national,FAR_RIGHT_FN,train,0.9611469,False
EL177_L_1988_06_086_04_1_PF_03,1988-06-05,Front national,FAR_RIGHT_FN,train,0.9611469,False
EL189_L_1993_03_001_01_1_PF_01,1993-03-21,Front national,FAR_RIGHT_FN,test,0.9601714,False
EL189_L_1993_03_001_03_1_PF_01,1993-03-21,Front national,FAR_RIGHT_FN,train,0.95986557,False
EL193_L_1993_03_059_14_1_PF_06,1993-03-21,Front national,FAR_RIGHT_FN,train,0.9587892,False
EL190_L_1993_03_026_01_1_PF_06,1993-03-21,Front national,FAR_RIGHT_FN,train,0.95820564,False
EL190_L_1993_03_029_04_1_PF_06,1993-03-21,Front national,FAR_RIGHT_FN,train,0.9565043,False
EL176_L_1988_06_074_04_1_PF_05,1988-06-05,Parti communiste français,LEFT_PCF,train,0.95580316,False
EL191_L_1993_03_035_02_1_PF_01,1993-03-21,Lutte ouvrière,FAR_LEFT,test,0.9539293,False
EL135_L_1981_06_038_05_1_PF_04,1981-06-14,Parti socialiste,LEFT_PS,train,0.9525562,False
EL177_L_1988_06_080_04_1_PF_03,1988-06-05,Front national,FAR_RIGHT_FN,train,0.95129067,False
EL195_L_1993_03_071_05_1_PF_01,1993-03-21,Lutte ouvrière,FAR_LEFT,train,0.95084435,False
EL189_L_1993_03_013_04_1_PF_01,1993-03-21,Lutte ouvrière,FAR_LEFT,train,0.94926095,False
EL189_L_1993_03_013_13_1_PF_01,1993-03-21,Lutte ouvrière,FAR_LEFT,train,0.94833684,False
EL194_L_1993_03_069_02_1_PF_01,1993-03-21,Lutte ouvrière,FAR_LEFT,train,0.94724125,False
EL176_L_1988_06_074_04_1_PF_04,1988-06-05,Front national,FAR_RIGHT_FN,test,0.9439153,False
